index,slack,datapath_delay,logic_levels,startpoint,endpoint
1,-0.904,2.887,6,bf_cycle_reg[3]/C,signal_reg_reg[110][21]/D
2,-0.884,2.867,6,bf_cycle_reg[3]/C,signal_reg_reg[121][17]/D
3,-0.878,2.860,5,bf_cycle_reg[3]/C,signal_reg_reg[63][21]/D
4,-0.853,2.835,6,bf_cycle_reg[3]/C,signal_reg_reg[98][21]/D
5,-0.850,2.833,6,bf_cycle_reg[3]/C,signal_reg_reg[4][17]/D
6,-0.847,2.828,6,bf_cycle_reg[3]/C,signal_reg_reg[9][17]/D
7,-0.846,2.827,5,vector_buf_b_reg[46][2]/C,operand_x_reg_reg[28][2]/D
8,-0.839,2.819,5,vector_buf_a_reg[21][10]/C,operand_x_reg_reg[75][10]/D
9,-0.837,2.819,6,bf_cycle_reg[3]/C,signal_reg_reg[50][17]/D
10,-0.836,2.818,6,bf_cycle_reg[3]/C,signal_reg_reg[122][21]/D
11,-0.824,2.806,6,bf_cycle_reg[3]/C,signal_reg_reg[69][14]/D
12,-0.812,2.795,6,bf_cycle_reg[3]/C,signal_reg_reg[115][18]/D
13,-0.810,2.792,5,vector_buf_b_reg[30][9]/C,operand_x_reg_reg[122][9]/D
14,-0.810,2.789,4,vector_buf_a_reg[28][12]/C,operand_x_reg_reg[76][12]/D
15,-0.810,2.791,4,vector_buf_a_reg[40][6]/C,operand_x_reg_reg[76][6]/D
16,-0.808,2.791,6,bf_cycle_reg[3]/C,signal_reg_reg[87][10]/D
17,-0.808,2.789,4,vector_buf_a_reg[58][7]/C,operand_x_reg_reg[76][7]/D
18,-0.802,2.784,6,bf_cycle_reg[3]/C,signal_reg_reg[73][17]/D
19,-0.801,2.783,6,bf_cycle_reg[3]/C,signal_reg_reg[73][19]/D
20,-0.800,2.783,6,bf_cycle_reg[3]/C,signal_reg_reg[95][15]/D
21,-0.799,2.780,6,bf_cycle_reg[3]/C,signal_reg_reg[119][13]/D
22,-0.799,2.781,6,bf_cycle_reg[3]/C,signal_reg_reg[115][13]/D
23,-0.798,2.781,6,bf_cycle_reg[3]/C,signal_reg_reg[114][21]/D
24,-0.797,2.780,5,bf_cycle_reg[3]/C,signal_reg_reg[109][13]/D
25,-0.793,2.774,6,bf_cycle_reg[3]/C,signal_reg_reg[122][18]/D
26,-0.783,2.766,6,bf_cycle_reg[3]/C,signal_reg_reg[87][13]/D
27,-0.782,2.763,5,vector_buf_a_reg[55][12]/C,operand_x_reg_reg[3][12]/D
28,-0.781,2.761,5,vector_buf_b_reg[35][0]/C,operand_x_reg_reg[28][0]/D
29,-0.781,2.763,5,bf_cycle_reg[3]/C,signal_reg_reg[53][21]/D
30,-0.779,2.760,7,operand_x_reg_reg[81][15]/C,lane_product_reg_reg[81][38]/D
31,-0.778,2.761,6,bf_cycle_reg[3]/C,signal_reg_reg[79][15]/D
32,-0.778,2.757,5,vector_buf_a_reg[39][3]/C,operand_x_reg_reg[117][3]/D
33,-0.777,2.760,6,bf_cycle_reg[3]/C,signal_reg_reg[79][10]/D
34,-0.777,2.757,4,vector_buf_a_reg[21][10]/C,operand_x_reg_reg[15][10]/D
35,-0.776,2.758,7,operand_x_reg_reg[96][10]/C,lane_product_reg_reg[96][35]/D
36,-0.775,2.758,6,bf_cycle_reg[3]/C,signal_reg_reg[111][12]/D
37,-0.771,2.751,5,vector_buf_a_reg[41][7]/C,operand_x_reg_reg[44][7]/D
38,-0.771,2.751,4,vector_buf_b_reg[36][5]/C,operand_x_reg_reg[76][5]/D
39,-0.770,2.749,4,vector_buf_a_reg[28][12]/C,operand_x_reg_reg[52][12]/D
40,-0.768,2.750,6,bf_cycle_reg[3]/C,signal_reg_reg[109][17]/D
41,-0.767,2.748,5,vector_buf_b_reg[2][11]/C,operand_x_reg_reg[95][11]/D
42,-0.766,2.748,6,bf_cycle_reg[3]/C,signal_reg_reg[123][19]/D
43,-0.764,2.746,4,vector_buf_b_reg[51][14]/C,operand_x_reg_reg[123][14]/D
44,-0.763,2.743,5,vector_buf_a_reg[59][2]/C,operand_x_reg_reg[117][2]/D
45,-0.762,2.743,7,operand_x_reg_reg[86][15]/C,lane_product_reg_reg[86][21]/D
46,-0.762,2.744,7,operand_x_reg_reg[49][1]/C,lane_product_reg_reg[49][22]/D
47,-0.762,2.744,5,vector_buf_a_reg[62][15]/C,operand_x_reg_reg[78][15]/D
48,-0.761,2.743,5,vector_buf_a_reg[33][15]/C,operand_x_reg_reg[123][15]/D
49,-0.761,2.743,5,vector_buf_a_reg[58][9]/C,operand_x_reg_reg[69][9]/D
50,-0.761,2.741,4,sched_src_reg_reg[29][5]_rep__3/C,operand_x_reg_reg[83][4]/D
51,-0.761,2.743,7,operand_x_reg_reg[47][15]/C,lane_product_reg_reg[47][15]/D
52,-0.760,2.742,5,vector_buf_a_reg[21][11]/C,operand_x_reg_reg[71][11]/D
53,-0.759,2.739,4,vector_buf_b_reg[16][5]/C,operand_x_reg_reg[124][5]/D
54,-0.759,2.739,5,vector_buf_a_reg[34][5]/C,operand_x_reg_reg[82][5]/D
55,-0.758,2.741,6,bf_cycle_reg[3]/C,signal_reg_reg[109][18]/D
56,-0.758,2.739,5,vector_buf_a_reg[40][0]/C,operand_x_reg_reg[17][0]/D
57,-0.758,2.741,6,bf_cycle_reg[3]/C,signal_reg_reg[123][15]/D
58,-0.757,2.738,4,vector_buf_a_reg[11][1]/C,operand_x_reg_reg[76][1]/D
59,-0.755,2.735,6,bf_cycle_reg[0]/C,signal_reg_reg[116][21]/D
60,-0.754,2.735,4,vector_buf_b_reg[17][11]/C,operand_x_reg_reg[123][11]/D
61,-0.754,2.737,6,bf_cycle_reg[3]/C,signal_reg_reg[79][19]/D
62,-0.753,2.733,5,vector_buf_a_reg[3][6]/C,operand_x_reg_reg[50][6]/D
63,-0.753,2.733,4,sched_src_reg_reg[16][1]_rep__15/C,operand_x_reg_reg[38][1]/D
64,-0.753,2.733,7,operand_x_reg_reg[100][15]/C,lane_product_reg_reg[100][22]/D
65,-0.752,2.735,6,bf_cycle_reg[3]/C,signal_reg_reg[89][20]/D
66,-0.752,2.733,4,sched_src_reg_reg[70][1]_rep__10/C,operand_x_reg_reg[108][11]/D
67,-0.751,2.732,5,vector_buf_a_reg[21][15]/C,operand_x_reg_reg[50][15]/D
68,-0.751,2.732,5,vector_buf_b_reg[4][8]/C,operand_x_reg_reg[71][8]/D
69,-0.750,2.730,5,vector_buf_b_reg[6][15]/C,operand_x_reg_reg[71][15]/D
70,-0.750,2.730,4,vector_buf_a_reg[22][8]/C,operand_x_reg_reg[76][8]/D
71,-0.749,2.729,5,vector_buf_a_reg[57][12]/C,operand_x_reg_reg[123][12]/D
72,-0.748,2.730,6,bf_cycle_reg[3]/C,signal_reg_reg[98][16]/D
73,-0.748,2.728,5,vector_buf_b_reg[18][0]/C,operand_x_reg_reg[75][0]/D
74,-0.747,2.729,6,bf_cycle_reg[3]/C,signal_reg_reg[121][19]/D
75,-0.747,2.728,7,operand_x_reg_reg[100][14]/C,lane_product_reg_reg[100][16]/D
76,-0.747,2.729,4,sched_src_reg_reg[24][1]_rep__25/C,operand_x_reg_reg[42][5]/D
77,-0.747,2.729,5,bf_cycle_reg[3]/C,signal_reg_reg[87][20]/D
78,-0.747,2.728,5,vector_buf_a_reg[15][10]/C,operand_x_reg_reg[17][10]/D
79,-0.747,2.729,6,bf_cycle_reg[3]/C,signal_reg_reg[71][17]/D
80,-0.746,2.729,6,bf_cycle_reg[3]/C,signal_reg_reg[50][19]/D
81,-0.746,2.727,5,vector_buf_a_reg[27][15]/C,operand_x_reg_reg[13][15]/D
82,-0.746,2.726,5,vector_buf_b_reg[33][8]/C,operand_x_reg_reg[44][8]/D
83,-0.745,2.726,7,operand_x_reg_reg[75][11]/C,lane_product_reg_reg[75][17]/D
84,-0.745,2.724,5,vector_buf_a_reg[13][8]/C,operand_x_reg_reg[9][8]/D
85,-0.745,2.725,5,vector_buf_b_reg[32][7]/C,operand_x_reg_reg[49][7]/D
86,-0.745,2.725,4,vector_buf_a_reg[54][1]/C,operand_x_reg_reg[52][1]/D
87,-0.743,2.726,5,vector_buf_b_reg[32][2]/C,operand_x_reg_reg[14][2]/D
88,-0.743,2.724,3,sched_src_reg_reg[24][1]_rep__17/C,operand_x_reg_reg[109][7]/D
89,-0.743,2.724,5,vector_buf_a_reg[47][3]/C,operand_x_reg_reg[71][3]/D
90,-0.742,2.724,6,bf_cycle_reg[3]/C,signal_reg_reg[87][18]/D
91,-0.741,2.723,5,vector_buf_a_reg[42][1]/C,operand_x_reg_reg[78][1]/D
92,-0.740,2.722,7,operand_x_reg_reg[49][1]/C,lane_product_reg_reg[49][6]/D
93,-0.740,2.720,5,vector_buf_a_reg[10][11]/C,operand_x_reg_reg[44][11]/D
94,-0.740,2.722,6,bf_cycle_reg[3]/C,signal_reg_reg[61][13]/D
95,-0.739,2.720,5,vector_buf_a_reg[7][13]/C,operand_x_reg_reg[7][13]/D
96,-0.739,2.721,7,operand_x_reg_reg[49][1]/C,lane_product_reg_reg[49][18]/D
97,-0.739,2.720,5,vector_buf_b_reg[19][15]/C,operand_x_reg_reg[14][15]/D
98,-0.739,2.719,5,vector_buf_b_reg[35][7]/C,operand_x_reg_reg[28][7]/D
99,-0.738,2.720,7,operand_x_reg_reg[72][9]/C,lane_product_reg_reg[72][9]/D
100,-0.738,2.719,4,vector_buf_a_reg[60][2]/C,operand_x_reg_reg[52][2]/D
101,-0.737,2.718,7,operand_x_reg_reg[45][9]/C,lane_product_reg_reg[45][13]/D
102,-0.737,2.719,7,operand_x_reg_reg[49][1]/C,lane_product_reg_reg[49][15]/D
103,-0.737,2.719,7,operand_x_reg_reg[90][9]/C,lane_product_reg_reg[90][18]/D
104,-0.737,2.719,5,vector_buf_a_reg[51][2]/C,operand_x_reg_reg[71][2]/D
105,-0.737,2.720,6,bf_cycle_reg[3]/C,signal_reg_reg[117][20]/D
106,-0.737,2.718,5,vector_buf_b_reg[45][10]/C,operand_x_reg_reg[50][10]/D
107,-0.737,2.718,4,vector_buf_b_reg[24][12]/C,operand_x_reg_reg[51][12]/D
108,-0.736,2.719,6,bf_cycle_reg[3]/C,signal_reg_reg[109][11]/D
109,-0.736,2.718,5,vector_buf_b_reg[14][11]/C,operand_x_reg_reg[50][11]/D
110,-0.736,2.717,6,bf_cycle_reg[3]/C,signal_reg_reg[87][16]/D
111,-0.736,2.715,5,vector_buf_b_reg[35][7]/C,operand_x_reg_reg[71][7]/D
112,-0.735,2.718,5,bf_cycle_reg[3]/C,signal_reg_reg[9][5]/D
113,-0.735,2.717,4,vector_buf_b_reg[32][2]/C,operand_x_reg_reg[108][2]/D
114,-0.735,2.717,5,vector_buf_b_reg[19][0]/C,operand_x_reg_reg[43][0]/D
115,-0.734,2.716,7,operand_x_reg_reg[59][12]/C,lane_product_reg_reg[59][14]/D
116,-0.734,2.714,5,vector_buf_a_reg[17][1]/C,operand_x_reg_reg[50][1]/D
117,-0.734,2.716,5,vector_buf_b_reg[4][5]/C,operand_x_reg_reg[46][5]/D
118,-0.734,2.717,6,bf_cycle_reg[3]/C,signal_reg_reg[77][8]/D
119,-0.733,2.715,7,operand_x_reg_reg[49][1]/C,lane_product_reg_reg[49][38]/D
120,-0.732,2.712,5,vector_buf_a_reg[25][12]/C,operand_x_reg_reg[17][12]/D
121,-0.732,2.714,3,sched_src_reg_reg[46][5]_rep__5/C,operand_x_reg_reg[83][3]/D
122,-0.732,2.714,4,sched_src_reg_reg[46][2]_rep/C,operand_x_reg_reg[69][1]/D
123,-0.732,2.713,5,vector_buf_a_reg[28][2]/C,operand_x_reg_reg[78][2]/D
124,-0.731,2.714,7,operand_x_reg_reg[81][5]/C,lane_product_reg_reg[81][13]/D
125,-0.731,2.711,1,issue_active_reg_rep__2/C,sched_src_reg_reg[70][0]_rep__15/D
126,-0.731,2.712,1,issue_active_reg_rep/C,sched_src_reg_reg[127][5]_rep__19/D
127,-0.731,2.714,4,sched_src_reg_reg[46][2]_rep/C,operand_x_reg_reg[69][4]/D
128,-0.731,2.711,4,sched_src_reg_reg[67][4]_rep__0/C,operand_x_reg_reg[57][8]/D
129,-0.730,2.711,3,sched_src_reg_reg[29][5]_rep__3/C,operand_x_reg_reg[83][6]/D
130,-0.730,2.710,5,vector_buf_a_reg[16][0]/C,operand_x_reg_reg[44][0]/D
131,-0.730,2.711,5,vector_buf_a_reg[61][11]/C,operand_x_reg_reg[17][11]/D
132,-0.730,2.712,7,operand_x_reg_reg[89][15]/C,lane_product_reg_reg[89][22]/D
133,-0.730,2.710,1,sched_valid_reg_reg[50]/C,operand_x_reg_reg[6][9]/D
134,-0.730,2.711,4,vector_buf_b_reg[1][0]/C,operand_x_reg_reg[76][0]/D
135,-0.730,2.710,4,vector_buf_a_reg[40][6]/C,operand_x_reg_reg[52][6]/D
136,-0.729,2.712,6,bf_cycle_reg[3]/C,signal_reg_reg[95][11]/D
137,-0.729,2.711,7,operand_x_reg_reg[49][1]/C,lane_product_reg_reg[49][1]/D
138,-0.729,2.710,7,operand_x_reg_reg[11][9]/C,lane_product_reg_reg[11][15]/D
139,-0.729,2.711,1,issue_cycle_reg[3]_rep__4/C,sched_coeff_reg_reg[91][7]/D
140,-0.729,2.712,7,operand_coeff_reg_reg[117][4]/C,lane_product_reg_reg[92][18]/D
141,-0.729,2.709,5,vector_buf_a_reg[12][7]/C,operand_x_reg_reg[78][7]/D
142,-0.729,2.709,5,vector_buf_b_reg[3][8]/C,operand_x_reg_reg[117][8]/D
143,-0.729,2.708,1,issue_active_reg_rep__2/C,sched_src_reg_reg[28][4]_rep__0/D
144,-0.728,2.710,5,vector_buf_b_reg[45][2]/C,operand_x_reg_reg[46][2]/D
145,-0.728,2.709,2,sched_src_reg_reg[28][2]_rep__3/C,operand_x_reg_reg[83][5]/D
146,-0.728,2.710,6,bf_cycle_reg[3]/C,signal_reg_reg[121][21]/D
147,-0.728,2.708,4,vector_buf_b_reg[25][0]/C,operand_x_reg_reg[124][0]/D
148,-0.728,2.711,4,sched_src_reg_reg[50][3]/C,operand_x_reg_reg[62][5]/D
149,-0.728,2.709,6,bf_cycle_reg[3]/C,signal_reg_reg[122][19]/D
150,-0.728,2.708,5,vector_buf_a_reg[15][15]/C,operand_x_reg_reg[82][15]/D
151,-0.728,2.708,5,vector_buf_b_reg[30][13]/C,operand_x_reg_reg[46][13]/D
152,-0.728,2.709,6,bf_cycle_reg[3]/C,signal_reg_reg[114][19]/D
153,-0.728,2.708,5,vector_buf_a_reg[33][6]/C,operand_x_reg_reg[71][6]/D
154,-0.727,2.708,5,vector_buf_a_reg[56][7]/C,operand_x_reg_reg[117][7]/D
155,-0.727,2.710,7,operand_x_reg_reg[110][5]/C,lane_product_reg_reg[110][11]/D
156,-0.727,2.708,4,lane_product_reg_reg[127][7]/C,red_s0_data_reg[60][23]/D
157,-0.727,2.709,6,bf_cycle_reg[3]/C,signal_reg_reg[61][19]/D
158,-0.727,2.707,5,vector_buf_a_reg[41][2]/C,operand_x_reg_reg[50][2]/D
159,-0.727,2.707,5,vector_buf_b_reg[1][9]/C,operand_x_reg_reg[84][9]/D
160,-0.727,2.707,5,vector_buf_b_reg[2][9]/C,operand_x_reg_reg[93][9]/D
161,-0.727,2.708,5,vector_buf_a_reg[53][0]/C,operand_x_reg_reg[50][0]/D
162,-0.727,2.708,5,vector_buf_a_reg[23][5]/C,operand_x_reg_reg[84][5]/D
163,-0.727,2.707,5,vector_buf_a_reg[21][10]/C,operand_x_reg_reg[84][10]/D
164,-0.726,2.708,5,vector_buf_b_reg[46][9]/C,operand_x_reg_reg[70][9]/D
165,-0.726,2.706,4,sched_src_reg_reg[29][5]_rep/C,operand_x_reg_reg[79][5]/D
166,-0.726,2.707,4,lane_product_reg_reg[127][7]/C,red_s0_data_reg[60][21]/D
167,-0.726,2.708,4,vector_buf_b_reg[28][3]/C,operand_x_reg_reg[103][3]/D
168,-0.726,2.707,6,bf_cycle_reg[3]/C,signal_reg_reg[4][21]/D
169,-0.726,2.707,4,vector_buf_b_reg[34][0]/C,operand_x_reg_reg[121][0]/D
170,-0.725,2.706,5,vector_buf_b_reg[37][10]/C,operand_x_reg_reg[46][10]/D
171,-0.725,2.705,5,vector_buf_a_reg[54][11]/C,operand_x_reg_reg[3][11]/D
172,-0.725,2.706,5,vector_buf_b_reg[19][0]/C,operand_x_reg_reg[125][0]/D
173,-0.724,2.707,2,sched_src_reg_reg[44][5]/C,operand_x_reg_reg[70][4]/D
174,-0.724,2.705,5,vector_buf_a_reg[23][9]/C,operand_x_reg_reg[50][9]/D
175,-0.724,2.705,5,vector_buf_b_reg[7][15]/C,operand_x_reg_reg[46][15]/D
176,-0.724,2.706,6,bf_cycle_reg[3]/C,signal_reg_reg[95][18]/D
177,-0.724,2.703,5,vector_buf_b_reg[28][9]/C,operand_x_reg_reg[44][9]/D
178,-0.724,2.703,4,lane_product_reg_reg[127][3]/C,red_s0_data_reg[61][23]/D
179,-0.723,2.704,5,vector_buf_a_reg[47][10]/C,operand_x_reg_reg[44][10]/D
180,-0.723,2.705,5,vector_buf_a_reg[51][15]/C,operand_x_reg_reg[117][15]/D
181,-0.723,2.704,2,sched_src_reg_reg[70][1]_rep__0/C,operand_x_reg_reg[99][8]/D
182,-0.723,2.703,4,vector_buf_b_reg[58][15]/C,operand_x_reg_reg[95][15]/D
183,-0.723,2.703,1,issue_cycle_reg[2]_rep__4/C,sched_src_reg_reg[28][1]_rep__22/D
184,-0.723,2.704,4,sched_src_reg_reg[24][1]_rep__17/C,operand_x_reg_reg[109][2]/D
185,-0.723,2.705,6,bf_cycle_reg[3]/C,signal_reg_reg[71][19]/D
186,-0.723,2.702,4,lane_product_reg_reg[127][3]/C,red_s0_data_reg[61][21]/D
187,-0.722,2.705,6,bf_cycle_reg[3]/C,signal_reg_reg[98][17]/D
188,-0.722,2.703,5,vector_buf_a_reg[21][9]/C,operand_x_reg_reg[17][9]/D
189,-0.722,2.703,5,vector_buf_b_reg[46][0]/C,operand_x_reg_reg[70][0]/D
190,-0.722,2.705,2,sched_src_reg_reg[99][2]_rep/C,operand_x_reg_reg[94][11]/D
191,-0.722,2.705,6,bf_cycle_reg[3]/C,signal_reg_reg[85][13]/D
192,-0.722,2.705,4,vector_buf_b_reg[23][2]/C,operand_x_reg_reg[74][2]/D
193,-0.722,2.703,4,vector_buf_a_reg[1][6]/C,operand_x_reg_reg[99][6]/D
194,-0.721,2.702,5,vector_buf_b_reg[21][1]/C,operand_x_reg_reg[28][1]/D
195,-0.721,2.701,5,vector_buf_b_reg[39][11]/C,operand_x_reg_reg[46][11]/D
196,-0.721,2.702,6,bf_cycle_reg[3]/C,signal_reg_reg[56][21]/D
197,-0.721,2.701,7,operand_x_reg_reg[3][15]/C,lane_product_reg_reg[3][20]/D
198,-0.720,2.701,7,operand_x_reg_reg[17][8]/C,lane_product_reg_reg[17][12]/D
199,-0.720,2.703,7,operand_x_reg_reg[83][11]/C,lane_product_reg_reg[83][22]/D
200,-0.720,2.703,7,operand_coeff_reg_reg[117][4]/C,lane_product_reg_reg[92][16]/D
201,-0.720,2.702,6,bf_cycle_reg[3]/C,signal_reg_reg[97][18]/D
202,-0.719,2.700,7,operand_x_reg_reg[72][15]/C,lane_product_reg_reg[72][16]/D
203,-0.719,2.702,7,operand_x_reg_reg[95][4]/C,lane_product_reg_reg[95][15]/D
204,-0.719,2.700,2,sched_src_reg_reg[28][4]/C,operand_x_reg_reg[12][15]/D
205,-0.719,2.701,5,vector_buf_a_reg[59][11]/C,operand_x_reg_reg[111][11]/D
206,-0.719,2.698,5,vector_buf_b_reg[49][6]/C,operand_x_reg_reg[111][6]/D
207,-0.719,2.699,5,vector_buf_a_reg[63][13]/C,operand_x_reg_reg[50][13]/D
208,-0.719,2.700,1,issue_cycle_reg[2]/C,sched_src_reg_reg[29][5]_rep__1/D
209,-0.719,2.701,6,bf_cycle_reg[3]/C,signal_reg_reg[4][13]/D
210,-0.718,2.700,3,sched_src_reg_reg[46][2]_rep/C,operand_x_reg_reg[69][5]/D
211,-0.718,2.699,5,vector_buf_a_reg[28][6]/C,operand_x_reg_reg[117][6]/D
212,-0.718,2.697,1,issue_cycle_reg[0]_rep/C,sched_valid_reg_reg[126]_rep__5/D
213,-0.718,2.700,7,operand_x_reg_reg[47][15]/C,lane_product_reg_reg[47][22]/D
214,-0.717,2.699,5,vector_buf_b_reg[37][5]/C,operand_x_reg_reg[70][5]/D
215,-0.717,2.698,1,issue_cycle_reg[3]_rep__2/C,sched_src_reg_reg[46][5]/D
216,-0.717,2.697,5,vector_buf_a_reg[23][10]/C,operand_x_reg_reg[3][10]/D
217,-0.716,2.698,5,vector_buf_a_reg[18][2]/C,operand_x_reg_reg[17][2]/D
218,-0.716,2.698,7,operand_x_reg_reg[49][1]/C,lane_product_reg_reg[49][4]/D
219,-0.716,2.697,3,vector_buf_a_reg[11][8]/C,operand_x_reg_reg[124][8]/D
220,-0.716,2.698,1,sched_bank_reg_reg[0]_rep__13/C,operand_x_reg_reg[123][5]/D
221,-0.716,2.699,4,vector_buf_b_reg[34][13]/C,operand_x_reg_reg[123][13]/D
222,-0.716,2.695,4,vector_buf_b_reg[28][9]/C,operand_x_reg_reg[59][9]/D
223,-0.716,2.697,4,vector_buf_b_reg[38][9]/C,operand_x_reg_reg[121][9]/D
224,-0.715,2.697,5,vector_buf_a_reg[5][4]/C,operand_x_reg_reg[71][4]/D
225,-0.715,2.697,5,vector_buf_a_reg[31][1]/C,operand_x_reg_reg[17][1]/D
226,-0.715,2.696,3,vector_buf_a_reg[1][7]/C,operand_x_reg_reg[64][7]/D
227,-0.715,2.695,7,operand_x_reg_reg[110][15]/C,lane_product_reg_reg[110][39]/D
228,-0.715,2.694,5,vector_buf_a_reg[35][5]/C,operand_x_reg_reg[78][5]/D
229,-0.714,2.695,7,operand_x_reg_reg[53][8]/C,lane_product_reg_reg[53][10]/D
230,-0.714,2.697,7,operand_coeff_reg_reg[117][4]/C,lane_product_reg_reg[92][17]/D
231,-0.714,2.695,4,lane_product_reg_reg[127][7]/C,red_s0_data_reg[60][22]/D
232,-0.714,2.695,5,vector_buf_b_reg[39][11]/C,operand_x_reg_reg[14][11]/D
233,-0.714,2.694,1,issue_active_reg_rep/C,sched_src_reg_reg[10][4]_rep__1/D
234,-0.714,2.697,6,bf_cycle_reg[3]/C,signal_reg_reg[118][20]/D
235,-0.714,2.696,6,bf_cycle_reg[3]/C,signal_reg_reg[69][18]/D
236,-0.714,2.696,6,bf_cycle_reg[3]/C,signal_reg_reg[93][19]/D
237,-0.714,2.694,1,issue_active_reg_rep__2/C,sched_src_reg_reg[70][0]_rep__14/D
238,-0.713,2.693,4,vector_buf_b_reg[61][11]/C,operand_x_reg_reg[39][11]/D
239,-0.713,2.696,6,bf_cycle_reg[3]/C,signal_reg_reg[113][21]/D
240,-0.713,2.696,6,bf_cycle_reg[3]/C,signal_reg_reg[53][19]/D
241,-0.713,2.693,3,vector_buf_b_reg[3][5]/C,operand_x_reg_reg[100][5]/D
242,-0.713,2.607,1,capture_vector_id_reg[0]/C,final10_mem_reg[2][4][1]/CE
243,-0.713,2.607,1,capture_vector_id_reg[0]/C,final10_mem_reg[2][4][7]/CE
244,-0.713,2.607,1,capture_vector_id_reg[0]/C,final10_mem_reg[2][4][8]/CE
245,-0.713,2.607,1,capture_vector_id_reg[0]/C,final10_mem_reg[2][4][9]/CE
246,-0.713,2.695,7,operand_x_reg_reg[47][15]/C,lane_product_reg_reg[47][38]/D
247,-0.713,2.694,2,sched_src_reg_reg[24][1]_rep__25/C,operand_x_reg_reg[42][4]/D
248,-0.712,2.692,5,vector_buf_a_reg[17][10]/C,operand_x_reg_reg[9][10]/D
249,-0.712,2.695,7,operand_x_reg_reg[37][13]/C,lane_product_reg_reg[37][17]/D
250,-0.712,2.693,7,operand_x_reg_reg[54][13]/C,lane_product_reg_reg[54][18]/D
251,-0.712,2.693,7,operand_x_reg_reg[93][14]/C,lane_product_reg_reg[93][15]/D
252,-0.712,2.693,5,vector_buf_a_reg[10][15]/C,operand_x_reg_reg[17][15]/D
253,-0.712,2.693,1,issue_active_reg_rep__2/C,sched_src_reg_reg[71][1]/D
254,-0.712,2.694,5,vector_buf_a_reg[47][15]/C,operand_x_reg_reg[44][15]/D
255,-0.712,2.694,6,bf_cycle_reg[3]/C,signal_reg_reg[85][20]/D
256,-0.712,2.692,1,operand_valid_reg_reg[12]/C,lane_product_reg_reg[14][21]/D
257,-0.712,2.691,5,vector_buf_b_reg[5][1]/C,operand_x_reg_reg[70][1]/D
258,-0.711,2.693,2,sched_src_reg_reg[44][5]/C,operand_x_reg_reg[70][2]/D
259,-0.711,2.692,1,operand_valid_reg_reg[12]/C,lane_product_reg_reg[14][13]/D
260,-0.711,2.693,6,bf_cycle_reg[3]/C,signal_reg_reg[50][14]/D
261,-0.711,2.692,4,vector_buf_a_reg[28][2]/C,operand_x_reg_reg[76][2]/D
262,-0.711,2.690,4,vector_buf_b_reg[23][9]/C,operand_x_reg_reg[9][9]/D
263,-0.711,2.690,4,lane_product_reg_reg[127][3]/C,red_s0_data_reg[61][22]/D
264,-0.710,2.691,7,operand_x_reg_reg[100][14]/C,lane_product_reg_reg[100][21]/D
265,-0.710,2.693,7,operand_x_reg_reg[41][15]/C,lane_product_reg_reg[41][38]/D
266,-0.710,2.693,6,bf_cycle_reg[3]/C,signal_reg_reg[79][16]/D
267,-0.710,2.692,6,bf_cycle_reg[3]/C,signal_reg_reg[117][19]/D
268,-0.710,2.691,5,sched_src_reg_reg[28][1]_rep__2/C,operand_x_reg_reg[60][1]/D
269,-0.709,2.690,7,operand_x_reg_reg[45][9]/C,lane_product_reg_reg[45][15]/D
270,-0.709,2.690,1,issue_cycle_reg[1]_rep__1/C,sched_coeff_reg_reg[103][2]/D
271,-0.709,2.691,5,bf_cycle_reg[3]/C,signal_reg_reg[71][21]/D
272,-0.709,2.689,6,bf_cycle_reg[1]/C,signal_reg_reg[116][10]/D
273,-0.709,2.691,5,vector_buf_b_reg[52][4]/C,operand_x_reg_reg[14][4]/D
274,-0.709,2.688,4,vector_buf_a_reg[22][0]/C,operand_x_reg_reg[52][0]/D
275,-0.709,2.690,4,vector_buf_b_reg[32][1]/C,operand_x_reg_reg[124][1]/D
276,-0.709,2.691,6,bf_cycle_reg[3]/C,signal_reg_reg[94][19]/D
277,-0.709,2.688,3,sched_src_reg_reg[74][5]_rep/C,operand_x_reg_reg[89][8]/D
278,-0.708,2.690,7,operand_x_reg_reg[76][5]/C,lane_product_reg_reg[76][11]/D
279,-0.708,2.691,7,operand_x_reg_reg[23][14]/C,lane_product_reg_reg[23][20]/D
280,-0.708,2.691,7,operand_coeff_reg_reg[117][4]/C,lane_product_reg_reg[92][21]/D
281,-0.708,2.690,5,vector_buf_a_reg[51][4]/C,operand_x_reg_reg[51][4]/D
282,-0.708,2.689,4,vector_buf_b_reg[33][8]/C,operand_x_reg_reg[59][8]/D
283,-0.708,2.688,3,sched_valid_reg_reg[126]_rep__6/C,operand_x_reg_reg[121][10]/D
284,-0.708,2.689,5,vector_buf_b_reg[4][10]/C,operand_x_reg_reg[14][10]/D
285,-0.708,2.690,6,bf_cycle_reg[3]/C,signal_reg_reg[69][17]/D
286,-0.707,2.690,7,operand_x_reg_reg[79][15]/C,lane_product_reg_reg[79][22]/D
287,-0.707,2.688,1,issue_active_reg_rep__2/C,sched_coeff_reg_reg[44][7]/D
288,-0.707,2.689,5,vector_buf_b_reg[55][10]/C,operand_x_reg_reg[71][10]/D
289,-0.707,2.690,3,sched_src_reg_reg[75][4]_rep__0/C,operand_x_reg_reg[43][5]/D
290,-0.707,2.689,5,vector_buf_a_reg[6][0]/C,operand_x_reg_reg[54][0]/D
291,-0.707,2.689,1,issue_cycle_reg[4]_rep/C,sched_src_reg_reg[127][5]_rep__0/D
292,-0.707,2.687,5,vector_buf_a_reg[40][0]/C,operand_x_reg_reg[111][0]/D
293,-0.707,2.687,3,sched_src_reg_reg[67][3]_rep__0/C,operand_x_reg_reg[23][12]/D
294,-0.707,2.689,6,bf_cycle_reg[3]/C,signal_reg_reg[9][19]/D
295,-0.707,2.686,4,vector_buf_b_reg[1][3]/C,operand_x_reg_reg[74][3]/D
296,-0.707,2.686,5,vector_buf_a_reg[37][14]/C,operand_x_reg_reg[78][14]/D
297,-0.707,2.687,5,vector_buf_b_reg[32][12]/C,operand_x_reg_reg[111][12]/D
298,-0.706,2.687,5,vector_buf_b_reg[62][5]/C,operand_x_reg_reg[93][5]/D
299,-0.706,2.689,5,bf_cycle_reg[3]/C,signal_reg_reg[79][21]/D
300,-0.706,2.687,7,operand_x_reg_reg[118][4]/C,lane_product_reg_reg[118][20]/D
301,-0.706,2.687,1,issue_cycle_reg[1]_rep__1/C,sched_coeff_reg_reg[103][5]/D
302,-0.706,2.686,1,operand_valid_reg_reg[12]/C,lane_product_reg_reg[14][7]/D
303,-0.706,2.688,6,bf_cycle_reg[3]/C,signal_reg_reg[99][13]/D
304,-0.705,2.686,5,vector_buf_b_reg[19][15]/C,operand_x_reg_reg[15][15]/D
305,-0.705,2.685,6,bf_cycle_reg[1]/C,signal_reg_reg[122][15]/D
306,-0.705,2.685,7,operand_x_reg_reg[23][10]/C,lane_product_reg_reg[23][13]/D
307,-0.705,2.685,7,operand_x_reg_reg[110][15]/C,lane_product_reg_reg[110][20]/D
308,-0.705,2.686,6,bf_cycle_reg[3]/C,signal_reg_reg[85][17]/D
309,-0.704,2.685,1,issue_active_reg_rep__2/C,sched_coeff_reg_reg[92][0]/D
310,-0.704,2.685,1,sched_bank_reg_reg[0]_rep__5/C,operand_x_reg_reg[33][15]/D
311,-0.704,2.685,7,operand_x_reg_reg[117][11]/C,lane_product_reg_reg[117][19]/D
312,-0.704,2.685,7,operand_x_reg_reg[33][4]/C,lane_product_reg_reg[33][17]/D
313,-0.704,2.687,7,operand_x_reg_reg[109][5]/C,lane_product_reg_reg[109][15]/D
314,-0.704,2.685,4,sched_src_reg_reg[29][5]_rep/C,operand_x_reg_reg[79][1]/D
315,-0.704,2.684,4,vector_buf_b_reg[47][0]/C,operand_x_reg_reg[81][0]/D
316,-0.704,2.686,4,vector_buf_a_reg[58][6]/C,operand_x_reg_reg[94][6]/D
317,-0.704,2.684,2,sched_src_reg_reg[70][1]_rep__0/C,operand_x_reg_reg[111][10]/D
318,-0.703,2.685,4,sched_src_reg_reg[75][4]_rep__3/C,operand_x_reg_reg[54][9]/D
319,-0.703,2.684,3,vector_buf_a_reg[58][6]/C,operand_x_reg_reg[95][6]/D
320,-0.703,2.685,6,bf_cycle_reg[3]/C,signal_reg_reg[9][14]/D
321,-0.703,2.684,6,bf_cycle_reg[3]/C,signal_reg_reg[61][20]/D
322,-0.703,2.683,4,vector_buf_a_reg[15][15]/C,operand_x_reg_reg[114][15]/D
323,-0.702,2.685,7,operand_x_reg_reg[23][14]/C,lane_product_reg_reg[23][19]/D
324,-0.702,2.683,7,operand_x_reg_reg[31][15]/C,lane_product_reg_reg[31][21]/D
325,-0.702,2.684,5,sched_src_reg_reg[24][1]_rep__16/C,operand_x_reg_reg[86][4]/D
326,-0.702,2.682,1,issue_cycle_reg[3]_rep__4/C,sched_src_reg_reg[24][1]_rep__18/D
327,-0.702,2.683,6,bf_cycle_reg[3]/C,signal_reg_reg[61][21]/D
328,-0.702,2.683,2,sched_src_reg_reg[46][5]_rep__2/C,operand_x_reg_reg[46][3]/D
329,-0.702,2.681,6,bf_cycle_reg[0]/C,signal_reg_reg[120][17]/D
330,-0.701,2.682,1,issue_cycle_reg[2]_rep__4/C,sched_src_reg_reg[15][4]_rep/D
331,-0.701,2.682,1,issue_active_reg_rep__2/C,sched_src_reg_reg[99][2]_rep__11/D
332,-0.701,2.684,7,operand_x_reg_reg[37][13]/C,lane_product_reg_reg[37][18]/D
333,-0.701,2.684,7,operand_x_reg_reg[37][13]/C,lane_product_reg_reg[37][14]/D
334,-0.701,2.682,6,bf_cycle_reg[0]/C,signal_reg_reg[91][21]/D
335,-0.701,2.684,7,operand_x_reg_reg[63][15]/C,lane_product_reg_reg[63][21]/D
336,-0.701,2.681,5,vector_buf_b_reg[50][3]/C,operand_x_reg_reg[111][3]/D
337,-0.701,2.683,4,vector_buf_b_reg[45][12]/C,operand_x_reg_reg[59][12]/D
338,-0.701,2.681,5,vector_buf_a_reg[14][14]/C,operand_x_reg_reg[117][14]/D
339,-0.701,2.682,6,bf_cycle_reg[3]/C,signal_reg_reg[77][20]/D
340,-0.701,2.681,7,operand_x_reg_reg[119][15]/C,lane_product_reg_reg[119][19]/D
341,-0.700,2.681,4,vector_buf_a_reg[30][10]/C,operand_x_reg_reg[27][10]/D
342,-0.700,2.682,5,bf_cycle_reg[3]/C,signal_reg_reg[9][20]/D
343,-0.700,2.680,2,sched_src_reg_reg[70][1]_rep__0/C,operand_x_reg_reg[111][9]/D
344,-0.700,2.679,4,lane_product_reg_reg[127][1]/C,red_s0_data_reg[40][23]/D
345,-0.700,2.681,6,bf_cycle_reg[3]/C,signal_reg_reg[65][21]/D
346,-0.700,2.682,6,bf_cycle_reg[3]/C,signal_reg_reg[94][18]/D
347,-0.700,2.680,3,sched_src_reg_reg[28][1]_rep__0/C,operand_x_reg_reg[125][5]/D
348,-0.699,2.680,5,red_cycle_reg[1]/C,red_s2_data_reg[4][23]/D
349,-0.699,2.681,7,operand_x_reg_reg[49][1]/C,lane_product_reg_reg[49][10]/D
350,-0.699,2.681,7,operand_x_reg_reg[59][12]/C,lane_product_reg_reg[59][21]/D
351,-0.699,2.681,7,operand_x_reg_reg[59][12]/C,lane_product_reg_reg[59][12]/D
352,-0.699,2.679,4,vector_buf_a_reg[3][14]/C,operand_x_reg_reg[20][14]/D
353,-0.699,2.679,3,vector_buf_a_reg[1][2]/C,operand_x_reg_reg[64][2]/D
354,-0.699,2.678,4,lane_product_reg_reg[127][1]/C,red_s0_data_reg[40][21]/D
355,-0.699,2.679,3,sched_src_reg_reg[49][2]/C,operand_x_reg_reg[49][12]/D
356,-0.698,2.679,5,red_cycle_reg[1]/C,red_s2_data_reg[4][21]/D
357,-0.698,2.681,7,operand_x_reg_reg[37][13]/C,lane_product_reg_reg[37][22]/D
358,-0.698,2.681,3,sched_src_reg_reg[75][4]_rep__0/C,operand_x_reg_reg[43][6]/D
359,-0.698,2.679,5,vector_buf_b_reg[21][0]/C,operand_x_reg_reg[38][0]/D
360,-0.698,2.679,5,vector_buf_a_reg[1][10]/C,operand_x_reg_reg[117][10]/D
361,-0.698,2.678,1,issue_cycle_reg[3]_rep__4/C,sched_src_reg_reg[28][4]_rep__6/D
362,-0.698,2.680,6,bf_cycle_reg[3]/C,signal_reg_reg[85][18]/D
363,-0.698,2.678,3,sched_src_reg_reg[46][2]_rep__0/C,operand_x_reg_reg[13][6]/D
364,-0.698,2.678,1,operand_valid_reg_reg[12]/C,lane_product_reg_reg[14][12]/D
365,-0.698,2.679,3,vector_buf_a_reg[2][6]/C,operand_x_reg_reg[64][6]/D
366,-0.697,2.677,4,sched_src_reg_reg[29][5]_rep__3/C,operand_x_reg_reg[83][9]/D
367,-0.697,2.678,5,vector_buf_b_reg[1][3]/C,operand_x_reg_reg[49][3]/D
368,-0.697,2.678,3,vector_buf_b_reg[3][5]/C,operand_x_reg_reg[92][5]/D
369,-0.697,2.676,5,vector_buf_b_reg[3][4]/C,operand_x_reg_reg[50][4]/D
370,-0.696,2.677,1,issue_active_reg_rep/C,sched_valid_reg_reg[67]_rep__1/D
371,-0.696,2.678,2,sched_src_reg_reg[44][5]/C,operand_x_reg_reg[70][6]/D
372,-0.696,2.677,4,lane_product_reg_reg[127][7]/C,red_s0_data_reg[60][20]/D
373,-0.696,2.678,4,vector_buf_b_reg[8][13]/C,operand_x_reg_reg[18][13]/D
374,-0.696,2.678,7,operand_x_reg_reg[43][15]/C,lane_product_reg_reg[43][22]/D
375,-0.696,2.677,4,sched_src_reg_reg[67][4]_rep__0/C,operand_x_reg_reg[57][10]/D
376,-0.695,2.678,7,operand_x_reg_reg[26][3]/C,lane_product_reg_reg[26][8]/D
377,-0.695,2.678,7,operand_x_reg_reg[4][14]/C,lane_product_reg_reg[4][20]/D
378,-0.695,2.675,1,issue_cycle_reg[3]_rep__4/C,sched_coeff_reg_reg[106][1]/D
379,-0.695,2.674,4,vector_buf_a_reg[1][0]/C,operand_x_reg_reg[49][0]/D
380,-0.695,2.674,1,issue_cycle_reg[2]_rep__5/C,sched_coeff_reg_reg[18][0]/D
381,-0.695,2.675,6,bf_cycle_reg[0]/C,signal_reg_reg[96][17]/D
382,-0.694,2.675,3,vector_buf_a_reg[39][12]/C,operand_x_reg_reg[80][12]/D
383,-0.694,2.675,4,sched_src_reg_reg[29][5]_rep__5/C,operand_x_reg_reg[87][9]/D
384,-0.694,2.677,5,bf_cycle_reg[3]/C,signal_reg_reg[79][20]/D
385,-0.694,2.677,7,operand_coeff_reg_reg[117][4]/C,lane_product_reg_reg[92][8]/D
386,-0.694,2.676,4,vector_buf_a_reg[6][13]/C,operand_x_reg_reg[49][13]/D
387,-0.694,2.677,6,bf_cycle_reg[3]/C,signal_reg_reg[110][18]/D
388,-0.694,2.677,6,bf_cycle_reg[3]/C,signal_reg_reg[4][18]/D
389,-0.694,2.677,6,bf_cycle_reg[3]/C,signal_reg_reg[53][15]/D
390,-0.694,2.677,6,bf_cycle_reg[3]/C,signal_reg_reg[77][18]/D
391,-0.694,2.676,7,operand_x_reg_reg[89][15]/C,lane_product_reg_reg[89][21]/D
392,-0.694,2.675,6,bf_cycle_reg[3]/C,signal_reg_reg[111][11]/D
393,-0.693,2.676,7,operand_x_reg_reg[106][7]/C,lane_product_reg_reg[106][8]/D
394,-0.693,2.674,7,operand_x_reg_reg[45][9]/C,lane_product_reg_reg[45][17]/D
395,-0.693,2.674,4,lane_product_reg_reg[127][7]/C,red_s0_data_reg[60][19]/D
396,-0.693,2.674,5,vector_buf_a_reg[15][4]/C,operand_x_reg_reg[111][4]/D
397,-0.693,2.676,6,bf_cycle_reg[3]/C,signal_reg_reg[94][16]/D
398,-0.693,2.672,4,vector_buf_a_reg[2][1]/C,operand_x_reg_reg[74][1]/D
399,-0.693,2.672,4,lane_product_reg_reg[127][3]/C,red_s0_data_reg[61][20]/D
400,-0.692,2.673,1,issue_active_reg_rep__2/C,sched_src_reg_reg[28][1]_rep__23/D
401,-0.692,2.674,7,operand_coeff_reg_reg[117][4]/C,lane_product_reg_reg[92][10]/D
402,-0.692,2.673,3,sched_src_reg_reg[28][1]_rep__13/C,operand_x_reg_reg[12][14]/D
403,-0.692,2.674,7,operand_x_reg_reg[27][2]/C,lane_product_reg_reg[27][10]/D
404,-0.692,2.675,5,bf_cycle_reg[3]/C,signal_reg_reg[121][12]/D
405,-0.692,2.674,4,vector_buf_b_reg[3][9]/C,operand_x_reg_reg[75][9]/D
406,-0.692,2.672,4,sched_src_reg_reg[74][5]_rep__0/C,operand_x_reg_reg[91][13]/D
407,-0.692,2.671,3,sched_src_reg_reg[67][3]_rep__0/C,operand_x_reg_reg[23][11]/D
408,-0.692,2.674,6,bf_cycle_reg[3]/C,signal_reg_reg[50][20]/D
409,-0.692,2.586,1,capture_vector_id_reg[0]/C,stage16_mem_reg[2][4][10]/CE
410,-0.691,2.672,5,vector_buf_b_reg[8][1]/C,operand_x_reg_reg[54][1]/D
411,-0.691,2.673,6,bf_cycle_reg[3]/C,signal_reg_reg[110][19]/D
412,-0.691,2.674,7,operand_x_reg_reg[69][15]/C,lane_product_reg_reg[69][22]/D
413,-0.691,2.673,4,vector_buf_a_reg[12][2]/C,operand_x_reg_reg[49][2]/D
414,-0.691,2.673,6,bf_cycle_reg[3]/C,signal_reg_reg[99][15]/D
415,-0.691,2.671,5,lane_product_reg_reg[127][7]/C,red_s0_data_reg[4][23]/D
416,-0.691,2.671,4,sched_src_reg_reg[29][5]_rep/C,operand_x_reg_reg[79][3]/D
417,-0.691,2.672,6,bf_cycle_reg[3]/C,signal_reg_reg[89][19]/D
418,-0.691,2.671,5,vector_buf_b_reg[20][6]/C,operand_x_reg_reg[14][6]/D
419,-0.690,2.672,2,sched_src_reg_reg[44][4]_rep/C,operand_x_reg_reg[6][7]/D
420,-0.690,2.671,7,operand_x_reg_reg[117][11]/C,lane_product_reg_reg[117][13]/D
421,-0.690,2.671,7,operand_x_reg_reg[100][14]/C,lane_product_reg_reg[100][19]/D
422,-0.690,2.671,7,operand_x_reg_reg[44][14]/C,lane_product_reg_reg[44][38]/D
423,-0.690,2.671,7,operand_x_reg_reg[70][9]/C,lane_product_reg_reg[70][11]/D
424,-0.690,2.671,1,issue_cycle_reg[3]_rep__2/C,sched_coeff_reg_reg[99][7]/D
425,-0.690,2.670,1,issue_active_reg_rep__2/C,sched_src_reg_reg[71][1]_rep/D
426,-0.690,2.673,7,operand_x_reg_reg[75][15]/C,lane_product_reg_reg[75][36]/D
427,-0.690,2.671,1,issue_cycle_reg[3]_rep__4/C,sched_coeff_reg_reg[90][3]/D
428,-0.690,2.670,5,lane_product_reg_reg[127][7]/C,red_s0_data_reg[4][21]/D
429,-0.690,2.669,4,lane_product_reg_reg[127][3]/C,red_s0_data_reg[61][19]/D
430,-0.690,2.670,4,vector_buf_b_reg[25][6]/C,operand_x_reg_reg[82][6]/D
431,-0.689,2.671,5,vector_buf_a_reg[3][2]/C,operand_x_reg_reg[44][2]/D
432,-0.689,2.672,7,operand_x_reg_reg[18][8]/C,lane_product_reg_reg[18][9]/D
433,-0.689,2.672,6,bf_cycle_reg[3]/C,signal_reg_reg[99][21]/D
434,-0.689,2.670,4,sched_src_reg_reg[46][5]_rep__2/C,operand_x_reg_reg[77][6]/D
435,-0.689,2.669,5,vector_buf_a_reg[15][1]/C,operand_x_reg_reg[44][1]/D
436,-0.689,2.584,1,capture_vector_id_reg[0]/C,stage16_mem_reg[2][12][10]/CE
437,-0.689,2.584,1,capture_vector_id_reg[0]/C,stage16_mem_reg[2][8][10]/CE
438,-0.688,2.671,7,operand_x_reg_reg[106][7]/C,lane_product_reg_reg[106][37]/D
439,-0.688,2.669,5,vector_buf_b_reg[17][9]/C,operand_x_reg_reg[71][9]/D
440,-0.688,2.669,5,vector_buf_b_reg[42][10]/C,operand_x_reg_reg[45][10]/D
441,-0.688,2.668,4,vector_buf_a_reg[14][1]/C,operand_x_reg_reg[49][1]/D
442,-0.688,2.669,6,bf_cycle_reg[3]/C,signal_reg_reg[61][17]/D
443,-0.688,2.669,5,vector_buf_a_reg[58][1]/C,operand_x_reg_reg[71][1]/D
444,-0.688,2.668,4,sched_src_reg_reg[70][0]_rep__28/C,operand_x_reg_reg[95][0]/D
445,-0.688,2.669,5,vector_buf_a_reg[48][5]/C,operand_x_reg_reg[71][5]/D
446,-0.688,2.670,6,bf_cycle_reg[3]/C,signal_reg_reg[119][11]/D
447,-0.687,2.670,7,operand_x_reg_reg[18][8]/C,lane_product_reg_reg[18][22]/D
448,-0.687,2.667,1,operand_valid_reg_reg[12]/C,lane_product_reg_reg[17][2]/D
449,-0.687,2.667,6,bf_cycle_reg[0]/C,signal_reg_reg[108][21]/D
450,-0.687,2.669,6,bf_cycle_reg[3]/C,signal_reg_reg[122][20]/D
451,-0.687,2.670,6,bf_cycle_reg[3]/C,signal_reg_reg[85][21]/D
452,-0.687,2.668,5,vector_buf_a_reg[13][2]/C,operand_x_reg_reg[111][2]/D
453,-0.687,2.667,5,vector_buf_a_reg[23][8]/C,operand_x_reg_reg[123][8]/D
454,-0.687,2.666,4,lane_product_reg_reg[127][1]/C,red_s0_data_reg[40][22]/D
455,-0.687,2.668,5,vector_buf_a_reg[20][0]/C,operand_x_reg_reg[123][0]/D
456,-0.687,2.668,2,sched_src_reg_reg[44][5]/C,operand_x_reg_reg[70][7]/D
457,-0.687,2.668,6,bf_cycle_reg[3]/C,signal_reg_reg[117][18]/D
458,-0.686,2.667,5,red_cycle_reg[1]/C,red_s2_data_reg[4][22]/D
459,-0.686,2.667,3,lane_product_reg_reg[127][7]/C,red_s0_data_reg[60][15]/D
460,-0.686,2.667,4,lane_product_reg_reg[127][7]/C,red_s0_data_reg[60][17]/D
461,-0.686,2.667,1,issue_cycle_reg[2]/C,sched_coeff_reg_reg[114][6]/D
462,-0.686,2.667,3,sched_src_reg_reg[46][2]_rep__0/C,operand_x_reg_reg[13][4]/D
463,-0.686,2.666,5,vector_buf_a_reg[7][14]/C,operand_x_reg_reg[17][14]/D
464,-0.686,2.666,5,vector_buf_a_reg[18][4]/C,operand_x_reg_reg[84][4]/D
465,-0.686,2.668,5,bf_cycle_reg[3]/C,signal_reg_reg[93][15]/D
466,-0.685,2.666,7,operand_x_reg_reg[40][12]/C,lane_product_reg_reg[40][38]/D
467,-0.685,2.668,7,operand_x_reg_reg[18][8]/C,lane_product_reg_reg[18][8]/D
468,-0.685,2.667,4,vector_buf_a_reg[1][3]/C,operand_x_reg_reg[94][3]/D
469,-0.685,2.666,3,lane_product_reg_reg[127][7]/C,red_s0_data_reg[60][13]/D
470,-0.685,2.666,5,vector_buf_b_reg[60][13]/C,operand_x_reg_reg[117][13]/D
471,-0.685,2.667,5,bf_cycle_reg[3]/C,signal_reg_reg[56][15]/D
472,-0.684,2.665,6,bf_cycle_reg[0]/C,signal_reg_reg[91][19]/D
473,-0.684,2.667,5,vector_buf_b_reg[8][13]/C,operand_x_reg_reg[95][13]/D
474,-0.684,2.666,5,vector_buf_b_reg[4][14]/C,operand_x_reg_reg[95][14]/D
475,-0.684,2.667,5,bf_cycle_reg[3]/C,signal_reg_reg[71][4]/D
476,-0.684,2.666,4,vector_buf_b_reg[52][10]/C,operand_x_reg_reg[123][10]/D
477,-0.684,2.667,6,bf_cycle_reg[3]/C,signal_reg_reg[71][15]/D
478,-0.684,2.665,1,issue_cycle_reg[3]_rep__4/C,sched_coeff_reg_reg[74][5]/D
479,-0.684,2.665,4,sched_src_reg_reg[70][1]_rep__6/C,operand_x_reg_reg[108][1]/D
480,-0.684,2.666,5,vector_buf_a_reg[61][0]/C,operand_x_reg_reg[14][0]/D
481,-0.684,2.664,4,vector_buf_b_reg[6][1]/C,operand_x_reg_reg[121][1]/D
482,-0.684,2.665,6,bf_cycle_reg[3]/C,signal_reg_reg[95][9]/D
483,-0.684,2.663,5,vector_buf_a_reg[7][14]/C,operand_x_reg_reg[71][14]/D
484,-0.684,2.664,4,vector_buf_b_reg[2][4]/C,operand_x_reg_reg[116][4]/D
485,-0.684,2.664,1,issue_cycle_reg[2]_rep__4/C,sched_src_reg_reg[46][5]_rep__1/D
486,-0.683,2.664,3,red_s0_data_reg[63][11]/C,red_s1_data_reg[1][23]/D
487,-0.683,2.664,1,issue_active_reg_rep/C,sched_src_reg_reg[74][5]_rep__4/D
488,-0.683,2.665,7,operand_x_reg_reg[49][1]/C,lane_product_reg_reg[49][5]/D
489,-0.683,2.664,1,issue_cycle_reg[2]_rep__4/C,sched_src_reg_reg[28][2]_rep__9/D
490,-0.683,2.664,3,sched_src_reg_reg[16][1]_rep__0/C,operand_x_reg_reg[121][4]/D
491,-0.683,2.663,4,vector_buf_a_reg[9][12]/C,operand_x_reg_reg[20][12]/D
492,-0.683,2.663,3,sched_src_reg_reg[46][5]_rep__4/C,operand_x_reg_reg[81][4]/D
493,-0.683,2.662,5,vector_buf_a_reg[21][10]/C,operand_x_reg_reg[54][10]/D
494,-0.683,2.664,3,vector_buf_a_reg[3][9]/C,operand_x_reg_reg[120][9]/D
495,-0.683,2.665,6,bf_cycle_reg[3]/C,signal_reg_reg[111][21]/D
496,-0.683,2.662,3,lane_product_reg_reg[127][3]/C,red_s0_data_reg[61][15]/D
497,-0.683,2.662,4,lane_product_reg_reg[127][3]/C,red_s0_data_reg[61][17]/D
498,-0.682,2.663,3,red_s0_data_reg[63][11]/C,red_s1_data_reg[1][21]/D
499,-0.682,2.664,4,vector_buf_b_reg[1][12]/C,operand_x_reg_reg[7][12]/D
500,-0.682,2.665,4,sched_src_reg_reg[50][3]/C,operand_x_reg_reg[62][4]/D
501,-0.682,2.665,7,operand_x_reg_reg[106][7]/C,lane_product_reg_reg[106][22]/D
502,-0.682,2.664,6,bf_cycle_reg[3]/C,signal_reg_reg[93][18]/D
503,-0.682,2.663,5,vector_buf_b_reg[3][8]/C,operand_x_reg_reg[50][8]/D
504,-0.682,2.664,6,bf_cycle_reg[3]/C,signal_reg_reg[123][13]/D
505,-0.682,2.664,6,bf_cycle_reg[3]/C,signal_reg_reg[118][21]/D
506,-0.682,2.661,3,lane_product_reg_reg[127][3]/C,red_s0_data_reg[61][13]/D
507,-0.681,2.662,5,vector_buf_b_reg[2][15]/C,operand_x_reg_reg[111][15]/D
508,-0.681,2.664,7,operand_x_reg_reg[37][13]/C,lane_product_reg_reg[37][13]/D
509,-0.681,2.662,2,red_s0_data_reg[63][16]/C,red_s1_data_reg[0][23]/D
510,-0.681,2.664,6,bf_cycle_reg[3]/C,signal_reg_reg[69][11]/D
511,-0.681,2.664,5,bf_cycle_reg[3]/C,signal_reg_reg[69][7]/D
512,-0.681,2.662,4,vector_buf_a_reg[5][13]/C,operand_x_reg_reg[94][13]/D
513,-0.681,2.663,6,bf_cycle_reg[3]/C,signal_reg_reg[110][16]/D
514,-0.681,2.662,6,bf_cycle_reg[3]/C,signal_reg_reg[50][21]/D
515,-0.681,2.662,1,issue_cycle_reg[2]/C,sched_src_reg_reg[28][4]/D
516,-0.681,2.661,5,vector_buf_b_reg[41][3]/C,operand_x_reg_reg[90][3]/D
517,-0.680,2.662,7,operand_x_reg_reg[76][5]/C,lane_product_reg_reg[76][16]/D
518,-0.680,2.661,6,bf_cycle_reg[1]/C,signal_reg_reg[122][12]/D
519,-0.680,2.663,6,bf_cycle_reg[3]/C,signal_reg_reg[87][17]/D
520,-0.680,2.662,5,vector_buf_b_reg[24][8]/C,operand_x_reg_reg[111][8]/D
521,-0.680,2.574,1,capture_vector_id_reg[0]/C,final10_mem_reg[2][36][7]/CE
522,-0.680,2.574,1,capture_vector_id_reg[0]/C,final10_mem_reg[2][36][8]/CE
523,-0.680,2.659,2,sched_src_reg_reg[67][1]_rep__8/C,operand_x_reg_reg[91][15]/D
524,-0.680,2.661,1,issue_cycle_reg[2]/C,sched_src_reg_reg[16][1]_rep__15/D
525,-0.680,2.661,5,vector_buf_b_reg[23][1]/C,operand_x_reg_reg[45][1]/D
526,-0.679,2.660,7,operand_x_reg_reg[125][13]/C,lane_product_reg_reg[125][22]/D
527,-0.679,2.660,2,red_s0_data_reg[63][16]/C,red_s1_data_reg[0][21]/D
528,-0.679,2.660,5,vector_buf_a_reg[29][3]/C,operand_x_reg_reg[50][3]/D
529,-0.679,2.660,1,sched_bank_reg_reg[0]_rep__13/C,operand_x_reg_reg[117][4]/D
530,-0.679,2.660,4,vector_buf_b_reg[48][13]/C,operand_x_reg_reg[3][13]/D
531,-0.679,2.660,7,operand_coeff_reg_reg[55][7]/C,lane_product_reg_reg[55][18]/D
532,-0.678,2.658,4,vector_buf_b_reg[9][12]/C,operand_x_reg_reg[41][12]/D
533,-0.678,2.659,4,vector_buf_a_reg[8][2]/C,operand_x_reg_reg[34][2]/D
534,-0.678,2.661,7,operand_x_reg_reg[37][13]/C,lane_product_reg_reg[37][19]/D
535,-0.678,2.659,7,operand_x_reg_reg[45][9]/C,lane_product_reg_reg[45][22]/D
536,-0.678,2.659,4,lane_product_reg_reg[127][7]/C,red_s0_data_reg[60][18]/D
537,-0.678,2.658,1,issue_cycle_reg[0]_rep/C,sched_src_reg_reg[99][2]_rep__14/D
538,-0.678,2.573,1,capture_vector_id_reg[0]/C,final10_mem_reg[2][32][8]/CE
539,-0.678,2.658,5,lane_product_reg_reg[127][7]/C,red_s0_data_reg[4][22]/D
540,-0.678,2.658,6,bf_cycle_reg[0]/C,signal_reg_reg[116][19]/D
541,-0.678,2.658,1,issue_cycle_reg[2]_rep__4/C,sched_src_reg_reg[16][1]_rep__0/D
542,-0.678,2.659,5,vector_buf_b_reg[45][5]/C,operand_x_reg_reg[111][5]/D
543,-0.677,2.660,7,operand_x_reg_reg[106][7]/C,lane_product_reg_reg[106][14]/D
544,-0.677,2.660,7,operand_x_reg_reg[106][7]/C,lane_product_reg_reg[106][7]/D
545,-0.677,2.659,4,vector_buf_b_reg[44][4]/C,operand_x_reg_reg[74][4]/D
546,-0.677,2.657,3,sched_src_reg_reg[46][2]_rep__3/C,operand_x_reg_reg[82][3]/D
547,-0.677,2.658,4,vector_buf_b_reg[54][8]/C,operand_x_reg_reg[51][8]/D
548,-0.677,2.657,1,issue_cycle_reg[2]_rep__4/C,sched_src_reg_reg[50][5]_rep__2/D
549,-0.676,2.656,4,vector_buf_b_reg[32][12]/C,operand_x_reg_reg[81][12]/D
550,-0.676,2.656,2,sched_src_reg_reg[28][4]/C,operand_x_reg_reg[12][12]/D
551,-0.676,2.659,7,operand_x_reg_reg[18][8]/C,lane_product_reg_reg[18][19]/D
552,-0.676,2.659,6,bf_cycle_reg[3]/C,signal_reg_reg[114][18]/D
553,-0.676,2.657,1,sched_valid_reg_reg[12]/C,operand_x_reg_reg[63][3]/D
554,-0.676,2.657,1,issue_cycle_reg[4]_rep__5/C,sched_src_reg_reg[67][3]_rep__1/D
555,-0.676,2.657,3,sched_valid_reg_reg[126]_rep/C,operand_x_reg_reg[38][9]/D
556,-0.676,2.659,5,bf_cycle_reg[3]/C,signal_reg_reg[109][15]/D
557,-0.676,2.657,5,vector_buf_b_reg[56][0]/C,operand_x_reg_reg[15][0]/D
558,-0.676,2.656,5,vector_buf_b_reg[55][14]/C,operand_x_reg_reg[111][14]/D
559,-0.676,2.656,7,operand_x_reg_reg[119][15]/C,lane_product_reg_reg[119][21]/D
560,-0.676,2.656,1,operand_valid_reg_reg[95]_rep__0/C,lane_product_reg_reg[113][35]/D
561,-0.675,2.658,7,operand_coeff_reg_reg[117][4]/C,lane_product_reg_reg[92][14]/D
562,-0.675,2.658,7,operand_x_reg_reg[63][15]/C,lane_product_reg_reg[63][22]/D
563,-0.675,2.656,4,vector_buf_b_reg[58][13]/C,operand_x_reg_reg[9][13]/D
564,-0.675,2.656,5,bf_cycle_reg[3]/C,signal_reg_reg[97][13]/D
565,-0.675,2.656,4,vector_buf_b_reg[34][0]/C,operand_x_reg_reg[39][0]/D
566,-0.675,2.654,4,lane_product_reg_reg[127][3]/C,red_s0_data_reg[61][18]/D
567,-0.674,2.656,6,bf_cycle_reg[3]/C,signal_reg_reg[109][19]/D
568,-0.674,2.657,6,bf_cycle_reg[3]/C,signal_reg_reg[97][21]/D
569,-0.674,2.656,4,vector_buf_b_reg[50][1]/C,operand_x_reg_reg[123][1]/D
570,-0.674,2.654,2,red_s0_data_reg[63][22]/C,red_s1_data_reg[30][23]/D
571,-0.674,2.656,7,operand_x_reg_reg[100][9]/C,lane_product_reg_reg[100][10]/D
572,-0.674,2.657,7,operand_x_reg_reg[83][11]/C,lane_product_reg_reg[83][15]/D
573,-0.674,2.655,7,operand_x_reg_reg[76][5]/C,lane_product_reg_reg[76][17]/D
574,-0.674,2.656,7,operand_x_reg_reg[49][1]/C,lane_product_reg_reg[49][11]/D
575,-0.674,2.655,7,operand_x_reg_reg[98][11]/C,lane_product_reg_reg[98][19]/D
576,-0.674,2.655,2,sched_src_reg_reg[127][5]_rep/C,operand_x_reg_reg[25][6]/D
577,-0.674,2.654,3,sched_src_reg_reg[46][2]_rep__0/C,operand_x_reg_reg[13][5]/D
578,-0.674,2.654,1,operand_valid_reg_reg[12]/C,lane_product_reg_reg[14][17]/D
579,-0.673,2.656,6,bf_cycle_reg[3]/C,signal_reg_reg[115][11]/D
580,-0.673,2.656,7,operand_x_reg_reg[52][0]/C,lane_product_reg_reg[52][21]/D
581,-0.673,2.654,3,lane_product_reg_reg[127][7]/C,red_s0_data_reg[60][14]/D
582,-0.673,2.656,2,sched_src_reg_reg[49][1]/C,operand_x_reg_reg[62][3]/D
583,-0.673,2.655,4,vector_buf_b_reg[20][0]/C,operand_x_reg_reg[9][0]/D
584,-0.673,2.656,6,bf_cycle_reg[3]/C,signal_reg_reg[115][14]/D
585,-0.673,2.654,6,bf_cycle_reg[3]/C,signal_reg_reg[61][14]/D
586,-0.673,2.655,3,sched_src_reg_reg[46][2]_rep/C,operand_x_reg_reg[69][3]/D
587,-0.672,2.655,7,operand_x_reg_reg[81][5]/C,lane_product_reg_reg[81][12]/D
588,-0.672,2.652,5,vector_buf_a_reg[17][4]/C,operand_x_reg_reg[54][4]/D
589,-0.672,2.654,7,operand_x_reg_reg[89][15]/C,lane_product_reg_reg[89][37]/D
590,-0.672,2.652,1,issue_cycle_reg[2]_rep__4/C,sched_src_reg_reg[50][3]_rep/D
591,-0.671,2.653,5,vector_buf_b_reg[6][1]/C,operand_x_reg_reg[14][1]/D
592,-0.671,2.652,7,operand_x_reg_reg[100][14]/C,lane_product_reg_reg[100][17]/D
593,-0.671,2.652,7,operand_x_reg_reg[103][5]/C,lane_product_reg_reg[103][22]/D
594,-0.671,2.652,3,vector_buf_a_reg[1][10]/C,operand_x_reg_reg[120][10]/D
595,-0.671,2.654,6,bf_cycle_reg[3]/C,signal_reg_reg[79][17]/D
596,-0.671,2.651,2,sched_src_reg_reg[70][1]_rep__0/C,operand_x_reg_reg[99][10]/D
597,-0.671,2.653,6,bf_cycle_reg[3]/C,signal_reg_reg[50][18]/D
598,-0.671,2.652,6,bf_cycle_reg[3]/C,signal_reg_reg[118][16]/D
599,-0.670,2.651,3,red_s0_data_reg[63][11]/C,red_s1_data_reg[1][22]/D
600,-0.670,2.653,6,bf_cycle_reg[3]/C,signal_reg_reg[94][21]/D
601,-0.670,2.651,7,operand_x_reg_reg[29][8]/C,lane_product_reg_reg[29][15]/D
602,-0.670,2.651,3,sched_src_reg_reg[28][1]_rep__0/C,operand_x_reg_reg[125][6]/D
603,-0.670,2.652,2,sched_src_reg_reg[16][3]/C,operand_x_reg_reg[16][15]/D
604,-0.670,2.651,1,issue_cycle_reg[1]_rep__4/C,sched_coeff_reg_reg[12][3]/D
605,-0.670,2.651,4,vector_buf_a_reg[0][8]/C,operand_x_reg_reg[94][8]/D
606,-0.670,2.650,6,bf_cycle_reg[0]/C,signal_reg_reg[112][17]/D
607,-0.670,2.651,6,bf_cycle_reg[3]/C,signal_reg_reg[122][16]/D
608,-0.670,2.651,6,bf_cycle_reg[3]/C,signal_reg_reg[69][21]/D
609,-0.670,2.649,3,lane_product_reg_reg[127][3]/C,red_s0_data_reg[61][14]/D
610,-0.669,2.650,7,operand_x_reg_reg[113][9]/C,lane_product_reg_reg[113][15]/D
611,-0.669,2.651,7,operand_x_reg_reg[76][5]/C,lane_product_reg_reg[76][13]/D
612,-0.669,2.650,7,operand_x_reg_reg[45][9]/C,lane_product_reg_reg[45][14]/D
613,-0.669,2.652,6,bf_cycle_reg[3]/C,signal_reg_reg[79][11]/D
614,-0.669,2.649,1,operand_valid_reg_reg[12]/C,lane_product_reg_reg[14][18]/D
615,-0.669,2.648,4,lane_product_reg_reg[127][1]/C,red_s0_data_reg[40][20]/D
616,-0.669,2.651,6,bf_cycle_reg[3]/C,signal_reg_reg[111][19]/D
617,-0.669,2.649,5,vector_buf_b_reg[49][0]/C,operand_x_reg_reg[46][0]/D
618,-0.669,2.651,6,bf_cycle_reg[3]/C,signal_reg_reg[85][16]/D
619,-0.668,2.651,6,bf_cycle_reg[3]/C,signal_reg_reg[89][21]/D
620,-0.668,2.649,5,red_cycle_reg[1]/C,red_s2_data_reg[4][20]/D
621,-0.668,2.649,2,sched_src_reg_reg[70][1]_rep__0/C,operand_x_reg_reg[111][13]/D
622,-0.668,2.649,7,operand_x_reg_reg[14][5]/C,lane_product_reg_reg[14][10]/D
623,-0.668,2.650,5,vector_buf_a_reg[31][0]/C,operand_x_reg_reg[78][0]/D
624,-0.668,2.650,6,bf_cycle_reg[3]/C,signal_reg_reg[73][18]/D
625,-0.668,2.648,1,issue_cycle_reg[3]_rep__2/C,sched_coeff_reg_reg[98][6]/D
626,-0.667,2.650,6,bf_cycle_reg[3]/C,signal_reg_reg[123][12]/D
627,-0.667,2.648,1,issue_cycle_reg[4]_rep__3/C,sched_coeff_reg_reg[96][5]/D
628,-0.667,2.650,5,bf_cycle_reg[3]/C,signal_reg_reg[87][21]/D
629,-0.667,2.648,7,operand_x_reg_reg[72][15]/C,lane_product_reg_reg[72][17]/D
630,-0.667,2.648,7,operand_x_reg_reg[91][2]/C,lane_product_reg_reg[91][14]/D
631,-0.667,2.650,5,vector_buf_b_reg[45][5]/C,operand_x_reg_reg[28][5]/D
632,-0.667,2.648,3,vector_buf_a_reg[36][1]/C,operand_x_reg_reg[1][1]/D
633,-0.667,2.648,4,vector_buf_a_reg[62][10]/C,operand_x_reg_reg[94][10]/D
634,-0.667,2.649,7,operand_x_reg_reg[99][15]/C,lane_product_reg_reg[99][35]/D
635,-0.667,2.647,4,vector_buf_a_reg[5][5]/C,operand_x_reg_reg[94][5]/D
636,-0.667,2.647,4,lane_product_reg_reg[127][0]/C,red_s0_data_reg[63][23]/D
637,-0.667,2.648,7,operand_x_reg_reg[47][15]/C,lane_product_reg_reg[47][19]/D
638,-0.667,2.647,5,vector_buf_a_reg[12][11]/C,operand_x_reg_reg[78][11]/D
639,-0.667,2.648,6,bf_cycle_reg[3]/C,signal_reg_reg[97][17]/D
640,-0.666,2.647,4,vector_buf_b_reg[18][13]/C,operand_x_reg_reg[17][13]/D
641,-0.666,2.649,7,operand_x_reg_reg[116][14]/C,lane_product_reg_reg[116][21]/D
642,-0.666,2.647,7,operand_x_reg_reg[84][10]/C,lane_product_reg_reg[84][11]/D
643,-0.666,2.647,2,red_s0_data_reg[63][16]/C,red_s1_data_reg[0][22]/D
644,-0.666,2.649,5,bf_cycle_reg[3]/C,signal_reg_reg[79][5]/D
645,-0.666,2.647,4,lane_product_reg_reg[127][7]/C,red_s0_data_reg[60][16]/D
646,-0.666,2.646,4,lane_product_reg_reg[127][0]/C,red_s0_data_reg[63][21]/D
647,-0.666,2.646,5,vector_buf_b_reg[15][0]/C,operand_x_reg_reg[84][0]/D
648,-0.666,2.645,4,lane_product_reg_reg[127][1]/C,red_s0_data_reg[40][19]/D
649,-0.666,2.645,5,vector_buf_a_reg[29][12]/C,operand_x_reg_reg[50][12]/D
650,-0.666,2.646,5,vector_buf_b_reg[50][9]/C,operand_x_reg_reg[86][9]/D
651,-0.666,2.646,5,vector_buf_b_reg[36][1]/C,operand_x_reg_reg[15][1]/D
652,-0.666,2.648,6,bf_cycle_reg[3]/C,signal_reg_reg[114][17]/D
653,-0.665,2.645,1,issue_active_reg_rep__2/C,sched_src_reg_reg[126][2]_rep__35/D
654,-0.665,2.646,5,red_cycle_reg[1]/C,red_s2_data_reg[4][19]/D
655,-0.665,2.645,7,operand_x_reg_reg[46][13]/C,lane_product_reg_reg[46][13]/D
656,-0.665,2.648,7,operand_x_reg_reg[95][4]/C,lane_product_reg_reg[95][22]/D
657,-0.665,2.646,4,sched_src_reg_reg[46][5]_rep__1/C,operand_x_reg_reg[69][0]/D
658,-0.665,2.646,4,vector_buf_b_reg[17][4]/C,operand_x_reg_reg[123][4]/D
659,-0.665,2.647,5,bf_cycle_reg[3]/C,signal_reg_reg[123][5]/D
660,-0.665,2.646,6,bf_cycle_reg[3]/C,signal_reg_reg[65][19]/D
661,-0.664,2.644,1,issue_cycle_reg[4]_rep__3/C,sched_src_reg_reg[70][1]/D
662,-0.664,2.646,7,operand_x_reg_reg[72][15]/C,lane_product_reg_reg[72][19]/D
663,-0.664,2.645,7,operand_x_reg_reg[53][8]/C,lane_product_reg_reg[53][14]/D
664,-0.664,2.645,1,issue_cycle_reg[2]_rep__4/C,sched_src_reg_reg[16][3]_rep/D
665,-0.664,2.645,4,red_s0_data_reg[63][14]/C,red_s1_data_reg[3][23]/D
666,-0.664,2.647,6,bf_cycle_reg[3]/C,signal_reg_reg[115][21]/D
667,-0.664,2.646,4,sched_src_reg_reg[99][2]/C,operand_x_reg_reg[113][13]/D
668,-0.664,2.643,5,vector_buf_b_reg[51][13]/C,operand_x_reg_reg[28][13]/D
669,-0.664,2.645,2,sched_src_reg_reg[28][1]/C,operand_x_reg_reg[69][6]/D
670,-0.664,2.644,7,operand_x_reg_reg[3][15]/C,lane_product_reg_reg[3][21]/D
671,-0.664,2.646,6,bf_cycle_reg[3]/C,signal_reg_reg[9][13]/D
672,-0.664,2.644,1,operand_valid_reg_reg[12]/C,lane_product_reg_reg[14][20]/D
673,-0.664,2.643,4,vector_buf_b_reg[23][9]/C,operand_x_reg_reg[21][9]/D
674,-0.663,2.646,7,operand_x_reg_reg[95][4]/C,lane_product_reg_reg[95][7]/D
675,-0.663,2.646,7,operand_x_reg_reg[18][8]/C,lane_product_reg_reg[18][15]/D
676,-0.663,2.646,7,operand_x_reg_reg[83][11]/C,lane_product_reg_reg[83][21]/D
677,-0.663,2.645,7,operand_x_reg_reg[59][12]/C,lane_product_reg_reg[59][22]/D
678,-0.663,2.645,7,operand_x_reg_reg[79][0]/C,lane_product_reg_reg[79][0]/D
679,-0.663,2.644,4,red_s0_data_reg[63][14]/C,red_s1_data_reg[3][21]/D
680,-0.663,2.644,1,issue_cycle_reg[4]_rep__2/C,sched_coeff_reg_reg[49][2]/D
681,-0.663,2.645,1,issue_cycle_reg[4]_rep/C,sched_src_reg_reg[28][4]_rep__7/D
682,-0.663,2.644,6,bf_cycle_reg[3]/C,signal_reg_reg[9][16]/D
683,-0.663,2.644,4,vector_buf_b_reg[38][4]/C,operand_x_reg_reg[78][4]/D
684,-0.663,2.643,5,vector_buf_b_reg[1][13]/C,operand_x_reg_reg[57][13]/D
685,-0.663,2.642,4,lane_product_reg_reg[127][3]/C,red_s0_data_reg[61][16]/D
686,-0.662,2.644,7,operand_x_reg_reg[59][12]/C,lane_product_reg_reg[59][38]/D
687,-0.662,2.644,7,operand_x_reg_reg[59][12]/C,lane_product_reg_reg[59][17]/D
688,-0.662,2.645,7,operand_x_reg_reg[63][15]/C,lane_product_reg_reg[63][38]/D
689,-0.662,2.645,6,bf_cycle_reg[3]/C,signal_reg_reg[121][18]/D
690,-0.662,2.642,1,issue_cycle_reg[2]_rep__4/C,sched_src_reg_reg[44][2]_rep__0/D
691,-0.662,2.644,6,bf_cycle_reg[3]/C,signal_reg_reg[118][17]/D
692,-0.661,2.642,7,operand_x_reg_reg[27][13]/C,lane_product_reg_reg[27][18]/D
693,-0.661,2.642,7,operand_x_reg_reg[45][9]/C,lane_product_reg_reg[45][18]/D
694,-0.661,2.642,7,operand_x_reg_reg[98][11]/C,lane_product_reg_reg[98][17]/D
695,-0.661,2.642,4,vector_buf_b_reg[58][13]/C,operand_x_reg_reg[21][13]/D
696,-0.661,2.644,6,bf_cycle_reg[3]/C,signal_reg_reg[50][8]/D
697,-0.661,2.642,4,vector_buf_b_reg[24][13]/C,operand_x_reg_reg[74][13]/D
698,-0.661,2.641,6,bf_cycle_reg[0]/C,signal_reg_reg[120][21]/D
699,-0.661,2.641,2,lane_product_reg_reg[127][17]/C,red_s0_data_reg[25][23]/D
700,-0.661,2.642,5,vector_buf_a_reg[28][7]/C,operand_x_reg_reg[123][7]/D
701,-0.661,2.643,4,vector_buf_b_reg[34][0]/C,operand_x_reg_reg[47][0]/D
702,-0.661,2.642,3,sched_src_reg_reg[46][5]_rep__2/C,operand_x_reg_reg[77][2]/D
703,-0.660,2.641,7,operand_x_reg_reg[127][6]/C,lane_product_reg_reg[127][8]/D
704,-0.660,2.641,7,operand_x_reg_reg[37][7]/C,lane_product_reg_reg[37][8]/D
705,-0.660,2.641,1,issue_active_reg_rep__2/C,sched_coeff_reg_reg[92][4]/D
706,-0.660,2.643,5,bf_cycle_reg[3]/C,signal_reg_reg[61][7]/D
707,-0.660,2.641,2,sched_src_reg_reg[28][4]/C,operand_x_reg_reg[12][11]/D
708,-0.660,2.641,4,vector_buf_b_reg[48][11]/C,operand_x_reg_reg[124][11]/D
709,-0.660,2.642,6,bf_cycle_reg[3]/C,signal_reg_reg[69][19]/D
710,-0.660,2.640,2,lane_product_reg_reg[127][17]/C,red_s0_data_reg[58][23]/D
711,-0.660,2.640,5,vector_buf_b_reg[33][15]/C,operand_x_reg_reg[49][15]/D
712,-0.660,2.642,7,operand_x_reg_reg[47][15]/C,lane_product_reg_reg[47][21]/D
713,-0.660,2.640,5,lane_product_reg_reg[127][7]/C,red_s0_data_reg[4][20]/D
714,-0.660,2.642,6,bf_cycle_reg[3]/C,signal_reg_reg[115][20]/D
715,-0.659,2.641,5,vector_buf_a_reg[46][11]/C,operand_x_reg_reg[7][11]/D
716,-0.659,2.641,7,operand_x_reg_reg[108][8]/C,lane_product_reg_reg[108][21]/D
717,-0.659,2.642,7,operand_x_reg_reg[116][14]/C,lane_product_reg_reg[116][22]/D
718,-0.659,2.640,7,operand_x_reg_reg[54][13]/C,lane_product_reg_reg[54][21]/D
719,-0.659,2.642,7,operand_coeff_reg_reg[117][4]/C,lane_product_reg_reg[92][22]/D
720,-0.659,2.641,6,bf_cycle_reg[3]/C,signal_reg_reg[109][21]/D
721,-0.659,2.641,6,bf_cycle_reg[3]/C,signal_reg_reg[69][20]/D
722,-0.659,2.642,5,bf_cycle_reg[3]/C,signal_reg_reg[113][13]/D
723,-0.659,2.638,3,lane_product_reg_reg[127][1]/C,red_s0_data_reg[40][15]/D
724,-0.659,2.638,4,lane_product_reg_reg[127][1]/C,red_s0_data_reg[40][17]/D
725,-0.659,2.641,6,bf_cycle_reg[3]/C,signal_reg_reg[117][17]/D
726,-0.658,2.639,4,red_cycle_reg[1]/C,red_s2_data_reg[4][15]/D
727,-0.658,2.639,5,red_cycle_reg[1]/C,red_s2_data_reg[4][17]/D
728,-0.658,2.638,1,issue_cycle_reg[1]_rep__1/C,sched_src_reg_reg[70][1]_rep__2/D
729,-0.658,2.640,4,vector_buf_a_reg[14][15]/C,operand_x_reg_reg[103][15]/D
730,-0.658,2.638,4,vector_buf_b_reg[12][6]/C,operand_x_reg_reg[19][6]/D
731,-0.658,2.638,2,lane_product_reg_reg[127][17]/C,red_s0_data_reg[25][21]/D
732,-0.658,2.638,4,vector_buf_b_reg[28][9]/C,operand_x_reg_reg[77][9]/D
733,-0.658,2.637,3,lane_product_reg_reg[127][1]/C,red_s0_data_reg[40][13]/D
734,-0.657,2.638,4,red_cycle_reg[1]/C,red_s2_data_reg[4][13]/D
735,-0.657,2.639,7,operand_x_reg_reg[100][9]/C,lane_product_reg_reg[100][9]/D
736,-0.657,2.640,7,operand_x_reg_reg[106][7]/C,lane_product_reg_reg[106][9]/D
737,-0.657,2.638,7,operand_x_reg_reg[15][1]/C,lane_product_reg_reg[15][11]/D
738,-0.657,2.638,5,vector_buf_a_reg[5][7]/C,operand_x_reg_reg[17][7]/D
739,-0.657,2.637,6,bf_cycle_reg[0]/C,signal_reg_reg[120][20]/D
740,-0.657,2.640,6,bf_cycle_reg[3]/C,signal_reg_reg[94][20]/D
741,-0.657,2.637,2,lane_product_reg_reg[127][17]/C,red_s0_data_reg[58][21]/D
742,-0.657,2.638,2,sched_src_reg_reg[16][3]/C,operand_x_reg_reg[33][0]/D
743,-0.657,2.639,7,operand_x_reg_reg[47][15]/C,lane_product_reg_reg[47][18]/D
744,-0.657,2.637,5,lane_product_reg_reg[127][7]/C,red_s0_data_reg[4][19]/D
745,-0.656,2.638,6,bf_cycle_reg[3]/C,signal_reg_reg[93][21]/D
746,-0.656,2.638,5,bf_cycle_reg[3]/C,signal_reg_reg[71][20]/D
747,-0.656,2.636,7,operand_x_reg_reg[117][11]/C,lane_product_reg_reg[117][17]/D
748,-0.656,2.637,7,operand_x_reg_reg[62][4]/C,lane_product_reg_reg[62][9]/D
749,-0.656,2.639,7,operand_x_reg_reg[52][0]/C,lane_product_reg_reg[52][5]/D
750,-0.656,2.639,6,bf_cycle_reg[3]/C,signal_reg_reg[4][19]/D
751,-0.656,2.637,1,issue_cycle_reg[1]_rep__1/C,sched_coeff_reg_reg[103][6]/D
752,-0.656,2.638,6,bf_cycle_reg[3]/C,signal_reg_reg[97][19]/D
753,-0.656,2.636,1,issue_active_reg_rep__2/C,sched_src_reg_reg[70][0]_rep__26/D
754,-0.656,2.638,2,sched_src_reg_reg[24][1]_rep__25/C,operand_x_reg_reg[42][3]/D
755,-0.656,2.636,7,operand_x_reg_reg[100][15]/C,lane_product_reg_reg[100][35]/D
756,-0.655,2.638,7,operand_x_reg_reg[79][15]/C,lane_product_reg_reg[79][20]/D
757,-0.655,2.638,6,bf_cycle_reg[3]/C,signal_reg_reg[63][15]/D
758,-0.655,2.635,7,operand_x_reg_reg[46][13]/C,lane_product_reg_reg[46][17]/D
759,-0.655,2.637,7,operand_x_reg_reg[49][1]/C,lane_product_reg_reg[49][9]/D
760,-0.655,2.637,7,operand_x_reg_reg[49][1]/C,lane_product_reg_reg[49][8]/D
761,-0.655,2.638,7,operand_x_reg_reg[5][12]/C,lane_product_reg_reg[5][14]/D
762,-0.655,2.636,2,sched_src_reg_reg[44][4]_rep/C,operand_x_reg_reg[44][6]/D
763,-0.655,2.636,3,lane_product_reg_reg[127][7]/C,red_s0_data_reg[60][12]/D
764,-0.655,2.636,3,sched_src_reg_reg[28][4]_rep__2/C,operand_x_reg_reg[124][3]/D
765,-0.655,2.637,6,bf_cycle_reg[3]/C,signal_reg_reg[50][16]/D
766,-0.655,2.635,4,sched_src_reg_reg[67][4]_rep__0/C,operand_x_reg_reg[57][11]/D
767,-0.655,2.638,6,bf_cycle_reg[3]/C,signal_reg_reg[87][9]/D
768,-0.655,2.634,6,bf_cycle_reg[1]/C,signal_reg_reg[118][14]/D
769,-0.654,2.634,4,vector_buf_a_reg[58][8]/C,operand_x_reg_reg[52][8]/D
770,-0.654,2.635,7,operand_x_reg_reg[15][1]/C,lane_product_reg_reg[15][13]/D
771,-0.654,2.637,7,operand_x_reg_reg[37][13]/C,lane_product_reg_reg[37][16]/D
772,-0.654,2.635,7,operand_coeff_reg_reg[111][0]/C,lane_product_reg_reg[111][4]/D
773,-0.654,2.636,5,vector_buf_a_reg[9][12]/C,operand_x_reg_reg[71][12]/D
774,-0.654,2.636,4,vector_buf_a_reg[28][15]/C,operand_x_reg_reg[94][15]/D
775,-0.654,2.635,7,operand_x_reg_reg[12][15]/C,lane_product_reg_reg[12][21]/D
776,-0.654,2.634,4,lane_product_reg_reg[127][3]/C,red_s0_data_reg[56][23]/D
777,-0.654,2.634,4,lane_product_reg_reg[127][0]/C,red_s0_data_reg[63][22]/D
778,-0.654,2.635,6,bf_cycle_reg[3]/C,signal_reg_reg[114][16]/D
779,-0.654,2.633,5,vector_buf_b_reg[28][12]/C,operand_x_reg_reg[28][12]/D
780,-0.653,2.635,7,operand_x_reg_reg[84][15]/C,lane_product_reg_reg[84][22]/D
781,-0.653,2.633,1,issue_active_reg_rep__2/C,sched_src_reg_reg[50][5]_rep__4/D
782,-0.653,2.636,6,bf_cycle_reg[3]/C,signal_reg_reg[77][21]/D
783,-0.653,2.633,4,lane_product_reg_reg[127][3]/C,red_s0_data_reg[56][21]/D
784,-0.653,2.635,5,vector_buf_a_reg[5][11]/C,operand_x_reg_reg[117][11]/D
785,-0.653,2.636,6,bf_cycle_reg[3]/C,signal_reg_reg[111][17]/D
786,-0.653,2.635,5,vector_buf_a_reg[9][3]/C,operand_x_reg_reg[78][3]/D
787,-0.653,2.634,6,bf_cycle_reg[3]/C,signal_reg_reg[89][11]/D
788,-0.653,2.632,6,bf_cycle_reg[1]/C,signal_reg_reg[94][9]/D
789,-0.653,2.635,6,bf_cycle_reg[3]/C,signal_reg_reg[119][20]/D
790,-0.653,2.635,6,bf_cycle_reg[3]/C,signal_reg_reg[77][16]/D
791,-0.652,2.633,3,red_s0_data_reg[63][11]/C,red_s1_data_reg[1][20]/D
792,-0.652,2.634,5,vector_buf_b_reg[38][9]/C,operand_x_reg_reg[117][9]/D
793,-0.652,2.634,6,bf_cycle_reg[3]/C,signal_reg_reg[44][20]/D
794,-0.652,2.635,7,operand_x_reg_reg[114][10]/C,lane_product_reg_reg[114][21]/D
795,-0.652,2.633,3,lane_product_reg_reg[127][7]/C,red_s0_data_reg[60][11]/D
796,-0.652,2.635,5,bf_cycle_reg[3]/C,signal_reg_reg[77][4]/D
797,-0.652,2.632,5,vector_buf_a_reg[6][2]/C,operand_x_reg_reg[123][2]/D
798,-0.652,2.632,4,lane_product_reg_reg[127][4]/C,red_s0_data_reg[0][23]/D
799,-0.652,2.633,5,vector_buf_a_reg[51][10]/C,operand_x_reg_reg[86][10]/D
800,-0.652,2.633,2,sched_src_reg_reg[28][2]_rep__3/C,operand_x_reg_reg[83][15]/D
801,-0.652,2.631,3,lane_product_reg_reg[127][3]/C,red_s0_data_reg[61][12]/D
802,-0.652,2.632,5,sched_src_reg_reg[70][0]_rep__28/C,operand_x_reg_reg[95][7]/D
803,-0.651,2.632,3,sched_src_reg_reg[28][2]_rep__4/C,operand_x_reg_reg[17][3]/D
804,-0.651,2.632,1,operand_valid_reg_reg[12]/C,lane_product_reg_reg[14][5]/D
805,-0.651,2.632,7,operand_x_reg_reg[10][13]/C,lane_product_reg_reg[10][18]/D
806,-0.651,2.632,7,operand_x_reg_reg[118][4]/C,lane_product_reg_reg[118][10]/D
807,-0.651,2.632,4,sched_src_reg_reg[46][5]_rep__5/C,operand_x_reg_reg[83][1]/D
808,-0.651,2.632,4,red_s0_data_reg[63][14]/C,red_s1_data_reg[3][22]/D
809,-0.651,2.632,1,issue_cycle_reg[2]_rep__5/C,sched_coeff_reg_reg[32][5]/D
810,-0.651,2.632,4,lane_product_reg_reg[127][4]/C,red_s0_data_reg[7][23]/D
811,-0.651,2.630,4,lane_product_reg_reg[127][1]/C,red_s0_data_reg[40][18]/D
812,-0.651,2.631,4,lane_product_reg_reg[127][4]/C,red_s0_data_reg[0][21]/D
813,-0.650,2.633,6,bf_cycle_reg[3]/C,signal_reg_reg[115][19]/D
814,-0.650,2.631,5,red_cycle_reg[1]/C,red_s2_data_reg[4][18]/D
815,-0.650,2.632,7,operand_x_reg_reg[26][3]/C,lane_product_reg_reg[26][11]/D
816,-0.650,2.633,7,operand_x_reg_reg[110][12]/C,lane_product_reg_reg[110][16]/D
817,-0.650,2.633,7,operand_x_reg_reg[116][14]/C,lane_product_reg_reg[116][17]/D
818,-0.650,2.631,7,operand_x_reg_reg[45][9]/C,lane_product_reg_reg[45][10]/D
819,-0.650,2.632,7,operand_x_reg_reg[49][1]/C,lane_product_reg_reg[49][19]/D
820,-0.650,2.630,4,vector_buf_b_reg[9][3]/C,operand_x_reg_reg[22][3]/D
821,-0.650,2.632,5,bf_cycle_reg[3]/C,signal_reg_reg[121][14]/D
822,-0.650,2.631,4,lane_product_reg_reg[127][4]/C,red_s0_data_reg[7][21]/D
823,-0.650,2.630,4,lane_product_reg_reg[127][7]/C,red_s0_data_reg[4][15]/D
824,-0.650,2.630,5,lane_product_reg_reg[127][7]/C,red_s0_data_reg[4][17]/D
825,-0.650,2.630,4,vector_buf_a_reg[15][15]/C,operand_x_reg_reg[76][15]/D
826,-0.649,2.630,3,red_s0_data_reg[63][11]/C,red_s1_data_reg[1][19]/D
827,-0.649,2.632,7,operand_x_reg_reg[39][5]/C,lane_product_reg_reg[39][17]/D
828,-0.649,2.630,7,operand_x_reg_reg[53][8]/C,lane_product_reg_reg[53][17]/D
829,-0.649,2.630,7,operand_x_reg_reg[53][8]/C,lane_product_reg_reg[53][38]/D
830,-0.649,2.632,5,bf_cycle_reg[3]/C,signal_reg_reg[109][7]/D
831,-0.649,2.631,5,bf_cycle_reg[3]/C,signal_reg_reg[117][14]/D
832,-0.649,2.632,6,bf_cycle_reg[3]/C,signal_reg_reg[99][16]/D
833,-0.649,2.544,1,capture_vector_id_reg[0]/C,stage16_mem_reg[2][0][0]/CE
834,-0.649,2.544,1,capture_vector_id_reg[0]/C,stage16_mem_reg[2][8][0]/CE
835,-0.649,2.630,5,sched_src_reg_reg[127][5]_rep__17/C,operand_x_reg_reg[3][14]/D
836,-0.649,2.631,5,bf_cycle_reg[3]/C,signal_reg_reg[97][15]/D
837,-0.649,2.629,1,operand_valid_reg_reg[12]/C,lane_product_reg_reg[17][10]/D
838,-0.649,2.629,4,lane_product_reg_reg[127][7]/C,red_s0_data_reg[4][13]/D
839,-0.649,2.628,4,vector_buf_b_reg[17][9]/C,operand_x_reg_reg[51][9]/D
840,-0.649,2.628,3,lane_product_reg_reg[127][3]/C,red_s0_data_reg[61][11]/D
841,-0.648,2.629,5,sched_src_reg_reg[10][1]/C,operand_x_reg_reg[6][12]/D
842,-0.648,2.628,4,lane_product_reg_reg[127][3]/C,red_s0_data_reg[1][23]/D
843,-0.648,2.630,7,operand_x_reg_reg[49][1]/C,lane_product_reg_reg[49][12]/D
844,-0.648,2.631,7,operand_x_reg_reg[57][6]/C,lane_product_reg_reg[57][13]/D
845,-0.648,2.628,3,lane_product_reg_reg[127][9]/C,red_s0_data_reg[48][23]/D
846,-0.648,2.629,3,sched_src_reg_reg[70][0]_rep__28/C,operand_x_reg_reg[95][1]/D
847,-0.648,2.629,6,bf_cycle_reg[3]/C,signal_reg_reg[121][20]/D
848,-0.647,2.628,6,bf_cycle_reg[1]/C,signal_reg_reg[118][13]/D
849,-0.647,2.627,4,lane_product_reg_reg[127][3]/C,red_s0_data_reg[1][21]/D
850,-0.647,2.629,7,operand_x_reg_reg[49][1]/C,lane_product_reg_reg[49][3]/D
851,-0.647,2.630,7,operand_x_reg_reg[37][13]/C,lane_product_reg_reg[37][21]/D
852,-0.647,2.629,7,operand_x_reg_reg[3][12]/C,lane_product_reg_reg[3][15]/D
853,-0.647,2.630,7,operand_x_reg_reg[95][4]/C,lane_product_reg_reg[95][37]/D
854,-0.647,2.628,7,operand_x_reg_reg[8][13]/C,lane_product_reg_reg[8][22]/D
855,-0.647,2.628,5,vector_buf_a_reg[54][1]/C,operand_x_reg_reg[111][1]/D
856,-0.647,2.629,5,vector_buf_b_reg[44][15]/C,operand_x_reg_reg[90][15]/D
857,-0.647,2.627,3,lane_product_reg_reg[127][9]/C,red_s0_data_reg[48][21]/D
858,-0.647,2.630,7,operand_x_reg_reg[20][15]/C,lane_product_reg_reg[20][22]/D
859,-0.647,2.630,6,bf_cycle_reg[3]/C,signal_reg_reg[63][19]/D
860,-0.647,2.630,2,sched_src_reg_reg[99][2]_rep/C,operand_x_reg_reg[94][2]/D
861,-0.647,2.629,3,sched_src_reg_reg[46][5]_rep__5/C,operand_x_reg_reg[81][7]/D
862,-0.647,2.630,5,bf_cycle_reg[3]/C,signal_reg_reg[63][4]/D
863,-0.647,2.628,7,operand_x_reg_reg[12][15]/C,lane_product_reg_reg[12][22]/D
864,-0.647,2.628,5,vector_buf_a_reg[25][1]/C,operand_x_reg_reg[7][1]/D
865,-0.647,2.627,2,lane_product_reg_reg[127][17]/C,red_s0_data_reg[25][22]/D
866,-0.647,2.626,1,issue_cycle_reg[0]_rep/C,sched_src_reg_reg[126][2]_rep__5/D
867,-0.647,2.627,7,operand_x_reg_reg[110][15]/C,lane_product_reg_reg[110][21]/D
868,-0.647,2.627,7,operand_x_reg_reg[3][15]/C,lane_product_reg_reg[3][38]/D
869,-0.647,2.626,1,issue_active_reg_rep__2/C,sched_src_reg_reg[99][2]_rep__7/D
870,-0.647,2.627,5,vector_buf_a_reg[6][4]/C,operand_x_reg_reg[82][4]/D
871,-0.646,2.626,4,vector_buf_b_reg[37][3]/C,operand_x_reg_reg[123][3]/D
872,-0.646,2.627,7,operand_x_reg_reg[54][13]/C,lane_product_reg_reg[54][15]/D
873,-0.646,2.629,7,operand_x_reg_reg[83][11]/C,lane_product_reg_reg[83][13]/D
874,-0.646,2.627,7,operand_x_reg_reg[72][6]/C,lane_product_reg_reg[72][6]/D
875,-0.646,2.626,4,vector_buf_a_reg[52][9]/C,operand_x_reg_reg[52][9]/D
876,-0.646,2.628,6,bf_cycle_reg[3]/C,signal_reg_reg[93][20]/D
877,-0.646,2.626,4,vector_buf_b_reg[12][6]/C,operand_x_reg_reg[21][6]/D
878,-0.646,2.629,5,bf_cycle_reg[3]/C,signal_reg_reg[87][5]/D
879,-0.646,2.628,3,vector_buf_a_reg[43][12]/C,operand_x_reg_reg[116][12]/D
880,-0.646,2.626,2,lane_product_reg_reg[127][17]/C,red_s0_data_reg[58][22]/D
881,-0.646,2.625,3,lane_product_reg_reg[127][1]/C,red_s0_data_reg[40][14]/D
882,-0.646,2.628,6,bf_cycle_reg[3]/C,signal_reg_reg[109][9]/D
883,-0.646,2.628,6,bf_cycle_reg[3]/C,signal_reg_reg[98][19]/D
884,-0.645,2.626,4,red_cycle_reg[1]/C,red_s2_data_reg[4][14]/D
885,-0.645,2.626,7,operand_x_reg_reg[118][4]/C,lane_product_reg_reg[118][18]/D
886,-0.645,2.625,7,operand_x_reg_reg[118][4]/C,lane_product_reg_reg[118][7]/D
887,-0.645,2.626,2,red_s0_data_reg[63][16]/C,red_s1_data_reg[0][20]/D
888,-0.645,2.626,3,lane_product_reg_reg[127][7]/C,red_s0_data_reg[60][9]/D
889,-0.645,2.628,5,bf_cycle_reg[3]/C,signal_reg_reg[73][15]/D
890,-0.645,2.626,4,vector_buf_b_reg[43][6]/C,operand_x_reg_reg[116][6]/D
891,-0.645,2.625,1,operand_valid_reg_reg[12]/C,lane_product_reg_reg[14][0]/D
892,-0.645,2.626,6,bf_cycle_reg[3]/C,signal_reg_reg[44][21]/D
893,-0.645,2.625,1,issue_cycle_reg[4]_rep__3/C,sched_src_reg_reg[42][4]_rep__6/D
894,-0.645,2.624,1,issue_cycle_reg[4]_rep__3/C,sched_src_reg_reg[46][2]_rep/D
895,-0.644,2.627,7,operand_x_reg_reg[106][7]/C,lane_product_reg_reg[106][13]/D
896,-0.644,2.625,7,operand_x_reg_reg[88][5]/C,lane_product_reg_reg[88][5]/D
897,-0.644,2.626,3,sched_src_reg_reg[75][4]_rep__0/C,operand_x_reg_reg[43][7]/D
898,-0.644,2.625,5,vector_buf_b_reg[4][5]/C,operand_x_reg_reg[95][5]/D
899,-0.644,2.625,5,vector_buf_b_reg[8][8]/C,operand_x_reg_reg[46][8]/D
900,-0.643,2.623,1,issue_cycle_reg[2]_rep__5/C,sched_src_reg_reg[29][2]_rep__0/D
901,-0.643,2.623,5,bf_cycle_reg[1]/C,signal_reg_reg[110][5]/D
902,-0.643,2.625,5,vector_buf_a_reg[42][1]/C,operand_x_reg_reg[117][1]/D
903,-0.643,2.624,3,sched_src_reg_reg[74][5]_rep/C,operand_x_reg_reg[89][9]/D
904,-0.643,2.626,7,operand_x_reg_reg[95][4]/C,lane_product_reg_reg[95][5]/D
905,-0.643,2.624,7,operand_x_reg_reg[31][10]/C,lane_product_reg_reg[31][11]/D
906,-0.643,2.624,7,operand_x_reg_reg[53][8]/C,lane_product_reg_reg[53][22]/D
907,-0.643,2.624,7,operand_x_reg_reg[54][13]/C,lane_product_reg_reg[54][13]/D
908,-0.643,2.624,7,operand_x_reg_reg[92][4]/C,lane_product_reg_reg[92][5]/D
909,-0.643,2.626,6,bf_cycle_reg[3]/C,signal_reg_reg[93][17]/D
910,-0.643,2.624,1,issue_active_reg_rep__2/C,sched_valid_reg_reg[116]/D
911,-0.643,2.624,1,issue_active_reg_rep__2/C,sched_coeff_reg_reg[92][3]/D
912,-0.643,2.625,5,bf_cycle_reg[3]/C,signal_reg_reg[50][5]/D
913,-0.643,2.623,4,vector_buf_b_reg[28][0]/C,operand_x_reg_reg[7][0]/D
914,-0.643,2.622,6,bf_cycle_reg[1]/C,signal_reg_reg[122][11]/D
915,-0.643,2.625,2,sched_src_reg_reg[44][5]/C,operand_x_reg_reg[44][3]/D
916,-0.643,2.625,5,bf_cycle_reg[3]/C,signal_reg_reg[9][21]/D
917,-0.642,2.623,3,red_s0_data_reg[63][11]/C,red_s1_data_reg[1][17]/D
918,-0.642,2.622,3,vector_buf_b_reg[2][4]/C,operand_x_reg_reg[114][4]/D
919,-0.642,2.625,7,operand_x_reg_reg[28][9]/C,lane_product_reg_reg[28][15]/D
920,-0.642,2.623,7,operand_x_reg_reg[84][10]/C,lane_product_reg_reg[84][15]/D
921,-0.642,2.625,4,sched_src_reg_reg[70][1]_rep__2/C,operand_x_reg_reg[93][8]/D
922,-0.642,2.623,7,operand_coeff_reg_reg[111][0]/C,lane_product_reg_reg[111][11]/D
923,-0.642,2.623,2,sched_src_reg_reg[24][1]_rep__18/C,operand_x_reg_reg[68][3]/D
924,-0.642,2.625,5,bf_cycle_reg[3]/C,signal_reg_reg[53][6]/D
925,-0.642,2.623,1,issue_cycle_reg[4]_rep__2/C,sched_coeff_reg_reg[51][6]/D
926,-0.642,2.623,5,vector_buf_a_reg[54][8]/C,operand_x_reg_reg[17][8]/D
927,-0.642,2.622,5,sched_src_reg_reg[10][1]/C,operand_x_reg_reg[10][12]/D
928,-0.642,2.622,7,operand_x_reg_reg[110][15]/C,lane_product_reg_reg[110][22]/D
929,-0.642,2.622,5,lane_product_reg_reg[127][7]/C,red_s0_data_reg[4][18]/D
930,-0.642,2.622,4,sched_src_reg_reg[46][5]_rep__5/C,operand_x_reg_reg[83][2]/D
931,-0.642,2.621,1,issue_cycle_reg[4]_rep__3/C,sched_src_reg_reg[70][0]_rep__18/D
932,-0.642,2.621,3,lane_product_reg_reg[127][3]/C,red_s0_data_reg[61][9]/D
933,-0.642,2.623,5,vector_buf_a_reg[40][1]/C,operand_x_reg_reg[3][1]/D
934,-0.642,2.622,2,sched_src_reg_reg[28][4]_rep__4/C,operand_x_reg_reg[60][6]/D
935,-0.641,2.622,7,operand_x_reg_reg[123][7]/C,lane_product_reg_reg[123][17]/D
936,-0.641,2.623,7,operand_x_reg_reg[50][12]/C,lane_product_reg_reg[50][13]/D
937,-0.641,2.622,1,issue_active_reg_rep__2/C,sched_src_reg_reg[71][3]/D
938,-0.641,2.622,1,issue_active_reg_rep__2/C,sched_coeff_reg_reg[92][5]/D
939,-0.641,2.624,6,bf_cycle_reg[3]/C,signal_reg_reg[85][19]/D
940,-0.641,2.621,5,red_s1_data_reg[31][1]/C,red_s2_data_reg[5][23]/D
941,-0.641,2.621,4,lane_product_reg_reg[127][3]/C,red_s0_data_reg[56][22]/D
942,-0.641,2.623,6,bf_cycle_reg[3]/C,signal_reg_reg[53][13]/D
943,-0.641,2.620,6,bf_cycle_reg[1]/C,signal_reg_reg[98][9]/D
944,-0.641,2.620,3,sched_src_reg_reg[10][1]/C,operand_x_reg_reg[4][13]/D
945,-0.640,2.620,5,vector_buf_b_reg[55][12]/C,operand_x_reg_reg[90][12]/D
946,-0.640,2.623,6,bf_cycle_reg[3]/C,signal_reg_reg[93][16]/D
947,-0.640,2.621,7,operand_x_reg_reg[15][1]/C,lane_product_reg_reg[15][19]/D
948,-0.640,2.620,4,sched_src_reg_reg[29][5]_rep/C,operand_x_reg_reg[79][6]/D
949,-0.640,2.620,1,issue_active_reg_rep__2/C,sched_src_reg_reg[70][0]_rep__19/D
950,-0.640,2.622,4,vector_buf_a_reg[14][2]/C,operand_x_reg_reg[98][2]/D
951,-0.640,2.620,5,red_s1_data_reg[31][1]/C,red_s2_data_reg[5][21]/D
952,-0.640,2.623,6,bf_cycle_reg[3]/C,signal_reg_reg[95][17]/D
953,-0.640,2.619,5,sched_src_reg_reg[10][1]/C,operand_x_reg_reg[10][14]/D
954,-0.639,2.621,7,operand_x_reg_reg[87][15]/C,lane_product_reg_reg[87][20]/D
955,-0.639,2.621,6,bf_cycle_reg[3]/C,signal_reg_reg[71][9]/D
956,-0.639,2.620,1,issue_cycle_reg[2]/C,sched_coeff_reg_reg[114][1]/D
957,-0.639,2.619,2,sched_src_reg_reg[67][1]_rep__8/C,operand_x_reg_reg[91][8]/D
958,-0.639,2.618,4,lane_product_reg_reg[127][1]/C,red_s0_data_reg[40][16]/D
959,-0.639,2.619,4,lane_product_reg_reg[127][4]/C,red_s0_data_reg[0][22]/D
960,-0.639,2.619,5,vector_buf_b_reg[39][13]/C,operand_x_reg_reg[84][13]/D
961,-0.639,2.620,5,vector_buf_b_reg[33][9]/C,operand_x_reg_reg[46][9]/D
962,-0.639,2.619,1,issue_cycle_reg[3]_rep__4/C,sched_coeff_reg_reg[22][0]/D
963,-0.639,2.621,5,vector_buf_b_reg[7][10]/C,operand_x_reg_reg[70][10]/D
964,-0.639,2.618,1,issue_active_reg_rep__2/C,sched_coeff_reg_reg[103][1]/D
965,-0.638,2.620,7,operand_x_reg_reg[87][15]/C,lane_product_reg_reg[87][17]/D
966,-0.638,2.619,5,red_cycle_reg[1]/C,red_s2_data_reg[4][16]/D
967,-0.638,2.620,3,sched_src_reg_reg[75][4]/C,operand_x_reg_reg[75][4]/D
968,-0.638,2.621,7,operand_x_reg_reg[18][8]/C,lane_product_reg_reg[18][11]/D
969,-0.638,2.621,7,operand_x_reg_reg[39][5]/C,lane_product_reg_reg[39][13]/D
970,-0.638,2.620,4,sched_src_reg_reg[70][1]_rep__6/C,operand_x_reg_reg[108][0]/D
971,-0.638,2.621,7,operand_x_reg_reg[79][15]/C,lane_product_reg_reg[79][16]/D
972,-0.638,2.619,4,lane_product_reg_reg[127][4]/C,red_s0_data_reg[7][22]/D
973,-0.638,2.618,5,vector_buf_a_reg[11][7]/C,operand_x_reg_reg[111][7]/D
974,-0.638,2.617,5,sched_src_reg_reg[10][1]/C,operand_x_reg_reg[10][8]/D
975,-0.638,2.619,6,bf_cycle_reg[3]/C,signal_reg_reg[77][17]/D
976,-0.638,2.533,1,red_cycle_reg[0]/C,dot_value_bank_reg[0][44][1]/CE
977,-0.638,2.618,7,operand_x_reg_reg[3][15]/C,lane_product_reg_reg[3][22]/D
978,-0.637,2.618,7,operand_x_reg_reg[82][15]/C,lane_product_reg_reg[82][20]/D
979,-0.637,2.617,3,sched_src_reg_reg[67][3]_rep__0/C,operand_x_reg_reg[23][14]/D
980,-0.637,2.618,5,vector_buf_b_reg[7][15]/C,operand_x_reg_reg[70][15]/D
981,-0.637,2.620,7,operand_x_reg_reg[28][9]/C,lane_product_reg_reg[28][38]/D
982,-0.637,2.618,7,operand_x_reg_reg[62][4]/C,lane_product_reg_reg[62][14]/D
983,-0.637,2.618,7,operand_x_reg_reg[88][5]/C,lane_product_reg_reg[88][11]/D
984,-0.637,2.618,3,lane_product_reg_reg[127][7]/C,red_s0_data_reg[60][10]/D
985,-0.637,2.618,5,vector_buf_a_reg[19][7]/C,operand_x_reg_reg[10][7]/D
986,-0.637,2.617,5,vector_buf_a_reg[23][10]/C,operand_x_reg_reg[7][10]/D
987,-0.637,2.617,4,vector_buf_b_reg[49][12]/C,operand_x_reg_reg[9][12]/D
988,-0.637,2.619,6,bf_cycle_reg[3]/C,signal_reg_reg[93][9]/D
989,-0.637,2.616,7,operand_coeff_reg_reg[69][7]/C,lane_product_reg_reg[69][15]/D
990,-0.637,2.617,4,lane_product_reg_reg[127][7]/C,red_s0_data_reg[4][14]/D
991,-0.636,2.618,7,operand_x_reg_reg[87][15]/C,lane_product_reg_reg[87][39]/D
992,-0.636,2.617,5,bf_cycle_reg[1]/C,signal_reg_reg[118][5]/D
993,-0.636,2.618,7,operand_x_reg_reg[47][6]/C,lane_product_reg_reg[47][8]/D
994,-0.636,2.619,7,operand_x_reg_reg[57][6]/C,lane_product_reg_reg[57][22]/D
995,-0.636,2.619,7,operand_x_reg_reg[23][14]/C,lane_product_reg_reg[23][14]/D
996,-0.636,2.617,4,vector_buf_a_reg[28][5]/C,operand_x_reg_reg[74][5]/D
997,-0.636,2.617,5,vector_buf_a_reg[6][5]/C,operand_x_reg_reg[117][5]/D
998,-0.636,2.617,4,vector_buf_a_reg[59][10]/C,operand_x_reg_reg[122][10]/D
999,-0.636,2.616,4,lane_product_reg_reg[127][0]/C,red_s0_data_reg[63][20]/D
1000,-0.636,2.531,1,red_cycle_reg[0]/C,dot_value_bank_reg[0][40][1]/CE
