index,family,slack_ns,datapath_delay_ns,logic_delay_ns,route_delay_ns,logic_levels,path_group,path_type,startpoint,endpoint,start_cell,start_loc,start_bel,start_ref,start_fanout,end_cell,end_loc,end_bel,end_ref
0,cache_read_command,-0.063000,2.045000,0.563000,1.482000,"6","","","rd_cmd_addr_q_reg[1][2][0]/C","lfnst_mem_resp_data_q_reg[12]/D","rd_cmd_addr_q_reg[1][2][0]","SLICE_X77Y67","SLICEL.AFF2","FDCE","","lfnst_mem_resp_data_q_reg[12]","SLICE_X76Y47","SLICEL.FFF","FDCE"
1,P4_slot_state,-0.060000,1.955000,0.623000,1.332000,"8","","","u_unified_p4_kernel/slot_state_q_reg[2][1]/C","kernel_feed_group_q_reg[0]/CE","u_unified_p4_kernel/slot_state_q_reg[2][1]","SLICE_X72Y68","SLICEL.EFF","FDCE","","kernel_feed_group_q_reg[0]","SLICE_X79Y58","SLICEM.AFF","FDCE"
2,P4_slot_state,-0.060000,1.955000,0.623000,1.332000,"8","","","u_unified_p4_kernel/slot_state_q_reg[2][1]/C","kernel_feed_group_q_reg[1]/CE","u_unified_p4_kernel/slot_state_q_reg[2][1]","SLICE_X72Y68","SLICEL.EFF","FDCE","","kernel_feed_group_q_reg[1]","SLICE_X79Y58","SLICEM.BFF","FDCE"
3,P4_slot_state,-0.060000,1.955000,0.623000,1.332000,"8","","","u_unified_p4_kernel/slot_state_q_reg[2][1]/C","kernel_feed_group_q_reg[3]/CE","u_unified_p4_kernel/slot_state_q_reg[2][1]","SLICE_X72Y68","SLICEL.EFF","FDCE","","kernel_feed_group_q_reg[3]","SLICE_X79Y58","SLICEM.DFF","FDCE"
4,P4_slot_state,-0.060000,1.955000,0.623000,1.332000,"8","","","u_unified_p4_kernel/slot_state_q_reg[2][1]/C","kernel_feed_group_q_reg[4]/CE","u_unified_p4_kernel/slot_state_q_reg[2][1]","SLICE_X72Y68","SLICEL.EFF","FDCE","","kernel_feed_group_q_reg[4]","SLICE_X79Y58","SLICEM.CFF","FDCE"
5,P4_slot_state,-0.059000,1.955000,0.623000,1.332000,"8","","","u_unified_p4_kernel/slot_state_q_reg[2][1]/C","kernel_feed_group_q_reg[2]/CE","u_unified_p4_kernel/slot_state_q_reg[2][1]","SLICE_X72Y68","SLICEL.EFF","FDCE","","kernel_feed_group_q_reg[2]","SLICE_X79Y58","SLICEM.DFF2","FDCE"
6,cache_read_command,-0.051000,2.033000,0.519000,1.514000,"6","","","rd_cmd_addr_q_reg[1][2][0]/C","lfnst_mem_resp_data_q_reg[9]/D","rd_cmd_addr_q_reg[1][2][0]","SLICE_X77Y67","SLICEL.AFF2","FDCE","","lfnst_mem_resp_data_q_reg[9]","SLICE_X76Y49","SLICEL.BFF","FDCE"
7,P4_fifo_control,-0.045000,2.024000,0.658000,1.366000,"7","","","u_unified_p4_kernel/fifo_rd_ptr_q_reg[0]_rep__4/C","vwrite_cmd_data_q_reg[1][8]/D","u_unified_p4_kernel/fifo_rd_ptr_q_reg[0]_rep__4","SLICE_X71Y155","SLICEM.FFF","FDCE","","vwrite_cmd_data_q_reg[1][8]","SLICE_X70Y118","SLICEL.AFF","FDCE"
8,cache_read_command,-0.042000,2.023000,0.528000,1.495000,"5","","","rd_cmd_addr_q_reg[1][2][0]/C","kernel_rd_raw_data_q_reg[34]/D","rd_cmd_addr_q_reg[1][2][0]","SLICE_X77Y67","SLICEL.AFF2","FDCE","","kernel_rd_raw_data_q_reg[34]","SLICE_X76Y53","SLICEL.CFF","FDCE"
9,LFNST_control,-0.041000,1.938000,0.600000,1.338000,"5","","","lfnst_ntrs48_q_reg/C","lfnst_grid_reg[0][12]/CE","lfnst_ntrs48_q_reg","SLICE_X73Y20","SLICEL.AFF","FDCE","","lfnst_grid_reg[0][12]","SLICE_X71Y21","SLICEM.HFF","FDCE"
10,LFNST_control,-0.041000,1.938000,0.600000,1.338000,"5","","","lfnst_ntrs48_q_reg/C","lfnst_grid_reg[0][13]/CE","lfnst_ntrs48_q_reg","SLICE_X73Y20","SLICEL.AFF","FDCE","","lfnst_grid_reg[0][13]","SLICE_X71Y21","SLICEM.GFF","FDCE"
11,LFNST_control,-0.041000,1.938000,0.600000,1.338000,"5","","","lfnst_ntrs48_q_reg/C","lfnst_grid_reg[0][14]/CE","lfnst_ntrs48_q_reg","SLICE_X73Y20","SLICEL.AFF","FDCE","","lfnst_grid_reg[0][14]","SLICE_X71Y21","SLICEM.FFF","FDCE"
12,LFNST_control,-0.041000,1.938000,0.600000,1.338000,"5","","","lfnst_ntrs48_q_reg/C","lfnst_grid_reg[0][9]/CE","lfnst_ntrs48_q_reg","SLICE_X73Y20","SLICEL.AFF","FDCE","","lfnst_grid_reg[0][9]","SLICE_X71Y21","SLICEM.EFF","FDCE"
13,P4_fifo_control,-0.041000,2.022000,0.668000,1.354000,"7","","","u_unified_p4_kernel/fifo_rd_ptr_q_reg[1]_rep__2/C","vwrite_cmd_data_q_reg[0][1]/D","u_unified_p4_kernel/fifo_rd_ptr_q_reg[1]_rep__2","SLICE_X68Y137","SLICEL.AFF","FDCE","","vwrite_cmd_data_q_reg[0][1]","SLICE_X69Y109","SLICEL.GFF","FDCE"
14,LFNST_control,-0.036000,1.933000,0.600000,1.333000,"5","","","lfnst_ntrs48_q_reg/C","lfnst_grid_reg[0][15]/CE","lfnst_ntrs48_q_reg","SLICE_X73Y20","SLICEL.AFF","FDCE","","lfnst_grid_reg[0][15]","SLICE_X72Y21","SLICEL.DFF","FDCE"
15,LFNST_control,-0.036000,1.933000,0.600000,1.333000,"5","","","lfnst_ntrs48_q_reg/C","lfnst_grid_reg[0][6]/CE","lfnst_ntrs48_q_reg","SLICE_X73Y20","SLICEL.AFF","FDCE","","lfnst_grid_reg[0][6]","SLICE_X72Y21","SLICEL.CFF","FDCE"
16,wrapper_kernel_vector,-0.036000,2.016000,0.536000,1.480000,"5","","","kernel_vector_q_reg[0]_rep__1/C","u_unified_p4_kernel/ingress_data_q_reg[10]/D","kernel_vector_q_reg[0]_rep__1","SLICE_X69Y33","SLICEL.FFF","FDCE","","u_unified_p4_kernel/ingress_data_q_reg[10]","SLICE_X69Y61","SLICEL.CFF","FDRE"
17,P4_fifo_control,-0.033000,2.012000,0.509000,1.503000,"7","","","u_unified_p4_kernel/fifo_rd_ptr_q_reg[1]_rep__5/C","vwrite_cmd_data_q_reg[0][10]/D","u_unified_p4_kernel/fifo_rd_ptr_q_reg[1]_rep__5","SLICE_X71Y152","SLICEM.BFF","FDCE","","vwrite_cmd_data_q_reg[0][10]","SLICE_X72Y123","SLICEL.AFF","FDCE"
18,wrapper_kernel_vector,-0.031000,1.928000,0.458000,1.470000,"5","","","kernel_vector_q_reg[2]/C","kernel_rd_req_group_q_reg[0]/CE","kernel_vector_q_reg[2]","SLICE_X70Y31","SLICEL.BFF2","FDCE","","kernel_rd_req_group_q_reg[0]","SLICE_X73Y54","SLICEL.AFF","FDCE"
19,wrapper_kernel_vector,-0.031000,1.928000,0.458000,1.470000,"5","","","kernel_vector_q_reg[2]/C","kernel_rd_req_group_q_reg[2]/CE","kernel_vector_q_reg[2]","SLICE_X70Y31","SLICEL.BFF2","FDCE","","kernel_rd_req_group_q_reg[2]","SLICE_X73Y54","SLICEL.DFF","FDCE"
20,wrapper_kernel_vector,-0.031000,1.928000,0.458000,1.470000,"5","","","kernel_vector_q_reg[2]/C","kernel_rd_req_group_q_reg[3]/CE","kernel_vector_q_reg[2]","SLICE_X70Y31","SLICEL.BFF2","FDCE","","kernel_rd_req_group_q_reg[3]","SLICE_X73Y54","SLICEL.CFF","FDCE"
21,H_read_or_kernel_control,-0.028000,2.009000,0.446000,1.563000,"5","","","kernel_h_rd_addr_q_reg[2][0]/C","kernel_h_rd_data_q_reg[42]/D","kernel_h_rd_addr_q_reg[2][0]","SLICE_X76Y87","SLICEL.EFF","FDCE","","kernel_h_rd_data_q_reg[42]","SLICE_X69Y68","SLICEL.CFF","FDCE"
22,wrapper_kernel_vector,-0.027000,2.008000,0.527000,1.481000,"5","","","kernel_vector_q_reg[1]_rep__1/C","u_unified_p4_kernel/ingress_data_q_reg[55]/D","kernel_vector_q_reg[1]_rep__1","SLICE_X69Y31","SLICEL.EFF","FDCE","","u_unified_p4_kernel/ingress_data_q_reg[55]","SLICE_X70Y60","SLICEL.DFF","FDRE"
23,P4_slot_state,-0.027000,1.922000,0.581000,1.341000,"8","","","u_unified_p4_kernel/slot_state_q_reg[2][1]/C","lfnst_tail_index_q_reg[0]/CE","u_unified_p4_kernel/slot_state_q_reg[2][1]","SLICE_X72Y68","SLICEL.EFF","FDCE","","lfnst_tail_index_q_reg[0]","SLICE_X70Y47","SLICEL.BFF","FDCE"
24,P4_slot_state,-0.027000,1.922000,0.581000,1.341000,"8","","","u_unified_p4_kernel/slot_state_q_reg[2][1]/C","lfnst_tail_index_q_reg[1]/CE","u_unified_p4_kernel/slot_state_q_reg[2][1]","SLICE_X72Y68","SLICEL.EFF","FDCE","","lfnst_tail_index_q_reg[1]","SLICE_X70Y47","SLICEL.CFF","FDCE"
25,P4_slot_state,-0.027000,1.922000,0.581000,1.341000,"8","","","u_unified_p4_kernel/slot_state_q_reg[2][1]/C","lfnst_tail_index_q_reg[2]/CE","u_unified_p4_kernel/slot_state_q_reg[2][1]","SLICE_X72Y68","SLICEL.EFF","FDCE","","lfnst_tail_index_q_reg[2]","SLICE_X70Y47","SLICEL.DFF","FDCE"
26,P4_slot_state,-0.027000,1.923000,0.581000,1.342000,"8","","","u_unified_p4_kernel/slot_state_q_reg[2][1]/C","lfnst_tail_index_q_reg[3]/CE","u_unified_p4_kernel/slot_state_q_reg[2][1]","SLICE_X72Y68","SLICEL.EFF","FDCE","","lfnst_tail_index_q_reg[3]","SLICE_X70Y47","SLICEL.DFF2","FDCE"
27,P4_fifo_control,-0.026000,2.006000,0.536000,1.470000,"7","","","u_unified_p4_kernel/fifo_rd_ptr_q_reg[1]_rep__5/C","vwrite_cmd_data_q_reg[0][13]/D","u_unified_p4_kernel/fifo_rd_ptr_q_reg[1]_rep__5","SLICE_X71Y152","SLICEM.BFF","FDCE","","vwrite_cmd_data_q_reg[0][13]","SLICE_X72Y123","SLICEL.BFF","FDCE"
28,wrapper_kernel_vector,-0.026000,2.008000,0.615000,1.393000,"5","","","kernel_vector_q_reg[1]_rep__0/C","u_unified_p4_kernel/ingress_data_q_reg[5]/D","kernel_vector_q_reg[1]_rep__0","SLICE_X68Y27","SLICEL.BFF","FDCE","","u_unified_p4_kernel/ingress_data_q_reg[5]","SLICE_X65Y56","SLICEL.BFF","FDRE"
29,P4_fifo_control,-0.024000,2.005000,0.573000,1.432000,"5","","","u_unified_p4_kernel/ready_rd_ptr_q_reg[0]/C","u_unified_p4_kernel/issue_desc_bundle_addr_q_reg[3]_rep__7/D","u_unified_p4_kernel/ready_rd_ptr_q_reg[0]","SLICE_X87Y73","SLICEL.EFF","FDCE","","u_unified_p4_kernel/issue_desc_bundle_addr_q_reg[3]_rep__7","SLICE_X100Y97","SLICEL.FFF","FDCE"
30,P4_slot_state,-0.024000,1.920000,0.454000,1.466000,"4","","","u_unified_p4_kernel/ready_rd_ptr_q_reg[0]/C","u_unified_p4_kernel/slot_state_q_reg[0][0]/CE","u_unified_p4_kernel/ready_rd_ptr_q_reg[0]","SLICE_X87Y73","SLICEL.EFF","FDCE","","u_unified_p4_kernel/slot_state_q_reg[0][0]","SLICE_X72Y68","SLICEL.AFF2","FDCE"
31,P4_slot_state,-0.024000,1.920000,0.454000,1.466000,"4","","","u_unified_p4_kernel/ready_rd_ptr_q_reg[0]/C","u_unified_p4_kernel/slot_state_q_reg[0][1]/CE","u_unified_p4_kernel/ready_rd_ptr_q_reg[0]","SLICE_X87Y73","SLICEL.EFF","FDCE","","u_unified_p4_kernel/slot_state_q_reg[0][1]","SLICE_X72Y68","SLICEL.BFF2","FDCE"
32,cache_read_command,-0.024000,2.003000,0.485000,1.518000,"6","","","rd_cmd_addr_q_reg[0][0][3]_replica_4/C","lfnst_mem_resp_data_q_reg[6]/D","rd_cmd_addr_q_reg[0][0][3]_replica_4","SLICE_X74Y52","SLICEM.AFF","FDCE","","lfnst_mem_resp_data_q_reg[6]","SLICE_X84Y46","SLICEL.DFF","FDCE"
33,cache_read_command,-0.023000,2.005000,0.448000,1.557000,"6","","","rd_cmd_addr_q_reg[1][0][1]_replica_2/C","lfnst_mem_resp_data_q_reg[2]/D","rd_cmd_addr_q_reg[1][0][1]_replica_2","SLICE_X78Y55","SLICEL.BFF","FDCE","","lfnst_mem_resp_data_q_reg[2]","SLICE_X83Y54","SLICEL.FFF","FDCE"
34,P4_slot_state,-0.022000,1.918000,0.503000,1.415000,"5","","","u_unified_p4_kernel/slot_state_q_reg[2][1]/C","u_unified_p4_kernel/slot_state_q_reg[1][0]/CE","u_unified_p4_kernel/slot_state_q_reg[2][1]","SLICE_X72Y68","SLICEL.EFF","FDCE","","u_unified_p4_kernel/slot_state_q_reg[1][0]","SLICE_X71Y67","SLICEM.AFF","FDCE"
35,cache_read_command,-0.021000,2.003000,0.549000,1.454000,"6","","","rd_cmd_addr_q_reg[1][2][0]/C","lfnst_mem_resp_data_q_reg[11]/D","rd_cmd_addr_q_reg[1][2][0]","SLICE_X77Y67","SLICEL.AFF2","FDCE","","lfnst_mem_resp_data_q_reg[11]","SLICE_X78Y53","SLICEL.FFF","FDCE"
36,P4_slot_state,-0.020000,1.916000,0.515000,1.401000,"5","","","u_unified_p4_kernel/slot_state_q_reg[2][1]/C","u_unified_p4_kernel/reserved_groups_q_reg[0]/CE","u_unified_p4_kernel/slot_state_q_reg[2][1]","SLICE_X72Y68","SLICEL.EFF","FDCE","","u_unified_p4_kernel/reserved_groups_q_reg[0]","SLICE_X72Y66","SLICEL.CFF","FDCE"
37,P4_slot_state,-0.020000,1.916000,0.515000,1.401000,"5","","","u_unified_p4_kernel/slot_state_q_reg[2][1]/C","u_unified_p4_kernel/reserved_groups_q_reg[1]/CE","u_unified_p4_kernel/slot_state_q_reg[2][1]","SLICE_X72Y68","SLICEL.EFF","FDCE","","u_unified_p4_kernel/reserved_groups_q_reg[1]","SLICE_X72Y66","SLICEL.BFF","FDCE"
38,P4_slot_state,-0.020000,1.916000,0.515000,1.401000,"5","","","u_unified_p4_kernel/slot_state_q_reg[2][1]/C","u_unified_p4_kernel/reserved_groups_q_reg[2]/CE","u_unified_p4_kernel/slot_state_q_reg[2][1]","SLICE_X72Y68","SLICEL.EFF","FDCE","","u_unified_p4_kernel/reserved_groups_q_reg[2]","SLICE_X72Y66","SLICEL.DFF","FDCE"
39,P4_slot_state,-0.020000,1.917000,0.515000,1.402000,"5","","","u_unified_p4_kernel/slot_state_q_reg[2][1]/C","u_unified_p4_kernel/reserved_groups_q_reg[3]/CE","u_unified_p4_kernel/slot_state_q_reg[2][1]","SLICE_X72Y68","SLICEL.EFF","FDCE","","u_unified_p4_kernel/reserved_groups_q_reg[3]","SLICE_X72Y66","SLICEL.BFF2","FDCE"
40,cache_read_command,-0.020000,2.001000,0.477000,1.524000,"6","","","rd_cmd_addr_q_reg[1][0][3]_replica_3/C","lfnst_mem_resp_data_q_reg[4]/D","rd_cmd_addr_q_reg[1][0][3]_replica_3","SLICE_X73Y55","SLICEL.AFF2","FDCE","","lfnst_mem_resp_data_q_reg[4]","SLICE_X83Y48","SLICEL.FFF","FDCE"
41,cache_read_command,-0.019000,2.002000,0.456000,1.546000,"5","","","rd_cmd_addr_q_reg[1][2][0]/C","kernel_rd_raw_data_q_reg[41]/D","rd_cmd_addr_q_reg[1][2][0]","SLICE_X77Y67","SLICEL.AFF2","FDCE","","kernel_rd_raw_data_q_reg[41]","SLICE_X75Y54","SLICEM.CFF","FDCE"
42,cache_read_command,-0.019000,2.000000,0.555000,1.445000,"6","","","rd_cmd_addr_q_reg[1][3][0]/C","lfnst_mem_resp_data_q_reg[0]/D","rd_cmd_addr_q_reg[1][3][0]","SLICE_X78Y51","SLICEL.BFF","FDCE","","lfnst_mem_resp_data_q_reg[0]","SLICE_X76Y45","SLICEL.BFF","FDCE"
43,wrapper_kernel_vector,-0.018000,1.998000,0.494000,1.504000,"5","","","kernel_vector_q_reg[1]_rep__1/C","u_unified_p4_kernel/ingress_data_q_reg[7]/D","kernel_vector_q_reg[1]_rep__1","SLICE_X69Y31","SLICEL.EFF","FDCE","","u_unified_p4_kernel/ingress_data_q_reg[7]","SLICE_X76Y62","SLICEL.CFF","FDRE"
44,H_read_or_kernel_control,-0.016000,1.996000,0.536000,1.460000,"5","","","kernel_h_rd_addr_q_reg[1][1]/C","kernel_h_rd_data_q_reg[21]/D","kernel_h_rd_addr_q_reg[1][1]","SLICE_X79Y91","SLICEM.DFF","FDCE","","kernel_h_rd_data_q_reg[21]","SLICE_X70Y68","SLICEL.DFF","FDCE"
45,P4_slot_state,-0.016000,1.912000,0.479000,1.433000,"6","","","u_unified_p4_kernel/slot_state_q_reg[2][1]/C","kernel_h_rd_data_tail_q_reg[27]/CE","u_unified_p4_kernel/slot_state_q_reg[2][1]","SLICE_X72Y68","SLICEL.EFF","FDCE","","kernel_h_rd_data_tail_q_reg[27]","SLICE_X76Y78","SLICEL.CFF","FDCE"
46,cache_read_command,-0.016000,1.998000,0.418000,1.580000,"5","","","rd_cmd_addr_q_reg[1][0][1]_replica_2/C","kernel_rd_raw_data_q_reg[51]/D","rd_cmd_addr_q_reg[1][0][1]_replica_2","SLICE_X78Y55","SLICEL.BFF","FDCE","","kernel_rd_raw_data_q_reg[51]","SLICE_X77Y49","SLICEL.HFF","FDCE"
47,P4_fifo_control,-0.016000,1.997000,0.425000,1.572000,"7","","","u_unified_p4_kernel/fifo_rd_ptr_q_reg[1]_rep__2/C","vwrite_cmd_data_q_reg[1][13]/D","u_unified_p4_kernel/fifo_rd_ptr_q_reg[1]_rep__2","SLICE_X68Y137","SLICEL.AFF","FDCE","","vwrite_cmd_data_q_reg[1][13]","SLICE_X70Y120","SLICEL.CFF","FDCE"
48,wrapper_kernel_vector,-0.016000,1.912000,0.532000,1.380000,"5","","","kernel_vector_q_reg[2]/C","kernel_rd_req_vector_q_reg[6]/CE","kernel_vector_q_reg[2]","SLICE_X70Y31","SLICEL.BFF2","FDCE","","kernel_rd_req_vector_q_reg[6]","SLICE_X72Y44","SLICEL.HFF","FDCE"
49,wrapper_kernel_vector,-0.016000,1.996000,0.455000,1.541000,"5","","","kernel_vector_q_reg[0]_rep__1/C","u_unified_p4_kernel/ingress_data_q_reg[26]/D","kernel_vector_q_reg[0]_rep__1","SLICE_X69Y33","SLICEL.FFF","FDCE","","u_unified_p4_kernel/ingress_data_q_reg[26]","SLICE_X73Y58","SLICEL.AFF","FDRE"
50,P4_fifo_control,-0.016000,1.996000,0.461000,1.535000,"5","","","u_unified_p4_kernel/ready_rd_ptr_q_reg[0]/C","u_unified_p4_kernel/issue_desc_bundle_addr_q_reg[1]_rep__12/D","u_unified_p4_kernel/ready_rd_ptr_q_reg[0]","SLICE_X87Y73","SLICEL.EFF","FDCE","","u_unified_p4_kernel/issue_desc_bundle_addr_q_reg[1]_rep__12","SLICE_X99Y89","SLICEL.AFF","FDCE"
51,P4_fifo_control,-0.015000,1.996000,0.437000,1.559000,"6","","","u_unified_p4_kernel/fifo_rd_ptr_q_reg[2]_rep/C","vwrite_cmd_data_q_reg[0][4]/D","u_unified_p4_kernel/fifo_rd_ptr_q_reg[2]_rep","SLICE_X64Y147","SLICEL.EFF","FDCE","","vwrite_cmd_data_q_reg[0][4]","SLICE_X70Y110","SLICEL.EFF","FDCE"
52,H_read_or_kernel_control,-0.014000,1.994000,0.619000,1.375000,"5","","","kernel_feed_group_q_reg[0]/C","u_unified_p4_kernel/ingress_data_q_reg[27]/D","kernel_feed_group_q_reg[0]","SLICE_X79Y58","SLICEM.AFF","FDCE","","u_unified_p4_kernel/ingress_data_q_reg[27]","SLICE_X73Y41","SLICEL.FFF","FDRE"
53,P4_fifo_control,-0.012000,1.991000,0.591000,1.400000,"7","","","u_unified_p4_kernel/fifo_rd_ptr_q_reg[0]_rep__5/C","vwrite_cmd_data_q_reg[3][6]/D","u_unified_p4_kernel/fifo_rd_ptr_q_reg[0]_rep__5","SLICE_X66Y147","SLICEM.AFF","FDCE","","vwrite_cmd_data_q_reg[3][6]","SLICE_X72Y121","SLICEL.AFF","FDCE"
54,P4_fifo_control,-0.012000,1.991000,0.523000,1.468000,"7","","","u_unified_p4_kernel/fifo_rd_ptr_q_reg[0]_rep__3/C","vwrite_cmd_data_q_reg[1][10]/D","u_unified_p4_kernel/fifo_rd_ptr_q_reg[0]_rep__3","SLICE_X66Y155","SLICEM.FFF2","FDCE","","vwrite_cmd_data_q_reg[1][10]","SLICE_X70Y106","SLICEL.EFF","FDCE"
55,H_read_or_kernel_control,-0.011000,1.993000,0.557000,1.436000,"5","","","kernel_stage_q_reg/C","u_unified_p4_kernel/ingress_data_q_reg[13]/D","kernel_stage_q_reg","SLICE_X76Y55","SLICEL.AFF2","FDCE","","u_unified_p4_kernel/ingress_data_q_reg[13]","SLICE_X69Y58","SLICEL.GFF","FDRE"
56,cache_read_command,-0.010000,1.991000,0.621000,1.370000,"6","","","rd_cmd_addr_q_reg[1][0][1]_replica_2/C","lfnst_mem_resp_data_q_reg[5]/D","rd_cmd_addr_q_reg[1][0][1]_replica_2","SLICE_X78Y55","SLICEL.BFF","FDCE","","lfnst_mem_resp_data_q_reg[5]","SLICE_X87Y49","SLICEL.FFF","FDCE"
57,P4_fifo_control,-0.010000,1.989000,0.553000,1.436000,"7","","","u_unified_p4_kernel/fifo_data_q_reg[43][57]/C","vwrite_cmd_data_q_reg[2][9]/D","u_unified_p4_kernel/fifo_data_q_reg[43][57]","SLICE_X71Y147","SLICEM.DFF","FDCE","","vwrite_cmd_data_q_reg[2][9]","SLICE_X70Y111","SLICEL.BFF","FDCE"
58,wrapper_kernel_vector,-0.009000,1.990000,0.593000,1.397000,"5","","","kernel_vector_q_reg[1]_rep__1/C","u_unified_p4_kernel/ingress_data_q_reg[25]/D","kernel_vector_q_reg[1]_rep__1","SLICE_X69Y31","SLICEL.EFF","FDCE","","u_unified_p4_kernel/ingress_data_q_reg[25]","SLICE_X76Y62","SLICEL.DFF","FDRE"
59,cache_read_command,-0.009000,1.990000,0.446000,1.544000,"6","","","rd_cmd_addr_q_reg[1][0][3]_replica_4/C","lfnst_mem_resp_data_q_reg[15]/D","rd_cmd_addr_q_reg[1][0][3]_replica_4","SLICE_X73Y51","SLICEL.BFF2","FDCE","","lfnst_mem_resp_data_q_reg[15]","SLICE_X84Y47","SLICEL.BFF","FDCE"
60,cache_read_command,-0.007000,1.988000,0.496000,1.492000,"6","","","rd_cmd_addr_q_reg[0][0][1]_replica_4/C","lfnst_mem_resp_data_q_reg[1]/D","rd_cmd_addr_q_reg[0][0][1]_replica_4","SLICE_X77Y51","SLICEL.AFF","FDCE","","lfnst_mem_resp_data_q_reg[1]","SLICE_X83Y48","SLICEL.HFF","FDCE"
61,P4_fifo_control,-0.007000,1.987000,0.522000,1.465000,"7","","","u_unified_p4_kernel/fifo_rd_ptr_q_reg[1]_rep__5/C","vwrite_cmd_data_q_reg[0][12]/D","u_unified_p4_kernel/fifo_rd_ptr_q_reg[1]_rep__5","SLICE_X71Y152","SLICEM.BFF","FDCE","","vwrite_cmd_data_q_reg[0][12]","SLICE_X71Y117","SLICEM.AFF","FDCE"
62,P4_fifo_control,-0.006000,1.985000,0.378000,1.607000,"5","","","u_unified_p4_kernel/fifo_rd_ptr_q_reg[0]_rep__4/C","result_cmd_data_q_reg[2][8]/D","u_unified_p4_kernel/fifo_rd_ptr_q_reg[0]_rep__4","SLICE_X71Y155","SLICEM.FFF","FDCE","","result_cmd_data_q_reg[2][8]","SLICE_X69Y106","SLICEL.EFF","FDCE"
63,cache_read_command,-0.006000,1.986000,0.524000,1.462000,"6","","","rd_cmd_addr_q_reg[0][1][4]/C","lfnst_mem_resp_data_q_reg[14]/D","rd_cmd_addr_q_reg[0][1][4]","SLICE_X69Y56","SLICEL.HFF","FDCE","","lfnst_mem_resp_data_q_reg[14]","SLICE_X80Y40","SLICEL.FFF","FDCE"
64,P4_fifo_control,-0.005000,1.987000,0.414000,1.573000,"5","","","u_unified_p4_kernel/fifo_rd_ptr_q_reg[3]/C","vwrite_cmd_data_q_reg[3][3]/D","u_unified_p4_kernel/fifo_rd_ptr_q_reg[3]","SLICE_X64Y142","SLICEL.DFF","FDCE","","vwrite_cmd_data_q_reg[3][3]","SLICE_X69Y106","SLICEL.BFF","FDCE"
65,cache_read_command,-0.005000,1.986000,0.573000,1.413000,"6","","","rd_cmd_addr_q_reg[1][3][0]/C","lfnst_mem_resp_data_q_reg[8]/D","rd_cmd_addr_q_reg[1][3][0]","SLICE_X78Y51","SLICEL.BFF","FDCE","","lfnst_mem_resp_data_q_reg[8]","SLICE_X76Y48","SLICEL.BFF","FDCE"
66,LFNST_control,-0.005000,1.901000,0.600000,1.301000,"5","","","lfnst_ntrs48_q_reg/C","lfnst_grid_reg[0][10]/CE","lfnst_ntrs48_q_reg","SLICE_X73Y20","SLICEL.AFF","FDCE","","lfnst_grid_reg[0][10]","SLICE_X71Y20","SLICEM.DFF","FDCE"
67,H_read_or_kernel_control,-0.004000,1.985000,0.456000,1.529000,"5","","","kernel_phase_q_reg[2]/C","kernel_rd_resp_valid_q_reg/D","kernel_phase_q_reg[2]","SLICE_X76Y57","SLICEL.EFF","FDCE","","kernel_rd_resp_valid_q_reg","SLICE_X73Y55","SLICEL.HFF","FDCE"
68,P4_fifo_control,-0.004000,1.984000,0.541000,1.443000,"7","","","u_unified_p4_kernel/fifo_data_q_reg[31][62]/C","vwrite_cmd_data_q_reg[1][14]/D","u_unified_p4_kernel/fifo_data_q_reg[31][62]","SLICE_X81Y142","SLICEM.CFF2","FDCE","","vwrite_cmd_data_q_reg[1][14]","SLICE_X70Y112","SLICEL.AFF","FDCE"
69,P4_fifo_control,-0.004000,1.986000,0.642000,1.344000,"6","","","u_unified_p4_kernel/ready_rd_ptr_q_reg[0]/C","u_unified_p4_kernel/issue_desc_bundle_addr_q_reg[5]_rep/D","u_unified_p4_kernel/ready_rd_ptr_q_reg[0]","SLICE_X87Y73","SLICEL.EFF","FDCE","","u_unified_p4_kernel/issue_desc_bundle_addr_q_reg[5]_rep","SLICE_X92Y97","SLICEM.CFF","FDCE"
70,LFNST_control,-0.004000,1.986000,0.613000,1.373000,"5","","","lfnst_grid_reg[20][9]/C","u_unified_p4_kernel/ingress_data_q_reg[41]/D","lfnst_grid_reg[20][9]","SLICE_X69Y18","SLICEL.BFF","FDCE","","u_unified_p4_kernel/ingress_data_q_reg[41]","SLICE_X68Y59","SLICEL.CFF","FDRE"
71,P4_fifo_control,-0.004000,1.984000,0.507000,1.477000,"6","","","u_unified_p4_kernel/fifo_rd_ptr_q_reg[0]_rep__5/C","vwrite_cmd_data_q_reg[2][6]/D","u_unified_p4_kernel/fifo_rd_ptr_q_reg[0]_rep__5","SLICE_X66Y147","SLICEM.AFF","FDCE","","vwrite_cmd_data_q_reg[2][6]","SLICE_X68Y110","SLICEL.BFF","FDCE"
72,P4_slot_state,-0.004000,1.984000,0.680000,1.304000,"6","","","u_unified_p4_kernel/slot_state_q_reg[2][1]/C","u_unified_p4_kernel/reserved_groups_q_reg[5]/D","u_unified_p4_kernel/slot_state_q_reg[2][1]","SLICE_X72Y68","SLICEL.EFF","FDCE","","u_unified_p4_kernel/reserved_groups_q_reg[5]","SLICE_X72Y67","SLICEL.CFF","FDCE"
73,P4_fifo_control,-0.004000,1.983000,0.553000,1.430000,"7","","","u_unified_p4_kernel/fifo_data_q_reg[43][57]/C","vwrite_cmd_data_q_reg[1][9]/D","u_unified_p4_kernel/fifo_data_q_reg[43][57]","SLICE_X71Y147","SLICEM.DFF","FDCE","","vwrite_cmd_data_q_reg[1][9]","SLICE_X69Y110","SLICEL.BFF","FDCE"
74,LFNST_control,-0.004000,1.901000,0.600000,1.301000,"5","","","lfnst_ntrs48_q_reg/C","lfnst_grid_reg[0][5]/CE","lfnst_ntrs48_q_reg","SLICE_X73Y20","SLICEL.AFF","FDCE","","lfnst_grid_reg[0][5]","SLICE_X71Y20","SLICEM.CFF2","FDCE"
75,P4_fifo_control,-0.004000,1.984000,0.666000,1.318000,"6","","","u_unified_p4_kernel/ready_rd_ptr_q_reg[0]/C","u_unified_p4_kernel/issue_desc_bundle_addr_q_reg[5]_rep__9/D","u_unified_p4_kernel/ready_rd_ptr_q_reg[0]","SLICE_X87Y73","SLICEL.EFF","FDCE","","u_unified_p4_kernel/issue_desc_bundle_addr_q_reg[5]_rep__9","SLICE_X97Y88","SLICEL.HFF","FDCE"
76,wrapper_kernel_vector,-0.003000,1.985000,0.360000,1.625000,"4","","","kernel_vector_q_reg[2]/C","u_unified_p4_kernel/ingress_data_q_reg[1]/D","kernel_vector_q_reg[2]","SLICE_X70Y31","SLICEL.BFF2","FDCE","","u_unified_p4_kernel/ingress_data_q_reg[1]","SLICE_X69Y57","SLICEL.BFF","FDRE"
77,P4_other_control,-0.003000,1.727000,0.250000,1.477000,"2","","","u_unified_p4_kernel/issue_desc_bundle_addr_q_reg[0]_rep__12/C","u_unified_p4_kernel/product_q_reg[3][38]/DSP_A_B_DATA_INST/A[3]","u_unified_p4_kernel/issue_desc_bundle_addr_q_reg[0]_rep__12","SLICE_X99Y91","SLICEL.AFF2","FDCE","","u_unified_p4_kernel/product_q_reg[3][38]/DSP_A_B_DATA_INST","DSP48E2_X16Y54","DSP48E2.DSP_A_B_DATA","DSP_A_B_DATA"
78,LFNST_control,-0.003000,1.985000,0.442000,1.543000,"5","","","lfnst_grid_reg[49][0]/C","u_unified_p4_kernel/ingress_data_q_reg[48]/D","lfnst_grid_reg[49][0]","SLICE_X63Y23","SLICEL.HFF","FDCE","","u_unified_p4_kernel/ingress_data_q_reg[48]","SLICE_X67Y59","SLICEM.BFF","FDRE"
79,P4_slot_state,-0.002000,1.898000,0.479000,1.419000,"6","","","u_unified_p4_kernel/slot_state_q_reg[2][1]/C","kernel_h_rd_data_tail_q_reg[19]/CE","u_unified_p4_kernel/slot_state_q_reg[2][1]","SLICE_X72Y68","SLICEL.EFF","FDCE","","kernel_h_rd_data_tail_q_reg[19]","SLICE_X70Y74","SLICEL.CFF","FDCE"
80,P4_slot_state,-0.002000,1.898000,0.479000,1.419000,"6","","","u_unified_p4_kernel/slot_state_q_reg[2][1]/C","kernel_h_rd_data_tail_q_reg[36]/CE","u_unified_p4_kernel/slot_state_q_reg[2][1]","SLICE_X72Y68","SLICEL.EFF","FDCE","","kernel_h_rd_data_tail_q_reg[36]","SLICE_X69Y74","SLICEL.CFF","FDCE"
81,P4_fifo_control,-0.002000,1.982000,0.456000,1.526000,"5","","","u_unified_p4_kernel/fifo_rd_ptr_q_reg[2]_rep/C","vwrite_cmd_data_q_reg[2][4]/D","u_unified_p4_kernel/fifo_rd_ptr_q_reg[2]_rep","SLICE_X64Y147","SLICEL.EFF","FDCE","","vwrite_cmd_data_q_reg[2][4]","SLICE_X69Y109","SLICEL.EFF","FDCE"
82,cache_read_command,-0.002000,1.983000,0.536000,1.447000,"6","","","rd_cmd_addr_q_reg[1][2][0]/C","lfnst_mem_resp_data_q_reg[7]/D","rd_cmd_addr_q_reg[1][2][0]","SLICE_X77Y67","SLICEL.AFF2","FDCE","","lfnst_mem_resp_data_q_reg[7]","SLICE_X76Y40","SLICEL.BFF","FDCE"
83,H_read_or_kernel_control,-0.001000,1.982000,0.644000,1.338000,"5","","","kernel_stage_q_reg/C","u_unified_p4_kernel/ingress_data_q_reg[34]/D","kernel_stage_q_reg","SLICE_X76Y55","SLICEL.AFF2","FDCE","","u_unified_p4_kernel/ingress_data_q_reg[34]","SLICE_X70Y51","SLICEL.DFF","FDRE"

