index,family,slack_ns,datapath_delay_ns,logic_delay_ns,route_delay_ns,logic_levels,startpoint,endpoint,start_loc,end_loc,start_fanout
0,A_cache_to_lfnst_response,-1.034000,3.016000,0.792000,2.224000,"8","kernel_rd_req_pending_q_reg_replica/C","lfnst_mem_resp_data_q_reg[4]/D","SLICE_X78Y136","SLICE_X77Y175",""
1,A_cache_to_lfnst_response,-1.016000,2.997000,0.831000,2.166000,"8","kernel_stage_q_reg_replica_11/C","lfnst_mem_resp_data_q_reg[3]/D","SLICE_X78Y139","SLICE_X77Y183",""
2,A_cache_to_lfnst_response,-1.015000,2.995000,0.711000,2.284000,"8","kernel_stage_q_reg_replica_11/C","lfnst_mem_resp_data_q_reg[14]/D","SLICE_X78Y139","SLICE_X78Y190",""
3,A_cache_to_lfnst_response,-1.013000,2.994000,0.720000,2.274000,"8","kernel_stage_q_reg_replica_11/C","lfnst_mem_resp_data_q_reg[8]/D","SLICE_X78Y139","SLICE_X77Y189",""
4,A_cache_to_lfnst_response,-1.012000,2.992000,0.806000,2.186000,"8","kernel_stage_q_reg_replica_11/C","lfnst_mem_resp_data_q_reg[6]/D","SLICE_X78Y139","SLICE_X77Y182",""
5,A_cache_to_lfnst_response,-1.010000,2.991000,0.628000,2.363000,"8","lfnst_case_q_reg_replica/C","lfnst_mem_resp_data_q_reg[12]/D","SLICE_X78Y137","SLICE_X76Y191",""
6,A_cache_to_lfnst_response,-1.006000,2.986000,0.710000,2.276000,"8","kernel_stage_q_reg_replica_11/C","lfnst_mem_resp_data_q_reg[9]/D","SLICE_X78Y139","SLICE_X77Y194",""
7,B_kernel_control_to_p4_input_mem,-1.002000,2.983000,0.461000,2.522000,"6","kernel_vector_q_reg[0]_rep__0/C","u_unified_p4_kernel/input_mem_reg[3][58][12]/D","SLICE_X101Y76","SLICE_X82Y15",""
8,C_other_cache_kernel_or_write,-1.000000,2.982000,0.559000,2.423000,"6","u_unified_p4_kernel/fifo_rd_ptr_q_reg[1]_rep__2/C","vwrite_cmd_data_q_reg[1][15]/D","SLICE_X91Y71","SLICE_X72Y58",""
9,A_cache_to_lfnst_response,-1.000000,2.980000,0.731000,2.249000,"8","kernel_stage_q_reg_replica_11/C","lfnst_mem_resp_data_q_reg[11]/D","SLICE_X78Y139","SLICE_X76Y188",""
10,B_kernel_control_to_p4_input_mem,-0.996000,2.977000,0.461000,2.516000,"6","kernel_vector_q_reg[0]_rep__0/C","u_unified_p4_kernel/input_mem_reg[2][58][12]/D","SLICE_X101Y76","SLICE_X82Y14",""
11,C_other_cache_kernel_or_write,-0.993000,2.975000,0.595000,2.380000,"6","u_unified_p4_kernel/fifo_rd_ptr_q_reg[1]_rep__2/C","vwrite_cmd_data_q_reg[2][15]/D","SLICE_X91Y71","SLICE_X76Y70",""
12,B_kernel_control_to_p4_input_mem,-0.992000,2.974000,0.549000,2.425000,"6","kernel_vector_q_reg[1]_rep__2/C","u_unified_p4_kernel/input_mem_reg[3][12][4]/D","SLICE_X100Y81","SLICE_X76Y23",""
13,B_kernel_control_to_p4_input_mem,-0.990000,2.971000,0.461000,2.510000,"6","kernel_vector_q_reg[0]_rep__0/C","u_unified_p4_kernel/input_mem_reg[1][58][12]/D","SLICE_X101Y76","SLICE_X82Y13",""
14,B_kernel_control_to_p4_input_mem,-0.989000,2.969000,0.461000,2.508000,"6","kernel_vector_q_reg[0]_rep__0/C","u_unified_p4_kernel/input_mem_reg[3][38][12]/D","SLICE_X101Y76","SLICE_X85Y16",""
15,B_kernel_control_to_p4_input_mem,-0.989000,2.969000,0.461000,2.508000,"6","kernel_vector_q_reg[0]_rep__0/C","u_unified_p4_kernel/input_mem_reg[2][54][12]/D","SLICE_X101Y76","SLICE_X88Y9",""
16,B_kernel_control_to_p4_input_mem,-0.988000,2.969000,0.461000,2.508000,"6","kernel_vector_q_reg[0]_rep__0/C","u_unified_p4_kernel/input_mem_reg[0][58][12]/D","SLICE_X101Y76","SLICE_X82Y14",""
17,B_kernel_control_to_p4_input_mem,-0.986000,2.967000,0.461000,2.506000,"6","kernel_vector_q_reg[0]_rep__0/C","u_unified_p4_kernel/input_mem_reg[1][54][12]/D","SLICE_X101Y76","SLICE_X89Y10",""
18,A_cache_to_lfnst_response,-0.983000,2.964000,0.918000,2.046000,"8","kernel_stage_q_reg_replica_11/C","lfnst_mem_resp_data_q_reg[1]/D","SLICE_X78Y139","SLICE_X78Y187",""
19,B_kernel_control_to_p4_input_mem,-0.982000,2.964000,0.667000,2.297000,"6","lfnst_grid_reg[30][1]/C","u_unified_p4_kernel/input_mem_reg[3][14][1]/D","SLICE_X102Y81","SLICE_X97Y13",""
20,A_cache_to_lfnst_response,-0.981000,2.962000,0.833000,2.129000,"8","kernel_stage_q_reg_replica_11/C","lfnst_mem_resp_data_q_reg[0]/D","SLICE_X78Y139","SLICE_X78Y187",""
21,B_kernel_control_to_p4_input_mem,-0.981000,2.962000,0.667000,2.295000,"6","lfnst_grid_reg[30][1]/C","u_unified_p4_kernel/input_mem_reg[0][22][1]/D","SLICE_X102Y81","SLICE_X99Y13",""
22,B_kernel_control_to_p4_input_mem,-0.978000,2.957000,0.461000,2.496000,"6","kernel_vector_q_reg[0]_rep__0/C","u_unified_p4_kernel/input_mem_reg[0][34][12]/D","SLICE_X101Y76","SLICE_X83Y15",""
23,A_cache_to_lfnst_response,-0.976000,2.957000,0.867000,2.090000,"8","kernel_stage_q_reg_replica_11/C","lfnst_mem_resp_data_q_reg[2]/D","SLICE_X78Y139","SLICE_X77Y185",""
24,B_kernel_control_to_p4_input_mem,-0.975000,2.956000,0.471000,2.485000,"6","kernel_vector_q_reg[0]_rep__1/C","u_unified_p4_kernel/input_mem_reg[2][39][10]/D","SLICE_X95Y72","SLICE_X107Y27",""
25,B_kernel_control_to_p4_input_mem,-0.974000,2.957000,0.524000,2.433000,"5","kernel_phase_q_reg[3]/C","u_unified_p4_kernel/input_mem_reg[1][33][10]/D","SLICE_X87Y62","SLICE_X106Y34",""
26,B_kernel_control_to_p4_input_mem,-0.974000,2.956000,0.667000,2.289000,"6","lfnst_grid_reg[30][1]/C","u_unified_p4_kernel/input_mem_reg[3][38][1]/D","SLICE_X102Y81","SLICE_X85Y16",""
27,B_kernel_control_to_p4_input_mem,-0.973000,2.953000,0.461000,2.492000,"6","kernel_vector_q_reg[0]_rep__0/C","u_unified_p4_kernel/input_mem_reg[2][50][12]/D","SLICE_X101Y76","SLICE_X85Y17",""
28,B_kernel_control_to_p4_input_mem,-0.971000,2.952000,0.546000,2.406000,"6","lfnst_grid_reg[20][14]/C","u_unified_p4_kernel/input_mem_reg[2][14][14]/D","SLICE_X103Y71","SLICE_X98Y10",""
29,B_kernel_control_to_p4_input_mem,-0.970000,2.949000,0.425000,2.524000,"6","kernel_vector_q_reg[0]_rep__0/C","u_unified_p4_kernel/input_mem_reg[2][23][11]/D","SLICE_X101Y76","SLICE_X97Y18",""
30,A_cache_to_lfnst_response,-0.970000,2.950000,0.675000,2.275000,"8","kernel_stage_q_reg_replica_11/C","lfnst_mem_resp_data_q_reg[7]/D","SLICE_X78Y139","SLICE_X76Y191",""
31,B_kernel_control_to_p4_input_mem,-0.968000,2.948000,0.461000,2.487000,"6","kernel_vector_q_reg[0]_rep__0/C","u_unified_p4_kernel/input_mem_reg[0][18][12]/D","SLICE_X101Y76","SLICE_X85Y12",""
32,B_kernel_control_to_p4_input_mem,-0.968000,2.948000,0.461000,2.487000,"6","kernel_vector_q_reg[0]_rep__0/C","u_unified_p4_kernel/input_mem_reg[3][62][12]/D","SLICE_X101Y76","SLICE_X87Y13",""
33,B_kernel_control_to_p4_input_mem,-0.966000,2.948000,0.667000,2.281000,"6","lfnst_grid_reg[30][1]/C","u_unified_p4_kernel/input_mem_reg[2][30][1]/D","SLICE_X102Y81","SLICE_X98Y14",""
34,A_cache_to_lfnst_response,-0.966000,2.946000,0.784000,2.162000,"8","kernel_stage_q_reg_replica_11/C","lfnst_mem_resp_data_q_reg[15]/D","SLICE_X78Y139","SLICE_X78Y194",""
35,B_kernel_control_to_p4_input_mem,-0.965000,2.945000,0.461000,2.484000,"6","kernel_vector_q_reg[0]_rep__0/C","u_unified_p4_kernel/input_mem_reg[0][62][12]/D","SLICE_X101Y76","SLICE_X87Y14",""
36,B_kernel_control_to_p4_input_mem,-0.964000,2.947000,0.549000,2.398000,"6","kernel_vector_q_reg[1]_rep__2/C","u_unified_p4_kernel/input_mem_reg[1][8][4]/D","SLICE_X100Y81","SLICE_X79Y20",""
37,A_cache_to_lfnst_response,-0.963000,2.944000,0.650000,2.294000,"8","kernel_stage_q_reg_replica_11/C","lfnst_mem_resp_data_q_reg[5]/D","SLICE_X78Y139","SLICE_X77Y193",""
38,B_kernel_control_to_p4_input_mem,-0.962000,2.941000,0.461000,2.480000,"6","kernel_vector_q_reg[0]_rep__0/C","u_unified_p4_kernel/input_mem_reg[1][34][12]/D","SLICE_X101Y76","SLICE_X84Y15",""
39,B_kernel_control_to_p4_input_mem,-0.961000,2.942000,0.546000,2.396000,"5","kernel_phase_q_reg[3]/C","u_unified_p4_kernel/input_mem_reg[0][45][12]/D","SLICE_X87Y62","SLICE_X102Y33",""
40,B_kernel_control_to_p4_input_mem,-0.959000,2.940000,0.546000,2.394000,"6","lfnst_grid_reg[20][14]/C","u_unified_p4_kernel/input_mem_reg[1][54][14]/D","SLICE_X103Y71","SLICE_X82Y17",""
41,B_kernel_control_to_p4_input_mem,-0.958000,2.940000,0.549000,2.391000,"6","kernel_vector_q_reg[1]_rep__2/C","u_unified_p4_kernel/input_mem_reg[1][20][4]/D","SLICE_X100Y81","SLICE_X78Y22",""
42,B_kernel_control_to_p4_input_mem,-0.958000,2.938000,0.546000,2.392000,"6","lfnst_grid_reg[20][14]/C","u_unified_p4_kernel/input_mem_reg[2][26][14]/D","SLICE_X103Y71","SLICE_X85Y13",""
43,B_kernel_control_to_p4_input_mem,-0.958000,2.937000,0.546000,2.391000,"6","lfnst_grid_reg[20][14]/C","u_unified_p4_kernel/input_mem_reg[1][18][14]/D","SLICE_X103Y71","SLICE_X84Y13",""
44,B_kernel_control_to_p4_input_mem,-0.957000,2.937000,0.582000,2.355000,"6","lfnst_grid_reg[53][6]/C","u_unified_p4_kernel/input_mem_reg[2][55][6]/D","SLICE_X103Y82","SLICE_X93Y4",""
45,B_kernel_control_to_p4_input_mem,-0.956000,2.938000,0.667000,2.271000,"6","lfnst_grid_reg[30][1]/C","u_unified_p4_kernel/input_mem_reg[2][34][1]/D","SLICE_X102Y81","SLICE_X83Y15",""
46,B_kernel_control_to_p4_input_mem,-0.955000,2.936000,0.667000,2.269000,"6","lfnst_grid_reg[30][1]/C","u_unified_p4_kernel/input_mem_reg[3][6][1]/D","SLICE_X102Y81","SLICE_X83Y8",""
47,B_kernel_control_to_p4_input_mem,-0.954000,2.934000,0.461000,2.473000,"6","kernel_vector_q_reg[0]_rep__0/C","u_unified_p4_kernel/input_mem_reg[2][6][12]/D","SLICE_X101Y76","SLICE_X88Y11",""
48,A_cache_to_lfnst_response,-0.954000,2.935000,0.697000,2.238000,"8","kernel_stage_q_reg_replica_11/C","lfnst_mem_resp_data_q_reg[13]/D","SLICE_X78Y139","SLICE_X76Y190",""
49,B_kernel_control_to_p4_input_mem,-0.954000,2.936000,0.546000,2.390000,"5","kernel_phase_q_reg[3]/C","u_unified_p4_kernel/input_mem_reg[3][45][12]/D","SLICE_X87Y62","SLICE_X102Y32",""
50,B_kernel_control_to_p4_input_mem,-0.954000,2.934000,0.582000,2.352000,"6","lfnst_grid_reg[53][6]/C","u_unified_p4_kernel/input_mem_reg[0][19][6]/D","SLICE_X103Y82","SLICE_X92Y4",""
51,B_kernel_control_to_p4_input_mem,-0.953000,2.933000,0.461000,2.472000,"6","kernel_vector_q_reg[0]_rep__0/C","u_unified_p4_kernel/input_mem_reg[3][50][12]/D","SLICE_X101Y76","SLICE_X85Y18",""
52,B_kernel_control_to_p4_input_mem,-0.952000,2.934000,0.549000,2.385000,"6","kernel_vector_q_reg[1]_rep__2/C","u_unified_p4_kernel/input_mem_reg[3][8][4]/D","SLICE_X100Y81","SLICE_X78Y20",""
53,B_kernel_control_to_p4_input_mem,-0.952000,2.932000,0.513000,2.419000,"6","kernel_vector_q_reg[0]_rep__0/C","u_unified_p4_kernel/input_mem_reg[3][27][11]/D","SLICE_X101Y76","SLICE_X105Y23",""
54,B_kernel_control_to_p4_input_mem,-0.951000,2.931000,0.582000,2.349000,"6","lfnst_grid_reg[53][6]/C","u_unified_p4_kernel/input_mem_reg[3][59][6]/D","SLICE_X103Y82","SLICE_X95Y9",""
55,B_kernel_control_to_p4_input_mem,-0.951000,2.931000,0.474000,2.457000,"6","lfnst_grid_reg[10][8]/C","u_unified_p4_kernel/input_mem_reg[2][58][8]/D","SLICE_X103Y77","SLICE_X81Y14",""
56,B_kernel_control_to_p4_input_mem,-0.950000,2.930000,0.461000,2.469000,"6","kernel_vector_q_reg[0]_rep__0/C","u_unified_p4_kernel/input_mem_reg[2][62][12]/D","SLICE_X101Y76","SLICE_X87Y13",""
57,A_cache_to_lfnst_response,-0.950000,2.931000,0.722000,2.209000,"8","kernel_stage_q_reg_replica_11/C","lfnst_mem_resp_data_q_reg[10]/D","SLICE_X78Y139","SLICE_X73Y188",""
58,B_kernel_control_to_p4_input_mem,-0.949000,2.930000,0.582000,2.348000,"6","lfnst_grid_reg[53][6]/C","u_unified_p4_kernel/input_mem_reg[0][35][6]/D","SLICE_X103Y82","SLICE_X103Y15",""
59,B_kernel_control_to_p4_input_mem,-0.949000,2.930000,0.726000,2.204000,"6","lfnst_grid_reg[33][15]/C","u_unified_p4_kernel/input_mem_reg[2][60][15]/D","SLICE_X102Y78","SLICE_X80Y47",""
60,B_kernel_control_to_p4_input_mem,-0.947000,2.928000,0.574000,2.354000,"6","lfnst_grid_reg[10][8]/C","u_unified_p4_kernel/input_mem_reg[2][60][8]/D","SLICE_X103Y77","SLICE_X75Y20",""
61,C_other_cache_read_or_response,-0.947000,2.745000,0.587000,2.158000,"5","fill_slot_reg/C","gen_input_slots[0].gen_input_banks[2].u_input_cache_bank/data_mem_reg_512_575_7_13/RAMA/WE","SLICE_X77Y156","SLICE_X74Y209",""
62,C_other_cache_read_or_response,-0.947000,2.745000,0.587000,2.158000,"5","fill_slot_reg/C","gen_input_slots[0].gen_input_banks[2].u_input_cache_bank/data_mem_reg_512_575_7_13/RAMB/WE","SLICE_X77Y156","SLICE_X74Y209",""
63,C_other_cache_read_or_response,-0.947000,2.745000,0.587000,2.158000,"5","fill_slot_reg/C","gen_input_slots[0].gen_input_banks[2].u_input_cache_bank/data_mem_reg_512_575_7_13/RAMC/WE","SLICE_X77Y156","SLICE_X74Y209",""
64,C_other_cache_read_or_response,-0.947000,2.745000,0.587000,2.158000,"5","fill_slot_reg/C","gen_input_slots[0].gen_input_banks[2].u_input_cache_bank/data_mem_reg_512_575_7_13/RAMD/WE","SLICE_X77Y156","SLICE_X74Y209",""
65,C_other_cache_read_or_response,-0.947000,2.745000,0.587000,2.158000,"5","fill_slot_reg/C","gen_input_slots[0].gen_input_banks[2].u_input_cache_bank/data_mem_reg_512_575_7_13/RAME/WE","SLICE_X77Y156","SLICE_X74Y209",""
66,C_other_cache_read_or_response,-0.947000,2.745000,0.587000,2.158000,"5","fill_slot_reg/C","gen_input_slots[0].gen_input_banks[2].u_input_cache_bank/data_mem_reg_512_575_7_13/RAMF/WE","SLICE_X77Y156","SLICE_X74Y209",""
67,C_other_cache_read_or_response,-0.947000,2.745000,0.587000,2.158000,"5","fill_slot_reg/C","gen_input_slots[0].gen_input_banks[2].u_input_cache_bank/data_mem_reg_512_575_7_13/RAMG/WE","SLICE_X77Y156","SLICE_X74Y209",""
68,C_other_cache_read_or_response,-0.947000,2.745000,0.587000,2.158000,"5","fill_slot_reg/C","gen_input_slots[0].gen_input_banks[2].u_input_cache_bank/data_mem_reg_512_575_7_13/RAMH/WE","SLICE_X77Y156","SLICE_X74Y209",""
69,B_kernel_control_to_p4_input_mem,-0.946000,2.927000,0.546000,2.381000,"6","lfnst_grid_reg[20][14]/C","u_unified_p4_kernel/input_mem_reg[0][14][14]/D","SLICE_X103Y71","SLICE_X98Y10",""
70,C_other_cache_read_or_response,-0.946000,2.744000,0.817000,1.927000,"6","fill_slot_reg/C","gen_input_slots[1].gen_input_banks[0].u_input_cache_bank/data_mem_reg_0_63_14_15/RAMA/WE","SLICE_X77Y156","SLICE_X79Y139",""
71,C_other_cache_read_or_response,-0.946000,2.744000,0.817000,1.927000,"6","fill_slot_reg/C","gen_input_slots[1].gen_input_banks[0].u_input_cache_bank/data_mem_reg_0_63_14_15/RAMB/WE","SLICE_X77Y156","SLICE_X79Y139",""
72,C_other_cache_read_or_response,-0.946000,2.744000,0.817000,1.927000,"6","fill_slot_reg/C","gen_input_slots[1].gen_input_banks[0].u_input_cache_bank/data_mem_reg_0_63_14_15/RAMC/WE","SLICE_X77Y156","SLICE_X79Y139",""
73,C_other_cache_read_or_response,-0.946000,2.744000,0.817000,1.927000,"6","fill_slot_reg/C","gen_input_slots[1].gen_input_banks[0].u_input_cache_bank/data_mem_reg_0_63_14_15/RAMD/WE","SLICE_X77Y156","SLICE_X79Y139",""
74,B_kernel_control_to_p4_input_mem,-0.946000,2.928000,0.524000,2.404000,"5","kernel_phase_q_reg[3]/C","u_unified_p4_kernel/input_mem_reg[1][25][10]/D","SLICE_X87Y62","SLICE_X106Y32",""
75,B_kernel_control_to_p4_input_mem,-0.945000,2.925000,0.656000,2.269000,"6","lfnst_grid_reg[43][1]/C","u_unified_p4_kernel/input_mem_reg[3][17][1]/D","SLICE_X103Y85","SLICE_X103Y39",""
76,B_kernel_control_to_p4_input_mem,-0.945000,2.926000,0.546000,2.380000,"5","kernel_phase_q_reg[3]/C","u_unified_p4_kernel/input_mem_reg[2][45][12]/D","SLICE_X87Y62","SLICE_X102Y33",""
77,C_other_cache_kernel_or_write,-0.943000,2.925000,0.504000,2.421000,"7","lfnst_mem_req_q_reg/C","kernel_rd_raw_data_q_reg[34]/D","SLICE_X78Y136","SLICE_X77Y199",""
78,B_kernel_control_to_p4_input_mem,-0.942000,2.925000,0.549000,2.376000,"6","kernel_vector_q_reg[1]_rep__2/C","u_unified_p4_kernel/input_mem_reg[0][20][4]/D","SLICE_X100Y81","SLICE_X79Y23",""
79,C_other_cache_read_or_response,-0.942000,2.741000,0.540000,2.201000,"5","fill_slot_reg/C","gen_input_slots[0].gen_input_banks[2].u_input_cache_bank/data_mem_reg_128_191_14_15/RAMA/WE","SLICE_X77Y156","SLICE_X71Y215",""
80,C_other_cache_read_or_response,-0.942000,2.741000,0.540000,2.201000,"5","fill_slot_reg/C","gen_input_slots[0].gen_input_banks[2].u_input_cache_bank/data_mem_reg_128_191_14_15/RAMB/WE","SLICE_X77Y156","SLICE_X71Y215",""
81,C_other_cache_read_or_response,-0.942000,2.741000,0.540000,2.201000,"5","fill_slot_reg/C","gen_input_slots[0].gen_input_banks[2].u_input_cache_bank/data_mem_reg_128_191_14_15/RAMC/WE","SLICE_X77Y156","SLICE_X71Y215",""
82,C_other_cache_read_or_response,-0.942000,2.741000,0.540000,2.201000,"5","fill_slot_reg/C","gen_input_slots[0].gen_input_banks[2].u_input_cache_bank/data_mem_reg_128_191_14_15/RAMD/WE","SLICE_X77Y156","SLICE_X71Y215",""
83,C_other_cache_kernel_or_write,-0.941000,2.923000,0.603000,2.320000,"7","kernel_rd_req_pending_q_reg_replica/C","kernel_rd_raw_data_q_reg[36]/D","SLICE_X78Y136","SLICE_X70Y195",""
84,B_kernel_control_to_p4_input_mem,-0.941000,2.920000,0.574000,2.346000,"6","lfnst_grid_reg[10][8]/C","u_unified_p4_kernel/input_mem_reg[0][60][8]/D","SLICE_X103Y77","SLICE_X76Y20",""
85,C_other_cache_kernel_or_write,-0.940000,2.835000,0.427000,2.408000,"5","u_unified_p4_kernel/slot_state_q_reg[0][1]/C","kernel_rd_raw_data_q_reg[45]/CE","SLICE_X92Y57","SLICE_X73Y202",""
86,B_kernel_control_to_p4_input_mem,-0.940000,2.922000,0.524000,2.398000,"5","kernel_phase_q_reg[3]/C","u_unified_p4_kernel/input_mem_reg[1][53][10]/D","SLICE_X87Y62","SLICE_X108Y34",""
87,B_kernel_control_to_p4_input_mem,-0.940000,2.922000,0.491000,2.431000,"5","kernel_phase_q_reg[3]/C","u_unified_p4_kernel/input_mem_reg[2][25][14]/D","SLICE_X87Y62","SLICE_X106Y35",""
88,B_kernel_control_to_p4_input_mem,-0.939000,2.922000,0.667000,2.255000,"6","lfnst_grid_reg[30][1]/C","u_unified_p4_kernel/input_mem_reg[0][26][1]/D","SLICE_X102Y81","SLICE_X82Y15",""
89,B_kernel_control_to_p4_input_mem,-0.939000,2.920000,0.474000,2.446000,"6","lfnst_grid_reg[10][8]/C","u_unified_p4_kernel/input_mem_reg[0][62][8]/D","SLICE_X103Y77","SLICE_X81Y12",""
90,B_kernel_control_to_p4_input_mem,-0.939000,2.918000,0.546000,2.372000,"6","lfnst_grid_reg[20][14]/C","u_unified_p4_kernel/input_mem_reg[2][18][14]/D","SLICE_X103Y71","SLICE_X84Y14",""
91,B_kernel_control_to_p4_input_mem,-0.938000,2.919000,0.546000,2.373000,"6","lfnst_grid_reg[20][14]/C","u_unified_p4_kernel/input_mem_reg[2][46][14]/D","SLICE_X103Y71","SLICE_X86Y22",""
92,E_other,-0.938000,2.919000,1.629000,1.290000,"7","u_bounded_lfnst_engine/coeff_bundle_q_reg[182]/C","u_bounded_lfnst_engine/products_q_reg[11][8]/D","SLICE_X101Y109","SLICE_X101Y111",""
93,B_kernel_control_to_p4_input_mem,-0.938000,2.919000,0.500000,2.419000,"6","kernel_vector_q_reg[0]_rep__0/C","u_unified_p4_kernel/input_mem_reg[2][31][12]/D","SLICE_X101Y76","SLICE_X103Y21",""
94,B_kernel_control_to_p4_input_mem,-0.938000,2.918000,0.461000,2.457000,"6","kernel_vector_q_reg[0]_rep__0/C","u_unified_p4_kernel/input_mem_reg[1][50][12]/D","SLICE_X101Y76","SLICE_X85Y17",""
95,B_kernel_control_to_p4_input_mem,-0.938000,2.918000,0.546000,2.372000,"6","lfnst_grid_reg[20][14]/C","u_unified_p4_kernel/input_mem_reg[2][58][14]/D","SLICE_X103Y71","SLICE_X84Y22",""
96,C_other_cache_read_or_response,-0.937000,2.736000,0.566000,2.170000,"5","fill_slot_reg/C","gen_input_slots[0].gen_input_banks[0].u_input_cache_bank/data_mem_reg_960_1023_14_15/RAMA/WE","SLICE_X77Y156","SLICE_X66Y198",""
97,C_other_cache_read_or_response,-0.937000,2.736000,0.566000,2.170000,"5","fill_slot_reg/C","gen_input_slots[0].gen_input_banks[0].u_input_cache_bank/data_mem_reg_960_1023_14_15/RAMB/WE","SLICE_X77Y156","SLICE_X66Y198",""
98,C_other_cache_read_or_response,-0.937000,2.736000,0.566000,2.170000,"5","fill_slot_reg/C","gen_input_slots[0].gen_input_banks[0].u_input_cache_bank/data_mem_reg_960_1023_14_15/RAMC/WE","SLICE_X77Y156","SLICE_X66Y198",""
99,C_other_cache_read_or_response,-0.937000,2.736000,0.566000,2.170000,"5","fill_slot_reg/C","gen_input_slots[0].gen_input_banks[0].u_input_cache_bank/data_mem_reg_960_1023_14_15/RAMD/WE","SLICE_X77Y156","SLICE_X66Y198",""
100,B_kernel_control_to_p4_input_mem,-0.937000,2.920000,0.549000,2.371000,"6","kernel_vector_q_reg[1]_rep__2/C","u_unified_p4_kernel/input_mem_reg[3][24][4]/D","SLICE_X100Y81","SLICE_X75Y22",""
101,B_kernel_control_to_p4_input_mem,-0.937000,2.917000,0.471000,2.446000,"6","kernel_vector_q_reg[0]_rep__1/C","u_unified_p4_kernel/input_mem_reg[3][39][10]/D","SLICE_X95Y72","SLICE_X107Y28",""
102,B_kernel_control_to_p4_input_mem,-0.936000,2.919000,0.524000,2.395000,"5","kernel_phase_q_reg[3]/C","u_unified_p4_kernel/input_mem_reg[2][45][10]/D","SLICE_X87Y62","SLICE_X103Y32",""
103,B_kernel_control_to_p4_input_mem,-0.936000,2.916000,0.461000,2.455000,"6","kernel_vector_q_reg[0]_rep__0/C","u_unified_p4_kernel/input_mem_reg[2][38][12]/D","SLICE_X101Y76","SLICE_X86Y16",""
104,B_kernel_control_to_p4_input_mem,-0.935000,2.916000,0.554000,2.362000,"6","kernel_vector_q_reg[0]_rep__0/C","u_unified_p4_kernel/input_mem_reg[3][5][13]/D","SLICE_X101Y76","SLICE_X103Y34",""
105,B_kernel_control_to_p4_input_mem,-0.935000,2.916000,0.436000,2.480000,"5","kernel_phase_q_reg[3]/C","u_unified_p4_kernel/input_mem_reg[0][17][11]/D","SLICE_X87Y62","SLICE_X105Y34",""
106,B_kernel_control_to_p4_input_mem,-0.934000,2.915000,0.546000,2.369000,"6","lfnst_grid_reg[20][14]/C","u_unified_p4_kernel/input_mem_reg[3][10][14]/D","SLICE_X103Y71","SLICE_X96Y11",""
107,B_kernel_control_to_p4_input_mem,-0.934000,2.916000,0.667000,2.249000,"6","lfnst_grid_reg[30][1]/C","u_unified_p4_kernel/input_mem_reg[0][6][1]/D","SLICE_X102Y81","SLICE_X80Y9",""
108,B_kernel_control_to_p4_input_mem,-0.934000,2.917000,0.524000,2.393000,"5","kernel_phase_q_reg[3]/C","u_unified_p4_kernel/input_mem_reg[2][17][10]/D","SLICE_X87Y62","SLICE_X103Y32",""
109,B_kernel_control_to_p4_input_mem,-0.934000,2.914000,0.410000,2.504000,"6","kernel_vector_q_reg[0]_rep__0/C","u_unified_p4_kernel/input_mem_reg[1][3][13]/D","SLICE_X101Y76","SLICE_X100Y26",""
110,B_kernel_control_to_p4_input_mem,-0.934000,2.915000,0.461000,2.454000,"6","kernel_vector_q_reg[0]_rep__0/C","u_unified_p4_kernel/input_mem_reg[1][38][12]/D","SLICE_X101Y76","SLICE_X86Y16",""
111,B_kernel_control_to_p4_input_mem,-0.934000,2.914000,0.461000,2.453000,"6","kernel_vector_q_reg[0]_rep__0/C","u_unified_p4_kernel/input_mem_reg[1][6][12]/D","SLICE_X101Y76","SLICE_X89Y19",""
112,C_other_cache_kernel_or_write,-0.934000,2.828000,0.427000,2.401000,"5","u_unified_p4_kernel/slot_state_q_reg[0][1]/C","kernel_rd_raw_data_q_reg[55]/CE","SLICE_X92Y57","SLICE_X78Y204",""
113,B_kernel_control_to_p4_input_mem,-0.933000,2.913000,0.546000,2.367000,"6","lfnst_grid_reg[20][14]/C","u_unified_p4_kernel/input_mem_reg[0][62][14]/D","SLICE_X103Y71","SLICE_X87Y19",""
114,B_kernel_control_to_p4_input_mem,-0.933000,2.914000,0.501000,2.413000,"6","kernel_vector_q_reg[0]_rep__0/C","u_unified_p4_kernel/input_mem_reg[0][14][12]/D","SLICE_X101Y76","SLICE_X98Y14",""
115,B_kernel_control_to_p4_input_mem,-0.932000,2.912000,0.546000,2.366000,"6","lfnst_grid_reg[20][14]/C","u_unified_p4_kernel/input_mem_reg[1][26][14]/D","SLICE_X103Y71","SLICE_X83Y14",""
116,B_kernel_control_to_p4_input_mem,-0.932000,2.913000,0.524000,2.389000,"5","kernel_phase_q_reg[3]/C","u_unified_p4_kernel/input_mem_reg[3][37][10]/D","SLICE_X87Y62","SLICE_X102Y38",""
117,B_kernel_control_to_p4_input_mem,-0.932000,2.911000,0.574000,2.337000,"6","lfnst_grid_reg[10][8]/C","u_unified_p4_kernel/input_mem_reg[2][40][8]/D","SLICE_X103Y77","SLICE_X78Y23",""
118,C_other_cache_kernel_or_write,-0.932000,2.826000,0.427000,2.399000,"5","u_unified_p4_kernel/slot_state_q_reg[0][1]/C","kernel_rd_raw_data_q_reg[58]/CE","SLICE_X92Y57","SLICE_X78Y204",""
119,B_kernel_control_to_p4_input_mem,-0.931000,2.912000,0.656000,2.256000,"6","lfnst_grid_reg[43][1]/C","u_unified_p4_kernel/input_mem_reg[1][17][1]/D","SLICE_X103Y85","SLICE_X103Y38",""
120,B_kernel_control_to_p4_input_mem,-0.931000,2.914000,0.502000,2.412000,"5","kernel_phase_q_reg[3]/C","u_unified_p4_kernel/input_mem_reg[3][53][15]/D","SLICE_X87Y62","SLICE_X103Y40",""
121,B_kernel_control_to_p4_input_mem,-0.931000,2.911000,0.574000,2.337000,"6","lfnst_grid_reg[10][8]/C","u_unified_p4_kernel/input_mem_reg[3][36][8]/D","SLICE_X103Y77","SLICE_X78Y21",""
122,B_kernel_control_to_p4_input_mem,-0.931000,2.913000,0.549000,2.364000,"6","kernel_vector_q_reg[1]_rep__2/C","u_unified_p4_kernel/input_mem_reg[3][28][4]/D","SLICE_X100Y81","SLICE_X75Y26",""
123,B_kernel_control_to_p4_input_mem,-0.930000,2.913000,0.462000,2.451000,"5","kernel_phase_q_reg[3]/C","u_unified_p4_kernel/input_mem_reg[1][7][0]/D","SLICE_X87Y62","SLICE_X106Y21",""
124,B_kernel_control_to_p4_input_mem,-0.929000,2.912000,0.491000,2.421000,"5","kernel_phase_q_reg[3]/C","u_unified_p4_kernel/input_mem_reg[2][33][14]/D","SLICE_X87Y62","SLICE_X106Y36",""
125,B_kernel_control_to_p4_input_mem,-0.929000,2.908000,0.540000,2.368000,"6","kernel_vector_q_reg[1]_rep__1_replica_1/C","u_unified_p4_kernel/input_mem_reg[2][26][9]/D","SLICE_X103Y81","SLICE_X83Y11",""
126,B_kernel_control_to_p4_input_mem,-0.929000,2.911000,0.716000,2.195000,"6","lfnst_grid_reg[30][1]/C","u_unified_p4_kernel/input_mem_reg[2][31][1]/D","SLICE_X102Y81","SLICE_X103Y18",""
127,B_kernel_control_to_p4_input_mem,-0.929000,2.908000,0.546000,2.362000,"6","lfnst_grid_reg[20][14]/C","u_unified_p4_kernel/input_mem_reg[3][14][14]/D","SLICE_X103Y71","SLICE_X97Y10",""
128,B_kernel_control_to_p4_input_mem,-0.929000,2.910000,0.491000,2.419000,"5","kernel_phase_q_reg[3]/C","u_unified_p4_kernel/input_mem_reg[3][17][14]/D","SLICE_X87Y62","SLICE_X105Y34",""
129,B_kernel_control_to_p4_input_mem,-0.928000,2.909000,0.474000,2.435000,"6","lfnst_grid_reg[10][8]/C","u_unified_p4_kernel/input_mem_reg[0][34][8]/D","SLICE_X103Y77","SLICE_X86Y18",""
130,C_other_cache_kernel_or_write,-0.927000,2.908000,0.542000,2.366000,"6","u_unified_p4_kernel/fifo_rd_ptr_q_reg[1]_rep__3/C","vwrite_cmd_data_q_reg[0][10]/D","SLICE_X90Y86","SLICE_X74Y58",""
131,E_other,-0.927000,2.908000,1.629000,1.279000,"7","u_bounded_lfnst_engine/coeff_bundle_q_reg[182]/C","u_bounded_lfnst_engine/products_q_reg[11][9]/D","SLICE_X101Y109","SLICE_X101Y111",""
132,B_kernel_control_to_p4_input_mem,-0.927000,2.910000,0.462000,2.448000,"5","kernel_phase_q_reg[3]/C","u_unified_p4_kernel/input_mem_reg[0][35][0]/D","SLICE_X87Y62","SLICE_X106Y26",""
133,B_kernel_control_to_p4_input_mem,-0.927000,2.907000,0.461000,2.446000,"6","kernel_vector_q_reg[0]_rep__0/C","u_unified_p4_kernel/input_mem_reg[3][54][12]/D","SLICE_X101Y76","SLICE_X88Y9",""
134,B_kernel_control_to_p4_input_mem,-0.927000,2.907000,0.474000,2.433000,"6","lfnst_grid_reg[10][8]/C","u_unified_p4_kernel/input_mem_reg[2][38][8]/D","SLICE_X103Y77","SLICE_X86Y8",""
135,B_kernel_control_to_p4_input_mem,-0.926000,2.906000,0.494000,2.412000,"6","lfnst_grid_reg[53][6]/C","u_unified_p4_kernel/input_mem_reg[2][26][6]/D","SLICE_X103Y82","SLICE_X83Y11",""
136,B_kernel_control_to_p4_input_mem,-0.926000,2.907000,0.574000,2.333000,"6","lfnst_grid_reg[10][8]/C","u_unified_p4_kernel/input_mem_reg[3][60][8]/D","SLICE_X103Y77","SLICE_X75Y20",""
137,C_other_cache_kernel_or_write,-0.926000,2.907000,0.693000,2.214000,"7","kernel_stage_q_reg_replica_11/C","kernel_rd_raw_data_q_reg[41]/D","SLICE_X78Y139","SLICE_X73Y176",""
138,B_kernel_control_to_p4_input_mem,-0.926000,2.907000,0.513000,2.394000,"6","kernel_vector_q_reg[0]_rep__0/C","u_unified_p4_kernel/input_mem_reg[1][47][11]/D","SLICE_X101Y76","SLICE_X103Y25",""
139,B_kernel_control_to_p4_input_mem,-0.926000,2.906000,0.546000,2.360000,"6","lfnst_grid_reg[20][14]/C","u_unified_p4_kernel/input_mem_reg[0][58][14]/D","SLICE_X103Y71","SLICE_X84Y22",""
140,B_kernel_control_to_p4_input_mem,-0.926000,2.908000,0.622000,2.286000,"6","lfnst_grid_reg[26][3]/C","u_unified_p4_kernel/input_mem_reg[2][29][3]/D","SLICE_X102Y79","SLICE_X101Y17",""
141,B_kernel_control_to_p4_input_mem,-0.926000,2.908000,0.547000,2.361000,"5","kernel_phase_q_reg[3]/C","u_unified_p4_kernel/input_mem_reg[1][9][2]/D","SLICE_X87Y62","SLICE_X101Y19",""
142,C_other_cache_kernel_or_write,-0.926000,2.906000,0.700000,2.206000,"7","kernel_stage_q_reg_replica_11/C","kernel_rd_raw_data_q_reg[46]/D","SLICE_X78Y139","SLICE_X77Y192",""
143,C_other_cache_kernel_or_write,-0.925000,2.905000,0.333000,2.572000,"4","u_unified_p4_kernel/fifo_rd_ptr_q_reg[3]_rep/C","vwrite_cmd_data_q_reg[1][4]/D","SLICE_X95Y66","SLICE_X73Y61",""
144,B_kernel_control_to_p4_input_mem,-0.925000,2.906000,0.474000,2.432000,"6","lfnst_grid_reg[10][8]/C","u_unified_p4_kernel/input_mem_reg[1][62][8]/D","SLICE_X103Y77","SLICE_X81Y12",""
145,C_other_cache_read_or_response,-0.925000,2.724000,0.608000,2.116000,"5","fill_slot_reg/C","gen_input_slots[0].gen_input_banks[2].u_input_cache_bank/data_mem_reg_256_319_7_13/RAMA/WE","SLICE_X77Y156","SLICE_X75Y211",""
146,C_other_cache_read_or_response,-0.925000,2.724000,0.608000,2.116000,"5","fill_slot_reg/C","gen_input_slots[0].gen_input_banks[2].u_input_cache_bank/data_mem_reg_256_319_7_13/RAMB/WE","SLICE_X77Y156","SLICE_X75Y211",""
147,C_other_cache_read_or_response,-0.925000,2.724000,0.608000,2.116000,"5","fill_slot_reg/C","gen_input_slots[0].gen_input_banks[2].u_input_cache_bank/data_mem_reg_256_319_7_13/RAMC/WE","SLICE_X77Y156","SLICE_X75Y211",""
148,C_other_cache_read_or_response,-0.925000,2.724000,0.608000,2.116000,"5","fill_slot_reg/C","gen_input_slots[0].gen_input_banks[2].u_input_cache_bank/data_mem_reg_256_319_7_13/RAMD/WE","SLICE_X77Y156","SLICE_X75Y211",""
149,C_other_cache_read_or_response,-0.925000,2.724000,0.608000,2.116000,"5","fill_slot_reg/C","gen_input_slots[0].gen_input_banks[2].u_input_cache_bank/data_mem_reg_256_319_7_13/RAME/WE","SLICE_X77Y156","SLICE_X75Y211",""
150,C_other_cache_read_or_response,-0.925000,2.724000,0.608000,2.116000,"5","fill_slot_reg/C","gen_input_slots[0].gen_input_banks[2].u_input_cache_bank/data_mem_reg_256_319_7_13/RAMF/WE","SLICE_X77Y156","SLICE_X75Y211",""
151,C_other_cache_read_or_response,-0.925000,2.724000,0.608000,2.116000,"5","fill_slot_reg/C","gen_input_slots[0].gen_input_banks[2].u_input_cache_bank/data_mem_reg_256_319_7_13/RAMG/WE","SLICE_X77Y156","SLICE_X75Y211",""
152,C_other_cache_read_or_response,-0.925000,2.724000,0.608000,2.116000,"5","fill_slot_reg/C","gen_input_slots[0].gen_input_banks[2].u_input_cache_bank/data_mem_reg_256_319_7_13/RAMH/WE","SLICE_X77Y156","SLICE_X75Y211",""
153,B_kernel_control_to_p4_input_mem,-0.925000,2.905000,0.513000,2.392000,"6","kernel_vector_q_reg[0]_rep__0/C","u_unified_p4_kernel/input_mem_reg[3][7][11]/D","SLICE_X101Y76","SLICE_X105Y21",""
154,B_kernel_control_to_p4_input_mem,-0.925000,2.907000,0.462000,2.445000,"5","kernel_phase_q_reg[3]/C","u_unified_p4_kernel/input_mem_reg[3][39][0]/D","SLICE_X87Y62","SLICE_X105Y22",""
155,B_kernel_control_to_p4_input_mem,-0.925000,2.906000,0.546000,2.360000,"6","lfnst_grid_reg[20][14]/C","u_unified_p4_kernel/input_mem_reg[0][34][14]/D","SLICE_X103Y71","SLICE_X86Y18",""
156,B_kernel_control_to_p4_input_mem,-0.925000,2.906000,0.524000,2.382000,"5","kernel_phase_q_reg[3]/C","u_unified_p4_kernel/input_mem_reg[2][37][10]/D","SLICE_X87Y62","SLICE_X102Y37",""
157,B_kernel_control_to_p4_input_mem,-0.925000,2.907000,0.667000,2.240000,"6","lfnst_grid_reg[30][1]/C","u_unified_p4_kernel/input_mem_reg[0][30][1]/D","SLICE_X102Y81","SLICE_X98Y15",""
158,B_kernel_control_to_p4_input_mem,-0.924000,2.905000,0.487000,2.418000,"6","kernel_vector_q_reg[0]_rep__0/C","u_unified_p4_kernel/input_mem_reg[0][39][11]/D","SLICE_X101Y76","SLICE_X106Y28",""
159,C_other_cache_read_or_response,-0.924000,2.723000,0.560000,2.163000,"5","fill_slot_reg/C","gen_input_slots[0].gen_input_banks[2].u_input_cache_bank/data_mem_reg_64_127_0_6/RAMA/WE","SLICE_X77Y156","SLICE_X74Y219",""
160,C_other_cache_read_or_response,-0.924000,2.723000,0.560000,2.163000,"5","fill_slot_reg/C","gen_input_slots[0].gen_input_banks[2].u_input_cache_bank/data_mem_reg_64_127_0_6/RAMB/WE","SLICE_X77Y156","SLICE_X74Y219",""
161,C_other_cache_read_or_response,-0.924000,2.723000,0.560000,2.163000,"5","fill_slot_reg/C","gen_input_slots[0].gen_input_banks[2].u_input_cache_bank/data_mem_reg_64_127_0_6/RAMC/WE","SLICE_X77Y156","SLICE_X74Y219",""
162,C_other_cache_read_or_response,-0.924000,2.723000,0.560000,2.163000,"5","fill_slot_reg/C","gen_input_slots[0].gen_input_banks[2].u_input_cache_bank/data_mem_reg_64_127_0_6/RAMD/WE","SLICE_X77Y156","SLICE_X74Y219",""
163,C_other_cache_read_or_response,-0.924000,2.723000,0.560000,2.163000,"5","fill_slot_reg/C","gen_input_slots[0].gen_input_banks[2].u_input_cache_bank/data_mem_reg_64_127_0_6/RAME/WE","SLICE_X77Y156","SLICE_X74Y219",""
164,C_other_cache_read_or_response,-0.924000,2.723000,0.560000,2.163000,"5","fill_slot_reg/C","gen_input_slots[0].gen_input_banks[2].u_input_cache_bank/data_mem_reg_64_127_0_6/RAMF/WE","SLICE_X77Y156","SLICE_X74Y219",""
165,C_other_cache_read_or_response,-0.924000,2.723000,0.560000,2.163000,"5","fill_slot_reg/C","gen_input_slots[0].gen_input_banks[2].u_input_cache_bank/data_mem_reg_64_127_0_6/RAMG/WE","SLICE_X77Y156","SLICE_X74Y219",""
166,C_other_cache_read_or_response,-0.924000,2.723000,0.560000,2.163000,"5","fill_slot_reg/C","gen_input_slots[0].gen_input_banks[2].u_input_cache_bank/data_mem_reg_64_127_0_6/RAMH/WE","SLICE_X77Y156","SLICE_X74Y219",""
167,B_kernel_control_to_p4_input_mem,-0.924000,2.906000,0.601000,2.305000,"6","kernel_vector_q_reg[1]_rep__2/C","u_unified_p4_kernel/input_mem_reg[3][51][4]/D","SLICE_X100Y81","SLICE_X104Y18",""
168,B_kernel_control_to_p4_input_mem,-0.924000,2.907000,0.436000,2.471000,"5","kernel_phase_q_reg[3]/C","u_unified_p4_kernel/input_mem_reg[3][49][11]/D","SLICE_X87Y62","SLICE_X106Y38",""
169,B_kernel_control_to_p4_input_mem,-0.924000,2.903000,0.582000,2.321000,"6","lfnst_grid_reg[53][6]/C","u_unified_p4_kernel/input_mem_reg[1][7][6]/D","SLICE_X103Y82","SLICE_X97Y6",""
170,B_kernel_control_to_p4_input_mem,-0.923000,2.903000,0.471000,2.432000,"6","kernel_vector_q_reg[0]_rep__1/C","u_unified_p4_kernel/input_mem_reg[2][19][10]/D","SLICE_X95Y72","SLICE_X104Y19",""
171,B_kernel_control_to_p4_input_mem,-0.923000,2.904000,0.474000,2.430000,"6","lfnst_grid_reg[10][8]/C","u_unified_p4_kernel/input_mem_reg[3][62][8]/D","SLICE_X103Y77","SLICE_X81Y13",""
172,B_kernel_control_to_p4_input_mem,-0.923000,2.902000,0.513000,2.389000,"6","kernel_vector_q_reg[0]_rep__0/C","u_unified_p4_kernel/input_mem_reg[2][19][11]/D","SLICE_X101Y76","SLICE_X105Y24",""
173,B_kernel_control_to_p4_input_mem,-0.923000,2.904000,0.562000,2.342000,"6","kernel_vector_q_reg[1]_rep__2/C","u_unified_p4_kernel/input_mem_reg[1][22][4]/D","SLICE_X100Y81","SLICE_X99Y9",""
174,B_kernel_control_to_p4_input_mem,-0.922000,2.905000,0.716000,2.189000,"6","lfnst_grid_reg[30][1]/C","u_unified_p4_kernel/input_mem_reg[1][27][1]/D","SLICE_X102Y81","SLICE_X107Y25",""
175,B_kernel_control_to_p4_input_mem,-0.922000,2.903000,0.726000,2.177000,"6","lfnst_grid_reg[33][15]/C","u_unified_p4_kernel/input_mem_reg[1][60][15]/D","SLICE_X102Y78","SLICE_X80Y46",""
176,B_kernel_control_to_p4_input_mem,-0.922000,2.903000,0.396000,2.507000,"6","kernel_vector_q_reg[0]_rep__0/C","u_unified_p4_kernel/input_mem_reg[1][44][12]/D","SLICE_X101Y76","SLICE_X90Y46",""
177,B_kernel_control_to_p4_input_mem,-0.922000,2.902000,0.513000,2.389000,"6","kernel_vector_q_reg[0]_rep__0/C","u_unified_p4_kernel/input_mem_reg[0][7][11]/D","SLICE_X101Y76","SLICE_X105Y21",""
178,B_kernel_control_to_p4_input_mem,-0.922000,2.902000,0.425000,2.477000,"6","kernel_vector_q_reg[0]_rep__0/C","u_unified_p4_kernel/input_mem_reg[3][23][11]/D","SLICE_X101Y76","SLICE_X97Y19",""
179,B_kernel_control_to_p4_input_mem,-0.922000,2.903000,0.449000,2.454000,"5","kernel_phase_q_reg[3]/C","u_unified_p4_kernel/input_mem_reg[0][62][13]/D","SLICE_X87Y62","SLICE_X87Y14",""
180,C_other_cache_read_or_response,-0.922000,2.720000,0.566000,2.154000,"5","fill_slot_reg/C","gen_input_slots[0].gen_input_banks[0].u_input_cache_bank/data_mem_reg_960_1023_0_6/RAMA/WE","SLICE_X77Y156","SLICE_X62Y192",""
181,C_other_cache_read_or_response,-0.922000,2.720000,0.566000,2.154000,"5","fill_slot_reg/C","gen_input_slots[0].gen_input_banks[0].u_input_cache_bank/data_mem_reg_960_1023_0_6/RAMB/WE","SLICE_X77Y156","SLICE_X62Y192",""
182,C_other_cache_read_or_response,-0.922000,2.720000,0.566000,2.154000,"5","fill_slot_reg/C","gen_input_slots[0].gen_input_banks[0].u_input_cache_bank/data_mem_reg_960_1023_0_6/RAMC/WE","SLICE_X77Y156","SLICE_X62Y192",""
183,C_other_cache_read_or_response,-0.922000,2.720000,0.566000,2.154000,"5","fill_slot_reg/C","gen_input_slots[0].gen_input_banks[0].u_input_cache_bank/data_mem_reg_960_1023_0_6/RAMD/WE","SLICE_X77Y156","SLICE_X62Y192",""
184,C_other_cache_read_or_response,-0.922000,2.720000,0.566000,2.154000,"5","fill_slot_reg/C","gen_input_slots[0].gen_input_banks[0].u_input_cache_bank/data_mem_reg_960_1023_0_6/RAME/WE","SLICE_X77Y156","SLICE_X62Y192",""
185,C_other_cache_read_or_response,-0.922000,2.720000,0.566000,2.154000,"5","fill_slot_reg/C","gen_input_slots[0].gen_input_banks[0].u_input_cache_bank/data_mem_reg_960_1023_0_6/RAMF/WE","SLICE_X77Y156","SLICE_X62Y192",""
186,C_other_cache_read_or_response,-0.922000,2.720000,0.566000,2.154000,"5","fill_slot_reg/C","gen_input_slots[0].gen_input_banks[0].u_input_cache_bank/data_mem_reg_960_1023_0_6/RAMG/WE","SLICE_X77Y156","SLICE_X62Y192",""
187,C_other_cache_read_or_response,-0.922000,2.720000,0.566000,2.154000,"5","fill_slot_reg/C","gen_input_slots[0].gen_input_banks[0].u_input_cache_bank/data_mem_reg_960_1023_0_6/RAMH/WE","SLICE_X77Y156","SLICE_X62Y192",""
188,C_other_cache_kernel_or_write,-0.922000,2.816000,0.427000,2.389000,"5","u_unified_p4_kernel/slot_state_q_reg[0][1]/C","kernel_rd_raw_data_q_reg[36]/CE","SLICE_X92Y57","SLICE_X70Y195",""
189,B_kernel_control_to_p4_input_mem,-0.921000,2.902000,0.474000,2.428000,"6","lfnst_grid_reg[10][8]/C","u_unified_p4_kernel/input_mem_reg[3][38][8]/D","SLICE_X103Y77","SLICE_X86Y9",""
190,B_kernel_control_to_p4_input_mem,-0.921000,2.902000,0.574000,2.328000,"6","lfnst_grid_reg[10][8]/C","u_unified_p4_kernel/input_mem_reg[0][24][8]/D","SLICE_X103Y77","SLICE_X75Y21",""
191,B_kernel_control_to_p4_input_mem,-0.921000,2.903000,0.549000,2.354000,"6","kernel_vector_q_reg[1]_rep__2/C","u_unified_p4_kernel/input_mem_reg[2][24][4]/D","SLICE_X100Y81","SLICE_X76Y21",""
192,B_kernel_control_to_p4_input_mem,-0.921000,2.902000,0.487000,2.415000,"6","kernel_vector_q_reg[0]_rep__0/C","u_unified_p4_kernel/input_mem_reg[3][55][11]/D","SLICE_X101Y76","SLICE_X106Y31",""
193,B_kernel_control_to_p4_input_mem,-0.921000,2.903000,0.524000,2.379000,"5","kernel_phase_q_reg[3]/C","u_unified_p4_kernel/input_mem_reg[3][25][10]/D","SLICE_X87Y62","SLICE_X106Y32",""
194,B_kernel_control_to_p4_input_mem,-0.920000,2.902000,0.667000,2.235000,"6","lfnst_grid_reg[30][1]/C","u_unified_p4_kernel/input_mem_reg[0][54][1]/D","SLICE_X102Y81","SLICE_X83Y17",""
195,B_kernel_control_to_p4_input_mem,-0.920000,2.900000,0.540000,2.360000,"6","kernel_vector_q_reg[1]_rep__1_replica_1/C","u_unified_p4_kernel/input_mem_reg[3][26][9]/D","SLICE_X103Y81","SLICE_X83Y10",""
196,B_kernel_control_to_p4_input_mem,-0.920000,2.901000,0.582000,2.319000,"6","lfnst_grid_reg[53][6]/C","u_unified_p4_kernel/input_mem_reg[2][19][6]/D","SLICE_X103Y82","SLICE_X92Y4",""
197,C_other_cache_kernel_or_write,-0.920000,2.901000,0.731000,2.170000,"7","kernel_stage_q_reg_replica_11/C","kernel_rd_raw_data_q_reg[3]/D","SLICE_X78Y139","SLICE_X77Y185",""
198,B_kernel_control_to_p4_input_mem,-0.920000,2.903000,0.572000,2.331000,"6","lfnst_grid_reg[26][3]/C","u_unified_p4_kernel/input_mem_reg[3][27][3]/D","SLICE_X102Y79","SLICE_X107Y24",""
199,B_kernel_control_to_p4_input_mem,-0.920000,2.902000,0.549000,2.353000,"6","kernel_vector_q_reg[1]_rep__2/C","u_unified_p4_kernel/input_mem_reg[1][40][4]/D","SLICE_X100Y81","SLICE_X75Y25",""
200,B_kernel_control_to_p4_input_mem,-0.920000,2.902000,0.549000,2.353000,"6","kernel_vector_q_reg[1]_rep__2/C","u_unified_p4_kernel/input_mem_reg[2][12][4]/D","SLICE_X100Y81","SLICE_X75Y24",""
201,B_kernel_control_to_p4_input_mem,-0.919000,2.901000,0.436000,2.465000,"5","kernel_phase_q_reg[3]/C","u_unified_p4_kernel/input_mem_reg[2][9][11]/D","SLICE_X87Y62","SLICE_X102Y19",""
202,B_kernel_control_to_p4_input_mem,-0.919000,2.899000,0.461000,2.438000,"6","kernel_vector_q_reg[0]_rep__0/C","u_unified_p4_kernel/input_mem_reg[3][6][12]/D","SLICE_X101Y76","SLICE_X88Y12",""
203,B_kernel_control_to_p4_input_mem,-0.919000,2.901000,0.667000,2.234000,"6","lfnst_grid_reg[30][1]/C","u_unified_p4_kernel/input_mem_reg[1][46][1]/D","SLICE_X102Y81","SLICE_X85Y20",""
204,B_kernel_control_to_p4_input_mem,-0.919000,2.900000,0.487000,2.413000,"6","kernel_vector_q_reg[0]_rep__0/C","u_unified_p4_kernel/input_mem_reg[1][39][11]/D","SLICE_X101Y76","SLICE_X106Y27",""
205,B_kernel_control_to_p4_input_mem,-0.919000,2.901000,0.601000,2.300000,"6","kernel_vector_q_reg[1]_rep__2/C","u_unified_p4_kernel/input_mem_reg[3][47][4]/D","SLICE_X100Y81","SLICE_X102Y26",""
206,B_kernel_control_to_p4_input_mem,-0.918000,2.900000,0.474000,2.426000,"6","kernel_vector_q_reg[1]_rep__2/C","u_unified_p4_kernel/input_mem_reg[3][54][4]/D","SLICE_X100Y81","SLICE_X88Y7",""
207,B_kernel_control_to_p4_input_mem,-0.918000,2.900000,0.601000,2.299000,"6","kernel_vector_q_reg[1]_rep__2/C","u_unified_p4_kernel/input_mem_reg[0][51][4]/D","SLICE_X100Y81","SLICE_X104Y19",""
208,B_kernel_control_to_p4_input_mem,-0.918000,2.898000,0.546000,2.352000,"6","lfnst_grid_reg[20][14]/C","u_unified_p4_kernel/input_mem_reg[2][62][14]/D","SLICE_X103Y71","SLICE_X87Y17",""
209,B_kernel_control_to_p4_input_mem,-0.918000,2.898000,0.513000,2.385000,"6","kernel_vector_q_reg[0]_rep__0/C","u_unified_p4_kernel/input_mem_reg[2][39][11]/D","SLICE_X101Y76","SLICE_X102Y27",""
210,B_kernel_control_to_p4_input_mem,-0.918000,2.897000,0.513000,2.384000,"6","kernel_vector_q_reg[0]_rep__0/C","u_unified_p4_kernel/input_mem_reg[1][43][11]/D","SLICE_X101Y76","SLICE_X102Y21",""
211,B_kernel_control_to_p4_input_mem,-0.917000,2.896000,0.513000,2.383000,"6","kernel_vector_q_reg[0]_rep__0/C","u_unified_p4_kernel/input_mem_reg[3][59][11]/D","SLICE_X101Y76","SLICE_X104Y28",""
212,B_kernel_control_to_p4_input_mem,-0.916000,2.897000,0.461000,2.436000,"6","kernel_vector_q_reg[0]_rep__0/C","u_unified_p4_kernel/input_mem_reg[0][10][12]/D","SLICE_X101Y76","SLICE_X96Y26",""
213,B_kernel_control_to_p4_input_mem,-0.916000,2.898000,0.726000,2.172000,"6","lfnst_grid_reg[33][15]/C","u_unified_p4_kernel/input_mem_reg[3][52][15]/D","SLICE_X102Y78","SLICE_X82Y47",""
214,B_kernel_control_to_p4_input_mem,-0.916000,2.897000,0.461000,2.436000,"6","kernel_vector_q_reg[0]_rep__0/C","u_unified_p4_kernel/input_mem_reg[0][54][12]/D","SLICE_X101Y76","SLICE_X89Y10",""
215,B_kernel_control_to_p4_input_mem,-0.916000,2.896000,0.616000,2.280000,"6","kernel_vector_q_reg[1]_rep__1_replica_1/C","u_unified_p4_kernel/input_mem_reg[3][16][11]/D","SLICE_X103Y81","SLICE_X88Y28",""
216,B_kernel_control_to_p4_input_mem,-0.916000,2.898000,0.572000,2.326000,"6","lfnst_grid_reg[26][3]/C","u_unified_p4_kernel/input_mem_reg[3][39][3]/D","SLICE_X102Y79","SLICE_X105Y22",""
217,B_kernel_control_to_p4_input_mem,-0.916000,2.896000,0.513000,2.383000,"6","kernel_vector_q_reg[0]_rep__0/C","u_unified_p4_kernel/input_mem_reg[3][31][11]/D","SLICE_X101Y76","SLICE_X102Y22",""
218,B_kernel_control_to_p4_input_mem,-0.916000,2.897000,0.491000,2.406000,"5","kernel_phase_q_reg[3]/C","u_unified_p4_kernel/input_mem_reg[0][17][14]/D","SLICE_X87Y62","SLICE_X105Y34",""
219,B_kernel_control_to_p4_input_mem,-0.915000,2.898000,0.513000,2.385000,"6","lfnst_grid_reg[31][14]/C","u_unified_p4_kernel/input_mem_reg[2][7][14]/D","SLICE_X102Y88","SLICE_X109Y26",""
220,B_kernel_control_to_p4_input_mem,-0.915000,2.898000,0.546000,2.352000,"5","kernel_phase_q_reg[3]/C","u_unified_p4_kernel/input_mem_reg[0][37][12]/D","SLICE_X87Y62","SLICE_X107Y39",""
221,B_kernel_control_to_p4_input_mem,-0.915000,2.895000,0.546000,2.349000,"6","lfnst_grid_reg[20][14]/C","u_unified_p4_kernel/input_mem_reg[3][34][14]/D","SLICE_X103Y71","SLICE_X87Y18",""
222,B_kernel_control_to_p4_input_mem,-0.915000,2.895000,0.425000,2.470000,"6","kernel_vector_q_reg[0]_rep__0/C","u_unified_p4_kernel/input_mem_reg[0][23][11]/D","SLICE_X101Y76","SLICE_X97Y17",""
223,B_kernel_control_to_p4_input_mem,-0.915000,2.896000,0.549000,2.347000,"6","kernel_vector_q_reg[1]_rep__2/C","u_unified_p4_kernel/input_mem_reg[1][28][4]/D","SLICE_X100Y81","SLICE_X76Y26",""
224,B_kernel_control_to_p4_input_mem,-0.915000,2.895000,0.474000,2.421000,"6","lfnst_grid_reg[10][8]/C","u_unified_p4_kernel/input_mem_reg[0][38][8]/D","SLICE_X103Y77","SLICE_X86Y8",""
225,C_other_cache_kernel_or_write,-0.915000,2.809000,0.427000,2.382000,"5","u_unified_p4_kernel/slot_state_q_reg[0][1]/C","kernel_rd_raw_data_q_reg[47]/CE","SLICE_X92Y57","SLICE_X76Y198",""
226,B_kernel_control_to_p4_input_mem,-0.914000,2.897000,0.546000,2.351000,"5","kernel_phase_q_reg[3]/C","u_unified_p4_kernel/input_mem_reg[1][37][12]/D","SLICE_X87Y62","SLICE_X107Y40",""
227,B_kernel_control_to_p4_input_mem,-0.914000,2.811000,0.474000,2.337000,"5","kernel_phase_q_reg[3]/C","u_unified_p4_kernel/input_mem_reg[0][47][0]/CE","SLICE_X87Y62","SLICE_X102Y26",""
228,B_kernel_control_to_p4_input_mem,-0.914000,2.811000,0.474000,2.337000,"5","kernel_phase_q_reg[3]/C","u_unified_p4_kernel/input_mem_reg[0][47][3]/CE","SLICE_X87Y62","SLICE_X102Y26",""
229,B_kernel_control_to_p4_input_mem,-0.914000,2.811000,0.474000,2.337000,"5","kernel_phase_q_reg[3]/C","u_unified_p4_kernel/input_mem_reg[0][47][4]/CE","SLICE_X87Y62","SLICE_X102Y26",""
230,B_kernel_control_to_p4_input_mem,-0.914000,2.811000,0.474000,2.337000,"5","kernel_phase_q_reg[3]/C","u_unified_p4_kernel/input_mem_reg[0][47][5]/CE","SLICE_X87Y62","SLICE_X102Y26",""
231,B_kernel_control_to_p4_input_mem,-0.914000,2.896000,0.462000,2.434000,"5","kernel_phase_q_reg[3]/C","u_unified_p4_kernel/input_mem_reg[1][39][0]/D","SLICE_X87Y62","SLICE_X105Y22",""
232,B_kernel_control_to_p4_input_mem,-0.913000,2.893000,0.471000,2.422000,"6","kernel_vector_q_reg[0]_rep__1/C","u_unified_p4_kernel/input_mem_reg[0][19][10]/D","SLICE_X95Y72","SLICE_X104Y19",""
233,B_kernel_control_to_p4_input_mem,-0.913000,2.895000,0.524000,2.371000,"5","kernel_phase_q_reg[3]/C","u_unified_p4_kernel/input_mem_reg[2][5][10]/D","SLICE_X87Y62","SLICE_X103Y34",""
234,C_other_cache_kernel_or_write,-0.913000,2.807000,0.427000,2.380000,"5","u_unified_p4_kernel/slot_state_q_reg[0][1]/C","kernel_rd_raw_data_q_reg[33]/CE","SLICE_X92Y57","SLICE_X76Y198",""
235,B_kernel_control_to_p4_input_mem,-0.912000,2.892000,0.501000,2.391000,"6","kernel_vector_q_reg[0]_rep__0/C","u_unified_p4_kernel/input_mem_reg[1][14][12]/D","SLICE_X101Y76","SLICE_X97Y13",""
236,B_kernel_control_to_p4_input_mem,-0.912000,2.894000,0.549000,2.345000,"6","kernel_vector_q_reg[1]_rep__2/C","u_unified_p4_kernel/input_mem_reg[2][20][4]/D","SLICE_X100Y81","SLICE_X77Y23",""
237,B_kernel_control_to_p4_input_mem,-0.912000,2.892000,0.513000,2.379000,"6","kernel_vector_q_reg[0]_rep__0/C","u_unified_p4_kernel/input_mem_reg[0][11][11]/D","SLICE_X101Y76","SLICE_X104Y22",""
238,B_kernel_control_to_p4_input_mem,-0.912000,2.892000,0.513000,2.379000,"6","kernel_vector_q_reg[0]_rep__0/C","u_unified_p4_kernel/input_mem_reg[1][7][11]/D","SLICE_X101Y76","SLICE_X105Y20",""
239,B_kernel_control_to_p4_input_mem,-0.912000,2.893000,0.546000,2.347000,"6","lfnst_grid_reg[20][14]/C","u_unified_p4_kernel/input_mem_reg[2][42][14]/D","SLICE_X103Y71","SLICE_X98Y19",""
240,B_kernel_control_to_p4_input_mem,-0.912000,2.894000,0.622000,2.272000,"6","lfnst_grid_reg[26][3]/C","u_unified_p4_kernel/input_mem_reg[0][29][3]/D","SLICE_X102Y79","SLICE_X101Y18",""
241,D_control_or_r4c,-0.912000,2.892000,0.561000,2.331000,"5","scrub_active_reg/C","lfnst_grid_reg[18][11]/D","SLICE_X79Y103","SLICE_X101Y71",""
242,B_kernel_control_to_p4_input_mem,-0.912000,2.893000,0.667000,2.226000,"6","lfnst_grid_reg[30][1]/C","u_unified_p4_kernel/input_mem_reg[3][22][1]/D","SLICE_X102Y81","SLICE_X99Y13",""
243,B_kernel_control_to_p4_input_mem,-0.911000,2.891000,0.474000,2.417000,"6","lfnst_grid_reg[10][8]/C","u_unified_p4_kernel/input_mem_reg[1][18][8]/D","SLICE_X103Y77","SLICE_X87Y7",""
244,B_kernel_control_to_p4_input_mem,-0.911000,2.891000,0.546000,2.345000,"6","lfnst_grid_reg[20][14]/C","u_unified_p4_kernel/input_mem_reg[3][50][14]/D","SLICE_X103Y71","SLICE_X85Y18",""
245,B_kernel_control_to_p4_input_mem,-0.911000,2.892000,0.726000,2.166000,"6","lfnst_grid_reg[33][15]/C","u_unified_p4_kernel/input_mem_reg[0][60][15]/D","SLICE_X102Y78","SLICE_X80Y47",""
246,B_kernel_control_to_p4_input_mem,-0.911000,2.894000,0.513000,2.381000,"6","lfnst_grid_reg[31][14]/C","u_unified_p4_kernel/input_mem_reg[3][35][14]/D","SLICE_X102Y88","SLICE_X107Y26",""
247,B_kernel_control_to_p4_input_mem,-0.911000,2.892000,0.514000,2.378000,"6","lfnst_grid_reg[27][6]/C","u_unified_p4_kernel/input_mem_reg[0][40][6]/D","SLICE_X102Y88","SLICE_X72Y38",""
248,C_other_cache_kernel_or_write,-0.911000,2.891000,0.607000,2.284000,"6","u_unified_p4_kernel/fifo_rd_ptr_q_reg[0]/C","vwrite_cmd_data_q_reg[0][9]/D","SLICE_X91Y81","SLICE_X77Y93",""
249,C_other_cache_kernel_or_write,-0.910000,2.891000,0.480000,2.411000,"7","lfnst_case_q_reg_replica/C","kernel_rd_raw_data_q_reg[62]/D","SLICE_X78Y137","SLICE_X80Y203",""
250,B_kernel_control_to_p4_input_mem,-0.910000,2.890000,0.396000,2.494000,"6","kernel_vector_q_reg[0]_rep__0/C","u_unified_p4_kernel/input_mem_reg[0][4][12]/D","SLICE_X101Y76","SLICE_X89Y36",""
251,C_other_cache_kernel_or_write,-0.910000,2.891000,0.499000,2.392000,"7","lfnst_mem_req_bank_q_reg[0]_replica/C","kernel_rd_raw_data_q_reg[0]/D","SLICE_X78Y168","SLICE_X80Y180",""
252,B_kernel_control_to_p4_input_mem,-0.910000,2.889000,0.396000,2.493000,"6","kernel_vector_q_reg[0]_rep__0/C","u_unified_p4_kernel/input_mem_reg[1][56][12]/D","SLICE_X101Y76","SLICE_X91Y40",""
253,B_kernel_control_to_p4_input_mem,-0.910000,2.889000,0.469000,2.420000,"6","kernel_vector_q_reg[0]_rep__0/C","u_unified_p4_kernel/input_mem_reg[3][50][11]/D","SLICE_X101Y76","SLICE_X84Y21",""
254,C_other_cache_read_or_response,-0.909000,2.708000,0.608000,2.100000,"6","fill_slot_reg/C","gen_input_slots[0].gen_input_banks[3].u_input_cache_bank/data_mem_reg_448_511_14_15/RAMA/WE","SLICE_X77Y156","SLICE_X81Y217",""
255,C_other_cache_read_or_response,-0.909000,2.708000,0.608000,2.100000,"6","fill_slot_reg/C","gen_input_slots[0].gen_input_banks[3].u_input_cache_bank/data_mem_reg_448_511_14_15/RAMB/WE","SLICE_X77Y156","SLICE_X81Y217",""
256,C_other_cache_read_or_response,-0.909000,2.708000,0.608000,2.100000,"6","fill_slot_reg/C","gen_input_slots[0].gen_input_banks[3].u_input_cache_bank/data_mem_reg_448_511_14_15/RAMC/WE","SLICE_X77Y156","SLICE_X81Y217",""
257,C_other_cache_read_or_response,-0.909000,2.708000,0.608000,2.100000,"6","fill_slot_reg/C","gen_input_slots[0].gen_input_banks[3].u_input_cache_bank/data_mem_reg_448_511_14_15/RAMD/WE","SLICE_X77Y156","SLICE_X81Y217",""
258,B_kernel_control_to_p4_input_mem,-0.909000,2.892000,0.639000,2.253000,"6","kernel_vector_q_reg[1]_rep__2/C","u_unified_p4_kernel/input_mem_reg[2][54][0]/D","SLICE_X100Y81","SLICE_X82Y17",""
259,B_kernel_control_to_p4_input_mem,-0.909000,2.891000,0.667000,2.224000,"6","lfnst_grid_reg[30][1]/C","u_unified_p4_kernel/input_mem_reg[1][6][1]/D","SLICE_X102Y81","SLICE_X80Y8",""
260,C_other_cache_kernel_or_write,-0.909000,2.803000,0.427000,2.376000,"5","u_unified_p4_kernel/slot_state_q_reg[0][1]/C","kernel_rd_raw_data_q_reg[35]/CE","SLICE_X92Y57","SLICE_X76Y201",""
261,B_kernel_control_to_p4_input_mem,-0.909000,2.888000,0.574000,2.314000,"6","lfnst_grid_reg[10][8]/C","u_unified_p4_kernel/input_mem_reg[0][40][8]/D","SLICE_X103Y77","SLICE_X78Y23",""
262,B_kernel_control_to_p4_input_mem,-0.908000,2.891000,0.546000,2.345000,"5","kernel_phase_q_reg[3]/C","u_unified_p4_kernel/input_mem_reg[1][53][12]/D","SLICE_X87Y62","SLICE_X103Y40",""
263,E_other,-0.908000,2.890000,1.691000,1.199000,"7","u_bounded_lfnst_engine/input_terms_q_reg[177]_replica/C","u_bounded_lfnst_engine/products_q_reg[11][3]/D","SLICE_X97Y110","SLICE_X101Y110",""
264,B_kernel_control_to_p4_input_mem,-0.908000,2.888000,0.461000,2.427000,"6","kernel_vector_q_reg[0]_rep__0/C","u_unified_p4_kernel/input_mem_reg[0][38][12]/D","SLICE_X101Y76","SLICE_X85Y16",""
265,B_kernel_control_to_p4_input_mem,-0.908000,2.888000,0.513000,2.375000,"6","kernel_vector_q_reg[0]_rep__0/C","u_unified_p4_kernel/input_mem_reg[1][27][11]/D","SLICE_X101Y76","SLICE_X104Y23",""
266,B_kernel_control_to_p4_input_mem,-0.907000,2.888000,0.656000,2.232000,"6","lfnst_grid_reg[43][1]/C","u_unified_p4_kernel/input_mem_reg[0][17][1]/D","SLICE_X103Y85","SLICE_X103Y38",""
267,D_control_or_r4c,-0.907000,2.889000,0.600000,2.289000,"5","kernel_vector_q_reg[1]_rep__1_replica_3/C","kernel_vector_q_reg[1]_rep__2/D","SLICE_X97Y80","SLICE_X100Y81",""
268,B_kernel_control_to_p4_input_mem,-0.907000,2.888000,0.513000,2.375000,"6","kernel_vector_q_reg[0]_rep__0/C","u_unified_p4_kernel/input_mem_reg[0][43][11]/D","SLICE_X101Y76","SLICE_X103Y21",""
269,B_kernel_control_to_p4_input_mem,-0.907000,2.888000,0.462000,2.426000,"5","kernel_phase_q_reg[3]/C","u_unified_p4_kernel/input_mem_reg[3][11][15]/D","SLICE_X87Y62","SLICE_X104Y21",""
270,C_other_cache_kernel_or_write,-0.907000,2.889000,0.687000,2.202000,"7","lfnst_mem_req_bank_q_reg[1]/C","kernel_rd_raw_data_q_reg[29]/D","SLICE_X78Y171","SLICE_X81Y189",""
271,B_kernel_control_to_p4_input_mem,-0.907000,2.886000,0.461000,2.425000,"6","kernel_vector_q_reg[0]_rep__0/C","u_unified_p4_kernel/input_mem_reg[1][62][12]/D","SLICE_X101Y76","SLICE_X87Y14",""
272,B_kernel_control_to_p4_input_mem,-0.906000,2.886000,0.546000,2.340000,"6","lfnst_grid_reg[20][14]/C","u_unified_p4_kernel/input_mem_reg[0][26][14]/D","SLICE_X103Y71","SLICE_X83Y13",""
273,E_other,-0.906000,2.887000,1.735000,1.152000,"7","u_bounded_lfnst_engine/input_terms_q_reg[173]_replica/C","u_bounded_lfnst_engine/products_q_reg[26][19]/D","SLICE_X98Y117","SLICE_X101Y127",""
274,E_other,-0.906000,2.888000,1.676000,1.212000,"7","u_bounded_lfnst_engine/input_terms_q_reg[177]_replica/C","u_bounded_lfnst_engine/products_q_reg[11][0]/D","SLICE_X97Y110","SLICE_X101Y110",""
275,C_other_cache_kernel_or_write,-0.906000,2.887000,0.708000,2.179000,"7","kernel_stage_q_reg_replica_11/C","kernel_rd_raw_data_q_reg[39]/D","SLICE_X78Y139","SLICE_X77Y198",""
276,A_cache_to_lfnst_response,-0.906000,2.889000,0.662000,2.227000,"8","kernel_rd_req_pending_q_reg_replica_2/C","lfnst_mem_resp_valid_q_reg_rep/D","SLICE_X78Y129","SLICE_X79Y180",""
277,B_kernel_control_to_p4_input_mem,-0.906000,2.887000,0.501000,2.386000,"6","kernel_vector_q_reg[0]_rep__0/C","u_unified_p4_kernel/input_mem_reg[2][30][12]/D","SLICE_X101Y76","SLICE_X98Y14",""
278,B_kernel_control_to_p4_input_mem,-0.906000,2.888000,0.611000,2.277000,"6","lfnst_grid_reg[23][7]/C","u_unified_p4_kernel/input_mem_reg[2][51][7]/D","SLICE_X102Y71","SLICE_X88Y9",""
279,B_kernel_control_to_p4_input_mem,-0.906000,2.888000,0.502000,2.386000,"5","kernel_phase_q_reg[3]/C","u_unified_p4_kernel/input_mem_reg[2][5][15]/D","SLICE_X87Y62","SLICE_X102Y35",""
280,B_kernel_control_to_p4_input_mem,-0.906000,2.886000,0.513000,2.373000,"6","kernel_vector_q_reg[0]_rep__0/C","u_unified_p4_kernel/input_mem_reg[3][47][11]/D","SLICE_X101Y76","SLICE_X103Y26",""
281,B_kernel_control_to_p4_input_mem,-0.906000,2.886000,0.410000,2.476000,"6","kernel_vector_q_reg[0]_rep__0/C","u_unified_p4_kernel/input_mem_reg[2][7][13]/D","SLICE_X101Y76","SLICE_X109Y26",""
282,B_kernel_control_to_p4_input_mem,-0.906000,2.885000,0.396000,2.489000,"6","kernel_vector_q_reg[0]_rep__0/C","u_unified_p4_kernel/input_mem_reg[1][40][12]/D","SLICE_X101Y76","SLICE_X73Y46",""
283,B_kernel_control_to_p4_input_mem,-0.906000,2.885000,0.396000,2.489000,"6","kernel_vector_q_reg[0]_rep__0/C","u_unified_p4_kernel/input_mem_reg[3][40][12]/D","SLICE_X101Y76","SLICE_X73Y45",""
284,B_kernel_control_to_p4_input_mem,-0.905000,2.888000,0.502000,2.386000,"5","kernel_phase_q_reg[3]/C","u_unified_p4_kernel/input_mem_reg[1][53][15]/D","SLICE_X87Y62","SLICE_X103Y40",""
285,B_kernel_control_to_p4_input_mem,-0.905000,2.887000,0.601000,2.286000,"6","lfnst_grid_reg[31][14]/C","u_unified_p4_kernel/input_mem_reg[0][60][14]/D","SLICE_X102Y88","SLICE_X80Y47",""
286,B_kernel_control_to_p4_input_mem,-0.905000,2.887000,0.601000,2.286000,"6","kernel_vector_q_reg[1]_rep__2/C","u_unified_p4_kernel/input_mem_reg[1][51][4]/D","SLICE_X100Y81","SLICE_X104Y18",""
287,B_kernel_control_to_p4_input_mem,-0.905000,2.888000,0.436000,2.452000,"5","kernel_phase_q_reg[3]/C","u_unified_p4_kernel/input_mem_reg[2][49][11]/D","SLICE_X87Y62","SLICE_X106Y38",""
288,B_kernel_control_to_p4_input_mem,-0.905000,2.885000,0.513000,2.372000,"6","kernel_vector_q_reg[0]_rep__0/C","u_unified_p4_kernel/input_mem_reg[2][11][11]/D","SLICE_X101Y76","SLICE_X103Y21",""
289,B_kernel_control_to_p4_input_mem,-0.905000,2.887000,0.547000,2.340000,"5","kernel_phase_q_reg[3]/C","u_unified_p4_kernel/input_mem_reg[3][9][2]/D","SLICE_X87Y62","SLICE_X101Y19",""
290,B_kernel_control_to_p4_input_mem,-0.904000,2.887000,0.436000,2.451000,"5","kernel_phase_q_reg[3]/C","u_unified_p4_kernel/input_mem_reg[3][37][11]/D","SLICE_X87Y62","SLICE_X107Y38",""
291,C_other_cache_kernel_or_write,-0.904000,2.885000,0.704000,2.181000,"6","u_unified_p4_kernel/fifo_rd_ptr_q_reg[0]_rep__6/C","vwrite_cmd_data_q_reg[3][12]/D","SLICE_X95Y75","SLICE_X79Y62",""
292,B_kernel_control_to_p4_input_mem,-0.904000,2.884000,0.474000,2.410000,"6","lfnst_grid_reg[10][8]/C","u_unified_p4_kernel/input_mem_reg[2][50][8]/D","SLICE_X103Y77","SLICE_X84Y12",""
293,B_kernel_control_to_p4_input_mem,-0.904000,2.801000,0.476000,2.325000,"5","kernel_phase_q_reg[3]/C","u_unified_p4_kernel/input_mem_reg[1][7][13]/CE","SLICE_X87Y62","SLICE_X109Y26",""
294,B_kernel_control_to_p4_input_mem,-0.904000,2.801000,0.476000,2.325000,"5","kernel_phase_q_reg[3]/C","u_unified_p4_kernel/input_mem_reg[1][7][14]/CE","SLICE_X87Y62","SLICE_X109Y26",""
295,B_kernel_control_to_p4_input_mem,-0.904000,2.885000,0.546000,2.339000,"6","lfnst_grid_reg[20][14]/C","u_unified_p4_kernel/input_mem_reg[1][34][14]/D","SLICE_X103Y71","SLICE_X86Y18",""
296,B_kernel_control_to_p4_input_mem,-0.904000,2.885000,0.601000,2.284000,"6","kernel_vector_q_reg[1]_rep__2/C","u_unified_p4_kernel/input_mem_reg[1][47][4]/D","SLICE_X100Y81","SLICE_X102Y25",""
297,B_kernel_control_to_p4_input_mem,-0.903000,2.884000,0.656000,2.228000,"6","lfnst_grid_reg[43][1]/C","u_unified_p4_kernel/input_mem_reg[2][9][1]/D","SLICE_X103Y85","SLICE_X101Y21",""
298,B_kernel_control_to_p4_input_mem,-0.903000,2.884000,0.582000,2.302000,"6","lfnst_grid_reg[53][6]/C","u_unified_p4_kernel/input_mem_reg[3][55][6]/D","SLICE_X103Y82","SLICE_X93Y4",""
299,E_other,-0.903000,2.885000,1.692000,1.193000,"7","u_bounded_lfnst_engine/input_terms_q_reg[177]_replica/C","u_bounded_lfnst_engine/products_q_reg[11][4]/D","SLICE_X97Y110","SLICE_X101Y110",""
300,B_kernel_control_to_p4_input_mem,-0.903000,2.885000,0.549000,2.336000,"6","kernel_vector_q_reg[1]_rep__2/C","u_unified_p4_kernel/input_mem_reg[3][40][4]/D","SLICE_X100Y81","SLICE_X76Y25",""
301,E_other,-0.903000,2.884000,1.689000,1.195000,"7","u_bounded_lfnst_engine/input_terms_q_reg[175]_replica_1/C","u_bounded_lfnst_engine/products_q_reg[58][18]/D","SLICE_X97Y106","SLICE_X99Y102",""
302,B_kernel_control_to_p4_input_mem,-0.903000,2.885000,0.502000,2.383000,"5","kernel_phase_q_reg[3]/C","u_unified_p4_kernel/input_mem_reg[1][5][15]/D","SLICE_X87Y62","SLICE_X102Y34",""
303,C_other_cache_kernel_or_write,-0.903000,2.883000,0.469000,2.414000,"6","u_unified_p4_kernel/fifo_rd_ptr_q_reg[0]_rep__4/C","vwrite_cmd_data_q_reg[0][12]/D","SLICE_X89Y73","SLICE_X77Y56",""
304,B_kernel_control_to_p4_input_mem,-0.903000,2.883000,0.603000,2.280000,"6","kernel_vector_q_reg[0]_rep__0/C","u_unified_p4_kernel/input_mem_reg[1][60][13]/D","SLICE_X101Y76","SLICE_X84Y44",""
305,B_kernel_control_to_p4_input_mem,-0.903000,2.885000,0.601000,2.284000,"6","lfnst_grid_reg[31][14]/C","u_unified_p4_kernel/input_mem_reg[2][60][14]/D","SLICE_X102Y88","SLICE_X80Y47",""
306,B_kernel_control_to_p4_input_mem,-0.903000,2.883000,0.546000,2.337000,"6","lfnst_grid_reg[20][14]/C","u_unified_p4_kernel/input_mem_reg[3][22][14]/D","SLICE_X103Y71","SLICE_X96Y14",""
307,B_kernel_control_to_p4_input_mem,-0.903000,2.883000,0.546000,2.337000,"6","lfnst_grid_reg[20][14]/C","u_unified_p4_kernel/input_mem_reg[2][54][14]/D","SLICE_X103Y71","SLICE_X82Y17",""
308,C_other_cache_read_or_response,-0.902000,2.701000,0.589000,2.112000,"6","fill_slot_reg/C","gen_input_slots[0].gen_input_banks[2].u_input_cache_bank/data_mem_reg_704_767_0_6/RAMA/WE","SLICE_X77Y156","SLICE_X75Y215",""
309,C_other_cache_read_or_response,-0.902000,2.701000,0.589000,2.112000,"6","fill_slot_reg/C","gen_input_slots[0].gen_input_banks[2].u_input_cache_bank/data_mem_reg_704_767_0_6/RAMB/WE","SLICE_X77Y156","SLICE_X75Y215",""
310,C_other_cache_read_or_response,-0.902000,2.701000,0.589000,2.112000,"6","fill_slot_reg/C","gen_input_slots[0].gen_input_banks[2].u_input_cache_bank/data_mem_reg_704_767_0_6/RAMC/WE","SLICE_X77Y156","SLICE_X75Y215",""
311,C_other_cache_read_or_response,-0.902000,2.701000,0.589000,2.112000,"6","fill_slot_reg/C","gen_input_slots[0].gen_input_banks[2].u_input_cache_bank/data_mem_reg_704_767_0_6/RAMD/WE","SLICE_X77Y156","SLICE_X75Y215",""
312,C_other_cache_read_or_response,-0.902000,2.701000,0.589000,2.112000,"6","fill_slot_reg/C","gen_input_slots[0].gen_input_banks[2].u_input_cache_bank/data_mem_reg_704_767_0_6/RAME/WE","SLICE_X77Y156","SLICE_X75Y215",""
313,C_other_cache_read_or_response,-0.902000,2.701000,0.589000,2.112000,"6","fill_slot_reg/C","gen_input_slots[0].gen_input_banks[2].u_input_cache_bank/data_mem_reg_704_767_0_6/RAMF/WE","SLICE_X77Y156","SLICE_X75Y215",""
314,C_other_cache_read_or_response,-0.902000,2.701000,0.589000,2.112000,"6","fill_slot_reg/C","gen_input_slots[0].gen_input_banks[2].u_input_cache_bank/data_mem_reg_704_767_0_6/RAMG/WE","SLICE_X77Y156","SLICE_X75Y215",""
315,C_other_cache_read_or_response,-0.902000,2.701000,0.589000,2.112000,"6","fill_slot_reg/C","gen_input_slots[0].gen_input_banks[2].u_input_cache_bank/data_mem_reg_704_767_0_6/RAMH/WE","SLICE_X77Y156","SLICE_X75Y215",""
316,B_kernel_control_to_p4_input_mem,-0.902000,2.882000,0.474000,2.408000,"6","lfnst_grid_reg[10][8]/C","u_unified_p4_kernel/input_mem_reg[0][18][8]/D","SLICE_X103Y77","SLICE_X87Y6",""
317,B_kernel_control_to_p4_input_mem,-0.902000,2.885000,0.365000,2.520000,"6","kernel_vector_q_reg[1]_rep__2/C","u_unified_p4_kernel/input_mem_reg[0][35][2]/D","SLICE_X100Y81","SLICE_X107Y19",""
318,B_kernel_control_to_p4_input_mem,-0.902000,2.884000,0.667000,2.217000,"6","lfnst_grid_reg[30][1]/C","u_unified_p4_kernel/input_mem_reg[3][34][1]/D","SLICE_X102Y81","SLICE_X83Y14",""
319,B_kernel_control_to_p4_input_mem,-0.902000,2.883000,0.554000,2.329000,"6","kernel_vector_q_reg[0]_rep__0/C","u_unified_p4_kernel/input_mem_reg[2][5][13]/D","SLICE_X101Y76","SLICE_X103Y34",""
320,B_kernel_control_to_p4_input_mem,-0.902000,2.883000,0.716000,2.167000,"6","lfnst_grid_reg[30][1]/C","u_unified_p4_kernel/input_mem_reg[3][59][1]/D","SLICE_X102Y81","SLICE_X104Y28",""
321,B_kernel_control_to_p4_input_mem,-0.902000,2.883000,0.667000,2.216000,"6","lfnst_grid_reg[30][1]/C","u_unified_p4_kernel/input_mem_reg[3][30][1]/D","SLICE_X102Y81","SLICE_X97Y16",""
322,B_kernel_control_to_p4_input_mem,-0.902000,2.881000,0.469000,2.412000,"6","kernel_vector_q_reg[0]_rep__0/C","u_unified_p4_kernel/input_mem_reg[2][50][11]/D","SLICE_X101Y76","SLICE_X84Y20",""
323,B_kernel_control_to_p4_input_mem,-0.901000,2.884000,0.716000,2.168000,"6","lfnst_grid_reg[30][1]/C","u_unified_p4_kernel/input_mem_reg[2][27][1]/D","SLICE_X102Y81","SLICE_X107Y25",""
324,B_kernel_control_to_p4_input_mem,-0.901000,2.882000,0.574000,2.308000,"6","lfnst_grid_reg[10][8]/C","u_unified_p4_kernel/input_mem_reg[1][24][8]/D","SLICE_X103Y77","SLICE_X75Y21",""
325,B_kernel_control_to_p4_input_mem,-0.901000,2.883000,0.436000,2.447000,"5","kernel_phase_q_reg[3]/C","u_unified_p4_kernel/input_mem_reg[0][49][11]/D","SLICE_X87Y62","SLICE_X105Y38",""
326,B_kernel_control_to_p4_input_mem,-0.901000,2.882000,0.436000,2.446000,"5","kernel_phase_q_reg[3]/C","u_unified_p4_kernel/input_mem_reg[3][53][11]/D","SLICE_X87Y62","SLICE_X108Y36",""
327,B_kernel_control_to_p4_input_mem,-0.900000,2.882000,0.601000,2.281000,"6","lfnst_grid_reg[31][14]/C","u_unified_p4_kernel/input_mem_reg[3][24][14]/D","SLICE_X102Y88","SLICE_X73Y35",""
328,B_kernel_control_to_p4_input_mem,-0.900000,2.880000,0.546000,2.334000,"6","lfnst_grid_reg[20][14]/C","u_unified_p4_kernel/input_mem_reg[0][50][14]/D","SLICE_X103Y71","SLICE_X85Y18",""
329,B_kernel_control_to_p4_input_mem,-0.900000,2.880000,0.461000,2.419000,"6","kernel_vector_q_reg[0]_rep__0/C","u_unified_p4_kernel/input_mem_reg[0][50][12]/D","SLICE_X101Y76","SLICE_X85Y18",""
330,E_other,-0.899000,2.881000,1.676000,1.205000,"7","u_bounded_lfnst_engine/input_terms_q_reg[177]_replica/C","u_bounded_lfnst_engine/products_q_reg[11][1]/D","SLICE_X97Y110","SLICE_X101Y110",""
331,B_kernel_control_to_p4_input_mem,-0.899000,2.880000,0.474000,2.406000,"6","lfnst_grid_reg[10][8]/C","u_unified_p4_kernel/input_mem_reg[1][38][8]/D","SLICE_X103Y77","SLICE_X86Y9",""
332,B_kernel_control_to_p4_input_mem,-0.899000,2.882000,0.462000,2.420000,"5","kernel_phase_q_reg[3]/C","u_unified_p4_kernel/input_mem_reg[3][43][0]/D","SLICE_X87Y62","SLICE_X103Y20",""
333,B_kernel_control_to_p4_input_mem,-0.899000,2.881000,0.639000,2.242000,"6","kernel_vector_q_reg[1]_rep__2/C","u_unified_p4_kernel/input_mem_reg[0][54][0]/D","SLICE_X100Y81","SLICE_X82Y18",""
334,E_other,-0.898000,2.880000,1.678000,1.202000,"7","u_bounded_lfnst_engine/input_terms_q_reg[177]_replica/C","u_bounded_lfnst_engine/products_q_reg[11][5]/D","SLICE_X97Y110","SLICE_X101Y110",""
335,B_kernel_control_to_p4_input_mem,-0.898000,2.880000,0.667000,2.213000,"6","lfnst_grid_reg[30][1]/C","u_unified_p4_kernel/input_mem_reg[2][50][1]/D","SLICE_X102Y81","SLICE_X84Y12",""
336,C_other_cache_kernel_or_write,-0.898000,2.879000,0.652000,2.227000,"6","u_unified_p4_kernel/fifo_rd_ptr_q_reg[0]_rep__4/C","vwrite_cmd_data_q_reg[1][14]/D","SLICE_X89Y73","SLICE_X74Y58",""
337,B_kernel_control_to_p4_input_mem,-0.898000,2.881000,0.667000,2.214000,"6","lfnst_grid_reg[30][1]/C","u_unified_p4_kernel/input_mem_reg[2][26][1]/D","SLICE_X102Y81","SLICE_X82Y16",""
338,C_other_cache_read_or_response,-0.898000,2.697000,0.583000,2.114000,"6","fill_slot_reg/C","gen_input_slots[0].gen_input_banks[3].u_input_cache_bank/data_mem_reg_704_767_7_13/RAMA/WE","SLICE_X77Y156","SLICE_X81Y204",""
339,C_other_cache_read_or_response,-0.898000,2.697000,0.583000,2.114000,"6","fill_slot_reg/C","gen_input_slots[0].gen_input_banks[3].u_input_cache_bank/data_mem_reg_704_767_7_13/RAMB/WE","SLICE_X77Y156","SLICE_X81Y204",""
340,C_other_cache_read_or_response,-0.898000,2.697000,0.583000,2.114000,"6","fill_slot_reg/C","gen_input_slots[0].gen_input_banks[3].u_input_cache_bank/data_mem_reg_704_767_7_13/RAMC/WE","SLICE_X77Y156","SLICE_X81Y204",""
341,C_other_cache_read_or_response,-0.898000,2.697000,0.583000,2.114000,"6","fill_slot_reg/C","gen_input_slots[0].gen_input_banks[3].u_input_cache_bank/data_mem_reg_704_767_7_13/RAMD/WE","SLICE_X77Y156","SLICE_X81Y204",""
342,C_other_cache_read_or_response,-0.898000,2.697000,0.583000,2.114000,"6","fill_slot_reg/C","gen_input_slots[0].gen_input_banks[3].u_input_cache_bank/data_mem_reg_704_767_7_13/RAME/WE","SLICE_X77Y156","SLICE_X81Y204",""
343,C_other_cache_read_or_response,-0.898000,2.697000,0.583000,2.114000,"6","fill_slot_reg/C","gen_input_slots[0].gen_input_banks[3].u_input_cache_bank/data_mem_reg_704_767_7_13/RAMF/WE","SLICE_X77Y156","SLICE_X81Y204",""
344,C_other_cache_read_or_response,-0.898000,2.697000,0.583000,2.114000,"6","fill_slot_reg/C","gen_input_slots[0].gen_input_banks[3].u_input_cache_bank/data_mem_reg_704_767_7_13/RAMG/WE","SLICE_X77Y156","SLICE_X81Y204",""
345,C_other_cache_read_or_response,-0.898000,2.697000,0.583000,2.114000,"6","fill_slot_reg/C","gen_input_slots[0].gen_input_banks[3].u_input_cache_bank/data_mem_reg_704_767_7_13/RAMH/WE","SLICE_X77Y156","SLICE_X81Y204",""
346,B_kernel_control_to_p4_input_mem,-0.898000,2.880000,0.601000,2.279000,"6","kernel_vector_q_reg[1]_rep__2/C","u_unified_p4_kernel/input_mem_reg[2][51][4]/D","SLICE_X100Y81","SLICE_X104Y19",""
347,B_kernel_control_to_p4_input_mem,-0.898000,2.878000,0.513000,2.365000,"6","kernel_vector_q_reg[0]_rep__0/C","u_unified_p4_kernel/input_mem_reg[0][19][11]/D","SLICE_X101Y76","SLICE_X105Y23",""
348,B_kernel_control_to_p4_input_mem,-0.898000,2.881000,0.716000,2.165000,"6","lfnst_grid_reg[30][1]/C","u_unified_p4_kernel/input_mem_reg[0][43][1]/D","SLICE_X102Y81","SLICE_X103Y21",""
349,B_kernel_control_to_p4_input_mem,-0.898000,2.879000,0.474000,2.405000,"6","lfnst_grid_reg[10][8]/C","u_unified_p4_kernel/input_mem_reg[2][46][8]/D","SLICE_X103Y77","SLICE_X86Y17",""
350,B_kernel_control_to_p4_input_mem,-0.898000,2.880000,0.622000,2.258000,"6","lfnst_grid_reg[26][3]/C","u_unified_p4_kernel/input_mem_reg[3][29][3]/D","SLICE_X102Y79","SLICE_X101Y18",""
351,B_kernel_control_to_p4_input_mem,-0.898000,2.877000,0.487000,2.390000,"6","kernel_vector_q_reg[0]_rep__0/C","u_unified_p4_kernel/input_mem_reg[1][55][11]/D","SLICE_X101Y76","SLICE_X105Y31",""
352,C_other_cache_read_or_response,-0.898000,2.696000,0.541000,2.155000,"5","fill_slot_reg/C","gen_input_slots[0].gen_input_banks[2].u_input_cache_bank/data_mem_reg_576_639_7_13/RAMA/WE","SLICE_X77Y156","SLICE_X74Y223",""
353,C_other_cache_read_or_response,-0.898000,2.696000,0.541000,2.155000,"5","fill_slot_reg/C","gen_input_slots[0].gen_input_banks[2].u_input_cache_bank/data_mem_reg_576_639_7_13/RAMB/WE","SLICE_X77Y156","SLICE_X74Y223",""
354,C_other_cache_read_or_response,-0.898000,2.696000,0.541000,2.155000,"5","fill_slot_reg/C","gen_input_slots[0].gen_input_banks[2].u_input_cache_bank/data_mem_reg_576_639_7_13/RAMC/WE","SLICE_X77Y156","SLICE_X74Y223",""
355,C_other_cache_read_or_response,-0.898000,2.696000,0.541000,2.155000,"5","fill_slot_reg/C","gen_input_slots[0].gen_input_banks[2].u_input_cache_bank/data_mem_reg_576_639_7_13/RAMD/WE","SLICE_X77Y156","SLICE_X74Y223",""
356,C_other_cache_read_or_response,-0.898000,2.696000,0.541000,2.155000,"5","fill_slot_reg/C","gen_input_slots[0].gen_input_banks[2].u_input_cache_bank/data_mem_reg_576_639_7_13/RAME/WE","SLICE_X77Y156","SLICE_X74Y223",""
357,C_other_cache_read_or_response,-0.898000,2.696000,0.541000,2.155000,"5","fill_slot_reg/C","gen_input_slots[0].gen_input_banks[2].u_input_cache_bank/data_mem_reg_576_639_7_13/RAMF/WE","SLICE_X77Y156","SLICE_X74Y223",""
358,C_other_cache_read_or_response,-0.898000,2.696000,0.541000,2.155000,"5","fill_slot_reg/C","gen_input_slots[0].gen_input_banks[2].u_input_cache_bank/data_mem_reg_576_639_7_13/RAMG/WE","SLICE_X77Y156","SLICE_X74Y223",""
359,C_other_cache_read_or_response,-0.898000,2.696000,0.541000,2.155000,"5","fill_slot_reg/C","gen_input_slots[0].gen_input_banks[2].u_input_cache_bank/data_mem_reg_576_639_7_13/RAMH/WE","SLICE_X77Y156","SLICE_X74Y223",""
360,B_kernel_control_to_p4_input_mem,-0.898000,2.878000,0.514000,2.364000,"6","lfnst_grid_reg[27][6]/C","u_unified_p4_kernel/input_mem_reg[0][56][6]/D","SLICE_X102Y88","SLICE_X78Y33",""
361,B_kernel_control_to_p4_input_mem,-0.898000,2.877000,0.540000,2.337000,"6","kernel_vector_q_reg[1]_rep__1_replica_1/C","u_unified_p4_kernel/input_mem_reg[2][18][9]/D","SLICE_X103Y81","SLICE_X85Y11",""
362,C_other_cache_kernel_or_write,-0.897000,2.879000,0.625000,2.254000,"7","lfnst_mem_req_bank_q_reg[1]/C","kernel_rd_raw_data_q_reg[38]/D","SLICE_X78Y171","SLICE_X73Y173",""
363,B_kernel_control_to_p4_input_mem,-0.897000,2.877000,0.546000,2.331000,"6","lfnst_grid_reg[20][14]/C","u_unified_p4_kernel/input_mem_reg[2][34][14]/D","SLICE_X103Y71","SLICE_X87Y18",""
364,B_kernel_control_to_p4_input_mem,-0.897000,2.880000,0.601000,2.279000,"6","lfnst_grid_reg[31][14]/C","u_unified_p4_kernel/input_mem_reg[2][24][14]/D","SLICE_X102Y88","SLICE_X74Y35",""
365,B_kernel_control_to_p4_input_mem,-0.897000,2.879000,0.601000,2.278000,"6","kernel_vector_q_reg[1]_rep__2/C","u_unified_p4_kernel/input_mem_reg[2][7][4]/D","SLICE_X100Y81","SLICE_X106Y21",""
366,C_other_cache_read_or_response,-0.897000,2.695000,0.546000,2.149000,"6","fill_slot_reg/C","gen_input_slots[0].gen_input_banks[2].u_input_cache_bank/data_mem_reg_832_895_7_13/RAMA/WE","SLICE_X77Y156","SLICE_X71Y210",""
367,C_other_cache_read_or_response,-0.897000,2.695000,0.546000,2.149000,"6","fill_slot_reg/C","gen_input_slots[0].gen_input_banks[2].u_input_cache_bank/data_mem_reg_832_895_7_13/RAMB/WE","SLICE_X77Y156","SLICE_X71Y210",""
368,C_other_cache_read_or_response,-0.897000,2.695000,0.546000,2.149000,"6","fill_slot_reg/C","gen_input_slots[0].gen_input_banks[2].u_input_cache_bank/data_mem_reg_832_895_7_13/RAMC/WE","SLICE_X77Y156","SLICE_X71Y210",""
369,C_other_cache_read_or_response,-0.897000,2.695000,0.546000,2.149000,"6","fill_slot_reg/C","gen_input_slots[0].gen_input_banks[2].u_input_cache_bank/data_mem_reg_832_895_7_13/RAMD/WE","SLICE_X77Y156","SLICE_X71Y210",""
370,C_other_cache_read_or_response,-0.897000,2.695000,0.546000,2.149000,"6","fill_slot_reg/C","gen_input_slots[0].gen_input_banks[2].u_input_cache_bank/data_mem_reg_832_895_7_13/RAME/WE","SLICE_X77Y156","SLICE_X71Y210",""
371,C_other_cache_read_or_response,-0.897000,2.695000,0.546000,2.149000,"6","fill_slot_reg/C","gen_input_slots[0].gen_input_banks[2].u_input_cache_bank/data_mem_reg_832_895_7_13/RAMF/WE","SLICE_X77Y156","SLICE_X71Y210",""
372,C_other_cache_read_or_response,-0.897000,2.695000,0.546000,2.149000,"6","fill_slot_reg/C","gen_input_slots[0].gen_input_banks[2].u_input_cache_bank/data_mem_reg_832_895_7_13/RAMG/WE","SLICE_X77Y156","SLICE_X71Y210",""
373,C_other_cache_read_or_response,-0.897000,2.695000,0.546000,2.149000,"6","fill_slot_reg/C","gen_input_slots[0].gen_input_banks[2].u_input_cache_bank/data_mem_reg_832_895_7_13/RAMH/WE","SLICE_X77Y156","SLICE_X71Y210",""
374,C_other_cache_kernel_or_write,-0.897000,2.876000,0.386000,2.490000,"6","u_unified_p4_kernel/fifo_rd_ptr_q_reg[0]_rep__4/C","vwrite_cmd_data_q_reg[1][12]/D","SLICE_X89Y73","SLICE_X77Y55",""
375,B_kernel_control_to_p4_input_mem,-0.897000,2.878000,0.716000,2.162000,"6","lfnst_grid_reg[30][1]/C","u_unified_p4_kernel/input_mem_reg[0][59][1]/D","SLICE_X102Y81","SLICE_X104Y27",""
376,B_kernel_control_to_p4_input_mem,-0.897000,2.876000,0.396000,2.480000,"6","kernel_vector_q_reg[0]_rep__0/C","u_unified_p4_kernel/input_mem_reg[2][56][12]/D","SLICE_X101Y76","SLICE_X91Y40",""
377,B_kernel_control_to_p4_input_mem,-0.896000,2.878000,0.611000,2.267000,"6","lfnst_grid_reg[23][7]/C","u_unified_p4_kernel/input_mem_reg[3][51][7]/D","SLICE_X102Y71","SLICE_X88Y8",""
378,B_kernel_control_to_p4_input_mem,-0.896000,2.878000,0.716000,2.162000,"6","lfnst_grid_reg[30][1]/C","u_unified_p4_kernel/input_mem_reg[3][55][1]/D","SLICE_X102Y81","SLICE_X108Y26",""
379,B_kernel_control_to_p4_input_mem,-0.896000,2.876000,0.616000,2.260000,"6","kernel_vector_q_reg[1]_rep__1_replica_1/C","u_unified_p4_kernel/input_mem_reg[0][8][11]/D","SLICE_X103Y81","SLICE_X83Y44",""
380,C_other_cache_kernel_or_write,-0.896000,2.878000,0.658000,2.220000,"6","u_unified_p4_kernel/fifo_rd_ptr_q_reg[1]_rep__0/C","vwrite_cmd_data_q_reg[2][0]/D","SLICE_X99Y81","SLICE_X73Y60",""
381,B_kernel_control_to_p4_input_mem,-0.896000,2.877000,0.501000,2.376000,"6","kernel_vector_q_reg[0]_rep__0/C","u_unified_p4_kernel/input_mem_reg[3][30][12]/D","SLICE_X101Y76","SLICE_X98Y15",""
382,B_kernel_control_to_p4_input_mem,-0.896000,2.875000,0.540000,2.335000,"6","kernel_vector_q_reg[1]_rep__1_replica_1/C","u_unified_p4_kernel/input_mem_reg[0][26][9]/D","SLICE_X103Y81","SLICE_X83Y11",""
383,B_kernel_control_to_p4_input_mem,-0.896000,2.876000,0.574000,2.302000,"6","lfnst_grid_reg[10][8]/C","u_unified_p4_kernel/input_mem_reg[3][40][8]/D","SLICE_X103Y77","SLICE_X79Y24",""
384,B_kernel_control_to_p4_input_mem,-0.896000,2.875000,0.656000,2.219000,"6","lfnst_grid_reg[43][1]/C","u_unified_p4_kernel/input_mem_reg[3][5][1]/D","SLICE_X103Y85","SLICE_X102Y35",""
385,B_kernel_control_to_p4_input_mem,-0.895000,2.877000,0.667000,2.210000,"6","lfnst_grid_reg[30][1]/C","u_unified_p4_kernel/input_mem_reg[0][14][1]/D","SLICE_X102Y81","SLICE_X97Y14",""
386,B_kernel_control_to_p4_input_mem,-0.895000,2.875000,0.546000,2.329000,"6","lfnst_grid_reg[20][14]/C","u_unified_p4_kernel/input_mem_reg[2][50][14]/D","SLICE_X103Y71","SLICE_X85Y17",""
387,B_kernel_control_to_p4_input_mem,-0.895000,2.875000,0.496000,2.379000,"6","kernel_vector_q_reg[0]_rep__1/C","u_unified_p4_kernel/input_mem_reg[3][55][10]/D","SLICE_X95Y72","SLICE_X108Y26",""
388,B_kernel_control_to_p4_input_mem,-0.895000,2.792000,0.476000,2.316000,"5","kernel_phase_q_reg[3]/C","u_unified_p4_kernel/input_mem_reg[1][7][10]/CE","SLICE_X87Y62","SLICE_X109Y27",""
389,B_kernel_control_to_p4_input_mem,-0.895000,2.875000,0.514000,2.361000,"6","lfnst_grid_reg[27][6]/C","u_unified_p4_kernel/input_mem_reg[0][52][6]/D","SLICE_X102Y88","SLICE_X77Y35",""
390,B_kernel_control_to_p4_input_mem,-0.895000,2.876000,0.436000,2.440000,"5","kernel_phase_q_reg[3]/C","u_unified_p4_kernel/input_mem_reg[3][9][11]/D","SLICE_X87Y62","SLICE_X102Y20",""
391,C_other_cache_kernel_or_write,-0.895000,2.875000,0.680000,2.195000,"7","kernel_stage_q_reg_replica_11/C","kernel_rd_raw_data_q_reg[63]/D","SLICE_X78Y139","SLICE_X78Y202",""
392,B_kernel_control_to_p4_input_mem,-0.895000,2.876000,0.524000,2.352000,"5","kernel_phase_q_reg[3]/C","u_unified_p4_kernel/input_mem_reg[0][37][10]/D","SLICE_X87Y62","SLICE_X102Y38",""
393,C_other_cache_read_or_response,-0.894000,2.693000,0.590000,2.103000,"6","fill_slot_reg/C","gen_input_slots[1].gen_input_banks[3].u_input_cache_bank/data_mem_reg_64_127_0_6/RAMA/WE","SLICE_X77Y156","SLICE_X82Y178",""
394,C_other_cache_read_or_response,-0.894000,2.693000,0.590000,2.103000,"6","fill_slot_reg/C","gen_input_slots[1].gen_input_banks[3].u_input_cache_bank/data_mem_reg_64_127_0_6/RAMB/WE","SLICE_X77Y156","SLICE_X82Y178",""
395,C_other_cache_read_or_response,-0.894000,2.693000,0.590000,2.103000,"6","fill_slot_reg/C","gen_input_slots[1].gen_input_banks[3].u_input_cache_bank/data_mem_reg_64_127_0_6/RAMC/WE","SLICE_X77Y156","SLICE_X82Y178",""
396,C_other_cache_read_or_response,-0.894000,2.693000,0.590000,2.103000,"6","fill_slot_reg/C","gen_input_slots[1].gen_input_banks[3].u_input_cache_bank/data_mem_reg_64_127_0_6/RAMD/WE","SLICE_X77Y156","SLICE_X82Y178",""
397,C_other_cache_read_or_response,-0.894000,2.693000,0.590000,2.103000,"6","fill_slot_reg/C","gen_input_slots[1].gen_input_banks[3].u_input_cache_bank/data_mem_reg_64_127_0_6/RAME/WE","SLICE_X77Y156","SLICE_X82Y178",""
398,C_other_cache_read_or_response,-0.894000,2.693000,0.590000,2.103000,"6","fill_slot_reg/C","gen_input_slots[1].gen_input_banks[3].u_input_cache_bank/data_mem_reg_64_127_0_6/RAMF/WE","SLICE_X77Y156","SLICE_X82Y178",""
399,C_other_cache_read_or_response,-0.894000,2.693000,0.590000,2.103000,"6","fill_slot_reg/C","gen_input_slots[1].gen_input_banks[3].u_input_cache_bank/data_mem_reg_64_127_0_6/RAMG/WE","SLICE_X77Y156","SLICE_X82Y178",""
400,C_other_cache_read_or_response,-0.894000,2.693000,0.590000,2.103000,"6","fill_slot_reg/C","gen_input_slots[1].gen_input_banks[3].u_input_cache_bank/data_mem_reg_64_127_0_6/RAMH/WE","SLICE_X77Y156","SLICE_X82Y178",""
401,B_kernel_control_to_p4_input_mem,-0.894000,2.875000,0.546000,2.329000,"6","lfnst_grid_reg[20][14]/C","u_unified_p4_kernel/input_mem_reg[2][30][14]/D","SLICE_X103Y71","SLICE_X96Y16",""
402,B_kernel_control_to_p4_input_mem,-0.894000,2.877000,0.572000,2.305000,"6","lfnst_grid_reg[26][3]/C","u_unified_p4_kernel/input_mem_reg[1][27][3]/D","SLICE_X102Y79","SLICE_X107Y25",""
403,B_kernel_control_to_p4_input_mem,-0.894000,2.877000,0.462000,2.415000,"5","kernel_phase_q_reg[3]/C","u_unified_p4_kernel/input_mem_reg[3][35][0]/D","SLICE_X87Y62","SLICE_X106Y27",""
404,B_kernel_control_to_p4_input_mem,-0.894000,2.876000,0.572000,2.304000,"6","lfnst_grid_reg[26][3]/C","u_unified_p4_kernel/input_mem_reg[2][39][3]/D","SLICE_X102Y79","SLICE_X105Y23",""
405,B_kernel_control_to_p4_input_mem,-0.894000,2.875000,0.667000,2.208000,"6","lfnst_grid_reg[30][1]/C","u_unified_p4_kernel/input_mem_reg[1][22][1]/D","SLICE_X102Y81","SLICE_X99Y14",""
406,B_kernel_control_to_p4_input_mem,-0.894000,2.873000,0.582000,2.291000,"6","lfnst_grid_reg[53][6]/C","u_unified_p4_kernel/input_mem_reg[2][7][6]/D","SLICE_X103Y82","SLICE_X97Y6",""
407,B_kernel_control_to_p4_input_mem,-0.894000,2.876000,0.436000,2.440000,"5","kernel_phase_q_reg[3]/C","u_unified_p4_kernel/input_mem_reg[1][5][11]/D","SLICE_X87Y62","SLICE_X103Y35",""
408,B_kernel_control_to_p4_input_mem,-0.893000,2.875000,0.549000,2.326000,"6","kernel_vector_q_reg[1]_rep__2/C","u_unified_p4_kernel/input_mem_reg[0][40][4]/D","SLICE_X100Y81","SLICE_X76Y26",""
409,B_kernel_control_to_p4_input_mem,-0.892000,2.873000,0.726000,2.147000,"6","lfnst_grid_reg[33][15]/C","u_unified_p4_kernel/input_mem_reg[2][28][15]/D","SLICE_X102Y78","SLICE_X80Y37",""
410,B_kernel_control_to_p4_input_mem,-0.892000,2.875000,0.549000,2.326000,"6","kernel_vector_q_reg[1]_rep__2/C","u_unified_p4_kernel/input_mem_reg[1][12][4]/D","SLICE_X100Y81","SLICE_X75Y25",""
411,B_kernel_control_to_p4_input_mem,-0.892000,2.873000,0.546000,2.327000,"6","lfnst_grid_reg[20][14]/C","u_unified_p4_kernel/input_mem_reg[0][22][14]/D","SLICE_X103Y71","SLICE_X96Y15",""
412,C_other_cache_kernel_or_write,-0.892000,2.787000,0.427000,2.360000,"5","u_unified_p4_kernel/slot_state_q_reg[0][1]/C","kernel_rd_raw_data_q_reg[61]/CE","SLICE_X92Y57","SLICE_X77Y202",""
413,C_other_cache_kernel_or_write,-0.892000,2.787000,0.427000,2.360000,"5","u_unified_p4_kernel/slot_state_q_reg[0][1]/C","kernel_rd_raw_data_q_reg[63]/CE","SLICE_X92Y57","SLICE_X78Y202",""
414,C_other_cache_kernel_or_write,-0.892000,2.874000,0.635000,2.239000,"6","u_unified_p4_kernel/fifo_rd_ptr_q_reg[1]_rep__0/C","vwrite_cmd_data_q_reg[0][0]/D","SLICE_X99Y81","SLICE_X72Y60",""
415,B_kernel_control_to_p4_input_mem,-0.892000,2.875000,0.611000,2.264000,"6","lfnst_grid_reg[23][7]/C","u_unified_p4_kernel/input_mem_reg[0][15][7]/D","SLICE_X102Y71","SLICE_X101Y9",""
416,B_kernel_control_to_p4_input_mem,-0.892000,2.873000,0.410000,2.463000,"6","kernel_vector_q_reg[0]_rep__0/C","u_unified_p4_kernel/input_mem_reg[2][39][13]/D","SLICE_X101Y76","SLICE_X101Y28",""
417,B_kernel_control_to_p4_input_mem,-0.891000,2.874000,0.667000,2.207000,"6","lfnst_grid_reg[30][1]/C","u_unified_p4_kernel/input_mem_reg[2][38][1]/D","SLICE_X102Y81","SLICE_X86Y16",""
418,B_kernel_control_to_p4_input_mem,-0.891000,2.874000,0.639000,2.235000,"6","kernel_vector_q_reg[1]_rep__2/C","u_unified_p4_kernel/input_mem_reg[1][54][0]/D","SLICE_X100Y81","SLICE_X82Y17",""
419,B_kernel_control_to_p4_input_mem,-0.891000,2.873000,0.667000,2.206000,"6","lfnst_grid_reg[30][1]/C","u_unified_p4_kernel/input_mem_reg[2][6][1]/D","SLICE_X102Y81","SLICE_X80Y8",""
420,B_kernel_control_to_p4_input_mem,-0.891000,2.874000,0.513000,2.361000,"6","lfnst_grid_reg[31][14]/C","u_unified_p4_kernel/input_mem_reg[3][39][14]/D","SLICE_X102Y88","SLICE_X107Y28",""
421,B_kernel_control_to_p4_input_mem,-0.891000,2.873000,0.667000,2.206000,"6","lfnst_grid_reg[30][1]/C","u_unified_p4_kernel/input_mem_reg[0][50][1]/D","SLICE_X102Y81","SLICE_X83Y12",""
422,B_kernel_control_to_p4_input_mem,-0.891000,2.874000,0.546000,2.328000,"5","kernel_phase_q_reg[3]/C","u_unified_p4_kernel/input_mem_reg[3][37][12]/D","SLICE_X87Y62","SLICE_X107Y40",""
423,B_kernel_control_to_p4_input_mem,-0.891000,2.870000,0.496000,2.374000,"6","kernel_vector_q_reg[1]_rep__1_replica_1/C","u_unified_p4_kernel/input_mem_reg[3][31][9]/D","SLICE_X103Y81","SLICE_X100Y8",""
424,B_kernel_control_to_p4_input_mem,-0.891000,2.870000,0.513000,2.357000,"6","kernel_vector_q_reg[0]_rep__0/C","u_unified_p4_kernel/input_mem_reg[2][27][11]/D","SLICE_X101Y76","SLICE_X104Y27",""
425,D_control_or_r4c,-0.890000,2.870000,0.422000,2.448000,"4","scrub_active_reg/C","lfnst_grid_reg[27][13]/D","SLICE_X79Y103","SLICE_X100Y74",""
426,E_other,-0.890000,2.871000,1.675000,1.196000,"7","u_bounded_lfnst_engine/input_terms_q_reg[175]_replica_1/C","u_bounded_lfnst_engine/products_q_reg[58][16]/D","SLICE_X97Y106","SLICE_X99Y102",""
427,B_kernel_control_to_p4_input_mem,-0.890000,2.872000,0.474000,2.398000,"6","kernel_vector_q_reg[1]_rep__2/C","u_unified_p4_kernel/input_mem_reg[2][54][4]/D","SLICE_X100Y81","SLICE_X88Y6",""
428,B_kernel_control_to_p4_input_mem,-0.890000,2.871000,0.494000,2.377000,"6","lfnst_grid_reg[53][6]/C","u_unified_p4_kernel/input_mem_reg[1][62][6]/D","SLICE_X103Y82","SLICE_X81Y12",""
429,B_kernel_control_to_p4_input_mem,-0.890000,2.871000,0.471000,2.400000,"6","kernel_vector_q_reg[0]_rep__1/C","u_unified_p4_kernel/input_mem_reg[1][39][10]/D","SLICE_X95Y72","SLICE_X107Y27",""
430,B_kernel_control_to_p4_input_mem,-0.890000,2.873000,0.601000,2.272000,"6","lfnst_grid_reg[31][14]/C","u_unified_p4_kernel/input_mem_reg[3][0][14]/D","SLICE_X102Y88","SLICE_X92Y36",""
431,B_kernel_control_to_p4_input_mem,-0.890000,2.871000,0.436000,2.435000,"5","kernel_phase_q_reg[3]/C","u_unified_p4_kernel/input_mem_reg[2][61][11]/D","SLICE_X87Y62","SLICE_X104Y37",""
432,B_kernel_control_to_p4_input_mem,-0.890000,2.869000,0.546000,2.323000,"6","lfnst_grid_reg[20][14]/C","u_unified_p4_kernel/input_mem_reg[3][18][14]/D","SLICE_X103Y71","SLICE_X84Y13",""
433,B_kernel_control_to_p4_input_mem,-0.890000,2.869000,0.500000,2.369000,"6","kernel_vector_q_reg[0]_rep__0/C","u_unified_p4_kernel/input_mem_reg[3][31][12]/D","SLICE_X101Y76","SLICE_X102Y22",""
434,B_kernel_control_to_p4_input_mem,-0.890000,2.870000,0.586000,2.284000,"6","kernel_feed_group_q_reg[0]/C","u_unified_p4_kernel/input_mem_reg[2][6][10]/D","SLICE_X90Y61","SLICE_X86Y14",""
435,B_kernel_control_to_p4_input_mem,-0.890000,2.869000,0.656000,2.213000,"6","lfnst_grid_reg[43][1]/C","u_unified_p4_kernel/input_mem_reg[1][5][1]/D","SLICE_X103Y85","SLICE_X102Y34",""
436,C_other_cache_read_or_response,-0.890000,2.688000,0.562000,2.126000,"5","fill_slot_reg/C","gen_input_slots[1].gen_input_banks[3].u_input_cache_bank/data_mem_reg_896_959_14_15/RAMA/WE","SLICE_X77Y156","SLICE_X81Y220",""
437,C_other_cache_read_or_response,-0.890000,2.688000,0.562000,2.126000,"5","fill_slot_reg/C","gen_input_slots[1].gen_input_banks[3].u_input_cache_bank/data_mem_reg_896_959_14_15/RAMB/WE","SLICE_X77Y156","SLICE_X81Y220",""
438,C_other_cache_read_or_response,-0.890000,2.688000,0.562000,2.126000,"5","fill_slot_reg/C","gen_input_slots[1].gen_input_banks[3].u_input_cache_bank/data_mem_reg_896_959_14_15/RAMC/WE","SLICE_X77Y156","SLICE_X81Y220",""
439,C_other_cache_read_or_response,-0.890000,2.688000,0.562000,2.126000,"5","fill_slot_reg/C","gen_input_slots[1].gen_input_banks[3].u_input_cache_bank/data_mem_reg_896_959_14_15/RAMD/WE","SLICE_X77Y156","SLICE_X81Y220",""
440,C_other_cache_kernel_or_write,-0.889000,2.870000,0.455000,2.415000,"7","lfnst_case_q_reg_replica/C","kernel_rd_raw_data_q_reg[37]/D","SLICE_X78Y137","SLICE_X73Y172",""
441,B_kernel_control_to_p4_input_mem,-0.889000,2.871000,0.601000,2.270000,"6","lfnst_grid_reg[31][14]/C","u_unified_p4_kernel/input_mem_reg[3][60][14]/D","SLICE_X102Y88","SLICE_X80Y47",""
442,B_kernel_control_to_p4_input_mem,-0.889000,2.870000,0.471000,2.399000,"6","kernel_vector_q_reg[0]_rep__1/C","u_unified_p4_kernel/input_mem_reg[0][35][10]/D","SLICE_X95Y72","SLICE_X106Y28",""
443,B_kernel_control_to_p4_input_mem,-0.889000,2.871000,0.514000,2.357000,"6","lfnst_grid_reg[27][6]/C","u_unified_p4_kernel/input_mem_reg[2][8][6]/D","SLICE_X102Y88","SLICE_X79Y24",""
444,B_kernel_control_to_p4_input_mem,-0.889000,2.870000,0.726000,2.144000,"6","lfnst_grid_reg[33][15]/C","u_unified_p4_kernel/input_mem_reg[3][48][15]/D","SLICE_X102Y78","SLICE_X86Y50",""
445,B_kernel_control_to_p4_input_mem,-0.889000,2.871000,0.462000,2.409000,"5","kernel_phase_q_reg[3]/C","u_unified_p4_kernel/input_mem_reg[1][51][0]/D","SLICE_X87Y62","SLICE_X106Y22",""
446,B_kernel_control_to_p4_input_mem,-0.888000,2.870000,0.365000,2.505000,"6","kernel_vector_q_reg[1]_rep__2/C","u_unified_p4_kernel/input_mem_reg[1][19][2]/D","SLICE_X100Y81","SLICE_X104Y24",""
447,B_kernel_control_to_p4_input_mem,-0.888000,2.871000,0.601000,2.270000,"6","kernel_vector_q_reg[1]_rep__2/C","u_unified_p4_kernel/input_mem_reg[1][7][4]/D","SLICE_X100Y81","SLICE_X106Y21",""
448,B_kernel_control_to_p4_input_mem,-0.888000,2.871000,0.716000,2.155000,"6","lfnst_grid_reg[30][1]/C","u_unified_p4_kernel/input_mem_reg[3][31][1]/D","SLICE_X102Y81","SLICE_X103Y17",""
449,E_other,-0.888000,2.868000,1.686000,1.182000,"7","u_bounded_lfnst_engine/input_terms_q_reg[173]_replica_1/C","u_bounded_lfnst_engine/products_q_reg[58][12]/D","SLICE_X98Y106","SLICE_X100Y101",""
450,B_kernel_control_to_p4_input_mem,-0.888000,2.869000,0.501000,2.368000,"6","kernel_vector_q_reg[0]_rep__0/C","u_unified_p4_kernel/input_mem_reg[1][30][12]/D","SLICE_X101Y76","SLICE_X98Y14",""
451,B_kernel_control_to_p4_input_mem,-0.888000,2.869000,0.586000,2.283000,"6","lfnst_grid_reg[43][1]/C","u_unified_p4_kernel/input_mem_reg[2][24][1]/D","SLICE_X103Y85","SLICE_X74Y35",""
452,C_other_cache_read_or_response,-0.888000,2.687000,0.564000,2.123000,"5","fill_slot_reg/C","gen_input_slots[1].gen_input_banks[0].u_input_cache_bank/data_mem_reg_384_447_14_15/RAMA/WE","SLICE_X77Y156","SLICE_X79Y186",""
453,C_other_cache_read_or_response,-0.888000,2.687000,0.564000,2.123000,"5","fill_slot_reg/C","gen_input_slots[1].gen_input_banks[0].u_input_cache_bank/data_mem_reg_384_447_14_15/RAMB/WE","SLICE_X77Y156","SLICE_X79Y186",""
454,C_other_cache_read_or_response,-0.888000,2.687000,0.564000,2.123000,"5","fill_slot_reg/C","gen_input_slots[1].gen_input_banks[0].u_input_cache_bank/data_mem_reg_384_447_14_15/RAMC/WE","SLICE_X77Y156","SLICE_X79Y186",""
455,C_other_cache_read_or_response,-0.888000,2.687000,0.564000,2.123000,"5","fill_slot_reg/C","gen_input_slots[1].gen_input_banks[0].u_input_cache_bank/data_mem_reg_384_447_14_15/RAMD/WE","SLICE_X77Y156","SLICE_X79Y186",""
456,B_kernel_control_to_p4_input_mem,-0.888000,2.869000,0.514000,2.355000,"6","lfnst_grid_reg[27][6]/C","u_unified_p4_kernel/input_mem_reg[3][40][6]/D","SLICE_X102Y88","SLICE_X72Y38",""
457,B_kernel_control_to_p4_input_mem,-0.888000,2.870000,0.667000,2.203000,"6","lfnst_grid_reg[30][1]/C","u_unified_p4_kernel/input_mem_reg[0][34][1]/D","SLICE_X102Y81","SLICE_X83Y15",""
458,B_kernel_control_to_p4_input_mem,-0.888000,2.867000,0.656000,2.211000,"6","lfnst_grid_reg[43][1]/C","u_unified_p4_kernel/input_mem_reg[3][21][1]/D","SLICE_X103Y85","SLICE_X100Y15",""
459,B_kernel_control_to_p4_input_mem,-0.888000,2.869000,0.524000,2.345000,"5","kernel_phase_q_reg[3]/C","u_unified_p4_kernel/input_mem_reg[0][5][10]/D","SLICE_X87Y62","SLICE_X102Y35",""
460,B_kernel_control_to_p4_input_mem,-0.888000,2.867000,0.546000,2.321000,"6","lfnst_grid_reg[20][14]/C","u_unified_p4_kernel/input_mem_reg[1][58][14]/D","SLICE_X103Y71","SLICE_X85Y22",""
461,B_kernel_control_to_p4_input_mem,-0.888000,2.867000,0.540000,2.327000,"6","kernel_vector_q_reg[1]_rep__1_replica_1/C","u_unified_p4_kernel/input_mem_reg[1][18][9]/D","SLICE_X103Y81","SLICE_X85Y12",""
462,B_kernel_control_to_p4_input_mem,-0.888000,2.870000,0.572000,2.298000,"6","lfnst_grid_reg[26][3]/C","u_unified_p4_kernel/input_mem_reg[2][51][3]/D","SLICE_X102Y79","SLICE_X109Y23",""
463,B_kernel_control_to_p4_input_mem,-0.888000,2.870000,0.462000,2.408000,"5","kernel_phase_q_reg[3]/C","u_unified_p4_kernel/input_mem_reg[2][7][15]/D","SLICE_X87Y62","SLICE_X103Y22",""
464,B_kernel_control_to_p4_input_mem,-0.887000,2.869000,0.601000,2.268000,"6","kernel_vector_q_reg[1]_rep__2/C","u_unified_p4_kernel/input_mem_reg[3][59][4]/D","SLICE_X100Y81","SLICE_X105Y25",""
465,B_kernel_control_to_p4_input_mem,-0.887000,2.870000,0.716000,2.154000,"6","lfnst_grid_reg[30][1]/C","u_unified_p4_kernel/input_mem_reg[1][39][1]/D","SLICE_X102Y81","SLICE_X107Y29",""
466,B_kernel_control_to_p4_input_mem,-0.887000,2.869000,0.572000,2.297000,"6","lfnst_grid_reg[26][3]/C","u_unified_p4_kernel/input_mem_reg[2][19][3]/D","SLICE_X102Y79","SLICE_X105Y24",""
467,B_kernel_control_to_p4_input_mem,-0.887000,2.868000,0.474000,2.394000,"6","lfnst_grid_reg[10][8]/C","u_unified_p4_kernel/input_mem_reg[2][62][8]/D","SLICE_X103Y77","SLICE_X81Y13",""
468,B_kernel_control_to_p4_input_mem,-0.887000,2.867000,0.582000,2.285000,"6","lfnst_grid_reg[53][6]/C","u_unified_p4_kernel/input_mem_reg[2][59][6]/D","SLICE_X103Y82","SLICE_X94Y9",""
469,B_kernel_control_to_p4_input_mem,-0.887000,2.868000,0.616000,2.252000,"6","kernel_vector_q_reg[1]_rep__1_replica_1/C","u_unified_p4_kernel/input_mem_reg[3][24][11]/D","SLICE_X103Y81","SLICE_X86Y47",""
470,B_kernel_control_to_p4_input_mem,-0.887000,2.869000,0.549000,2.320000,"6","kernel_vector_q_reg[1]_rep__2/C","u_unified_p4_kernel/input_mem_reg[0][8][4]/D","SLICE_X100Y81","SLICE_X78Y20",""
471,B_kernel_control_to_p4_input_mem,-0.887000,2.868000,0.543000,2.325000,"6","lfnst_grid_reg[33][15]/C","u_unified_p4_kernel/input_mem_reg[0][62][15]/D","SLICE_X102Y78","SLICE_X87Y14",""
472,B_kernel_control_to_p4_input_mem,-0.887000,2.867000,0.513000,2.354000,"6","kernel_vector_q_reg[0]_rep__0/C","u_unified_p4_kernel/input_mem_reg[2][47][11]/D","SLICE_X101Y76","SLICE_X103Y26",""
473,B_kernel_control_to_p4_input_mem,-0.887000,2.869000,0.667000,2.202000,"6","lfnst_grid_reg[30][1]/C","u_unified_p4_kernel/input_mem_reg[1][30][1]/D","SLICE_X102Y81","SLICE_X98Y14",""
474,B_kernel_control_to_p4_input_mem,-0.887000,2.868000,0.543000,2.325000,"6","lfnst_grid_reg[33][15]/C","u_unified_p4_kernel/input_mem_reg[2][54][15]/D","SLICE_X102Y78","SLICE_X81Y14",""
475,B_kernel_control_to_p4_input_mem,-0.887000,2.868000,0.514000,2.354000,"6","lfnst_grid_reg[27][6]/C","u_unified_p4_kernel/input_mem_reg[1][8][6]/D","SLICE_X102Y88","SLICE_X79Y25",""
476,C_other_cache_read_or_response,-0.887000,2.685000,0.514000,2.171000,"5","fill_slot_reg/C","gen_input_slots[1].gen_input_banks[2].u_input_cache_bank/data_mem_reg_704_767_14_15/RAMA/WE","SLICE_X77Y156","SLICE_X79Y140",""
477,C_other_cache_read_or_response,-0.887000,2.685000,0.514000,2.171000,"5","fill_slot_reg/C","gen_input_slots[1].gen_input_banks[2].u_input_cache_bank/data_mem_reg_704_767_14_15/RAMB/WE","SLICE_X77Y156","SLICE_X79Y140",""
478,C_other_cache_read_or_response,-0.887000,2.685000,0.514000,2.171000,"5","fill_slot_reg/C","gen_input_slots[1].gen_input_banks[2].u_input_cache_bank/data_mem_reg_704_767_14_15/RAMC/WE","SLICE_X77Y156","SLICE_X79Y140",""
479,C_other_cache_read_or_response,-0.887000,2.685000,0.514000,2.171000,"5","fill_slot_reg/C","gen_input_slots[1].gen_input_banks[2].u_input_cache_bank/data_mem_reg_704_767_14_15/RAMD/WE","SLICE_X77Y156","SLICE_X79Y140",""
480,B_kernel_control_to_p4_input_mem,-0.887000,2.869000,0.667000,2.202000,"6","lfnst_grid_reg[30][1]/C","u_unified_p4_kernel/input_mem_reg[1][42][1]/D","SLICE_X102Y81","SLICE_X96Y19",""
481,B_kernel_control_to_p4_input_mem,-0.887000,2.866000,0.546000,2.320000,"6","lfnst_grid_reg[20][14]/C","u_unified_p4_kernel/input_mem_reg[3][26][14]/D","SLICE_X103Y71","SLICE_X83Y13",""
482,B_kernel_control_to_p4_input_mem,-0.887000,2.868000,0.716000,2.152000,"6","lfnst_grid_reg[30][1]/C","u_unified_p4_kernel/input_mem_reg[2][35][1]/D","SLICE_X102Y81","SLICE_X108Y26",""
483,C_other_cache_kernel_or_write,-0.887000,2.868000,0.624000,2.244000,"6","u_unified_p4_kernel/fifo_rd_ptr_q_reg[1]_rep__0/C","vwrite_cmd_data_q_reg[1][0]/D","SLICE_X99Y81","SLICE_X72Y60",""
484,B_kernel_control_to_p4_input_mem,-0.886000,2.866000,0.540000,2.326000,"6","kernel_vector_q_reg[1]_rep__1_replica_1/C","u_unified_p4_kernel/input_mem_reg[3][42][9]/D","SLICE_X103Y81","SLICE_X99Y11",""
485,B_kernel_control_to_p4_input_mem,-0.886000,2.867000,0.554000,2.313000,"6","kernel_vector_q_reg[0]_rep__0/C","u_unified_p4_kernel/input_mem_reg[3][49][13]/D","SLICE_X101Y76","SLICE_X106Y38",""
486,B_kernel_control_to_p4_input_mem,-0.886000,2.868000,0.726000,2.142000,"6","lfnst_grid_reg[33][15]/C","u_unified_p4_kernel/input_mem_reg[2][52][15]/D","SLICE_X102Y78","SLICE_X82Y47",""
487,B_kernel_control_to_p4_input_mem,-0.886000,2.869000,0.549000,2.320000,"6","kernel_vector_q_reg[1]_rep__2/C","u_unified_p4_kernel/input_mem_reg[1][24][4]/D","SLICE_X100Y81","SLICE_X75Y21",""
488,B_kernel_control_to_p4_input_mem,-0.885000,2.867000,0.365000,2.502000,"6","kernel_vector_q_reg[1]_rep__2/C","u_unified_p4_kernel/input_mem_reg[3][55][2]/D","SLICE_X100Y81","SLICE_X108Y28",""
489,B_kernel_control_to_p4_input_mem,-0.885000,2.868000,0.667000,2.201000,"6","lfnst_grid_reg[30][1]/C","u_unified_p4_kernel/input_mem_reg[0][58][1]/D","SLICE_X102Y81","SLICE_X81Y15",""
490,B_kernel_control_to_p4_input_mem,-0.885000,2.868000,0.572000,2.296000,"6","lfnst_grid_reg[26][3]/C","u_unified_p4_kernel/input_mem_reg[0][27][3]/D","SLICE_X102Y79","SLICE_X107Y24",""
491,B_kernel_control_to_p4_input_mem,-0.885000,2.867000,0.524000,2.343000,"5","kernel_phase_q_reg[3]/C","u_unified_p4_kernel/input_mem_reg[3][5][10]/D","SLICE_X87Y62","SLICE_X103Y34",""
492,B_kernel_control_to_p4_input_mem,-0.885000,2.864000,0.496000,2.368000,"6","kernel_vector_q_reg[1]_rep__1_replica_1/C","u_unified_p4_kernel/input_mem_reg[3][27][9]/D","SLICE_X103Y81","SLICE_X85Y15",""
493,B_kernel_control_to_p4_input_mem,-0.885000,2.864000,0.616000,2.248000,"6","kernel_vector_q_reg[1]_rep__1_replica_1/C","u_unified_p4_kernel/input_mem_reg[2][8][11]/D","SLICE_X103Y81","SLICE_X83Y45",""
494,B_kernel_control_to_p4_input_mem,-0.885000,2.782000,0.529000,2.253000,"5","kernel_phase_q_reg[3]/C","u_unified_p4_kernel/input_mem_reg[2][31][10]/CE","SLICE_X87Y62","SLICE_X103Y21",""
495,B_kernel_control_to_p4_input_mem,-0.885000,2.782000,0.529000,2.253000,"5","kernel_phase_q_reg[3]/C","u_unified_p4_kernel/input_mem_reg[2][31][12]/CE","SLICE_X87Y62","SLICE_X103Y21",""
496,B_kernel_control_to_p4_input_mem,-0.884000,2.866000,0.601000,2.265000,"6","kernel_vector_q_reg[1]_rep__2/C","u_unified_p4_kernel/input_mem_reg[3][7][4]/D","SLICE_X100Y81","SLICE_X105Y21",""
497,B_kernel_control_to_p4_input_mem,-0.884000,2.864000,0.474000,2.390000,"6","lfnst_grid_reg[10][8]/C","u_unified_p4_kernel/input_mem_reg[3][50][8]/D","SLICE_X103Y77","SLICE_X83Y12",""
498,B_kernel_control_to_p4_input_mem,-0.884000,2.867000,0.562000,2.305000,"6","kernel_vector_q_reg[1]_rep__2/C","u_unified_p4_kernel/input_mem_reg[2][22][4]/D","SLICE_X100Y81","SLICE_X98Y9",""
499,B_kernel_control_to_p4_input_mem,-0.884000,2.864000,0.546000,2.318000,"6","lfnst_grid_reg[20][14]/C","u_unified_p4_kernel/input_mem_reg[1][50][14]/D","SLICE_X103Y71","SLICE_X85Y17",""
