event_id,level,phase,slot,destination,operation,even,odd,key
0,4,3,0,0,add,"{""kind"": ""dot"", ""id"": 0}","{""kind"": ""dot"", ""id"": 1}",8384
1,4,3,1,5,add,"{""kind"": ""dot"", ""id"": 2}","{""kind"": ""dot"", ""id"": 3}",8385
2,4,3,2,10,sub,"{""kind"": ""dot"", ""id"": 2}","{""kind"": ""dot"", ""id"": 3}",8386
3,4,3,3,15,sub,"{""kind"": ""dot"", ""id"": 0}","{""kind"": ""dot"", ""id"": 1}",8387
4,8,4,0,1,add,"{""kind"": ""signal"", ""id"": 0}","{""kind"": ""dot"", ""id"": 4}",16640
5,8,4,1,6,add,"{""kind"": ""signal"", ""id"": 5}","{""kind"": ""dot"", ""id"": 5}",16641
6,8,4,2,11,add,"{""kind"": ""signal"", ""id"": 10}","{""kind"": ""dot"", ""id"": 6}",16642
7,8,4,3,16,add,"{""kind"": ""signal"", ""id"": 15}","{""kind"": ""dot"", ""id"": 7}",16643
8,8,4,4,20,sub,"{""kind"": ""signal"", ""id"": 15}","{""kind"": ""dot"", ""id"": 7}",16644
9,8,4,5,24,sub,"{""kind"": ""signal"", ""id"": 10}","{""kind"": ""dot"", ""id"": 6}",16645
10,8,4,6,28,sub,"{""kind"": ""signal"", ""id"": 5}","{""kind"": ""dot"", ""id"": 5}",16646
11,8,4,7,32,sub,"{""kind"": ""signal"", ""id"": 0}","{""kind"": ""dot"", ""id"": 4}",16647
12,16,5,0,2,add,"{""kind"": ""signal"", ""id"": 1}","{""kind"": ""dot"", ""id"": 8}",33088
13,16,5,1,7,add,"{""kind"": ""signal"", ""id"": 6}","{""kind"": ""dot"", ""id"": 9}",33089
14,16,5,2,12,add,"{""kind"": ""signal"", ""id"": 11}","{""kind"": ""dot"", ""id"": 10}",33090
15,16,5,3,17,add,"{""kind"": ""signal"", ""id"": 16}","{""kind"": ""dot"", ""id"": 11}",33091
16,16,5,4,21,add,"{""kind"": ""signal"", ""id"": 20}","{""kind"": ""dot"", ""id"": 12}",33092
17,16,5,5,25,add,"{""kind"": ""signal"", ""id"": 24}","{""kind"": ""dot"", ""id"": 13}",33093
18,16,5,6,29,add,"{""kind"": ""signal"", ""id"": 28}","{""kind"": ""dot"", ""id"": 14}",33094
19,16,5,7,33,add,"{""kind"": ""signal"", ""id"": 32}","{""kind"": ""dot"", ""id"": 15}",33095
20,16,5,8,36,sub,"{""kind"": ""signal"", ""id"": 32}","{""kind"": ""dot"", ""id"": 15}",33096
21,16,5,9,39,sub,"{""kind"": ""signal"", ""id"": 28}","{""kind"": ""dot"", ""id"": 14}",33097
22,16,5,10,42,sub,"{""kind"": ""signal"", ""id"": 24}","{""kind"": ""dot"", ""id"": 13}",33098
23,16,5,11,45,sub,"{""kind"": ""signal"", ""id"": 20}","{""kind"": ""dot"", ""id"": 12}",33099
24,16,5,12,48,sub,"{""kind"": ""signal"", ""id"": 16}","{""kind"": ""dot"", ""id"": 11}",33100
25,16,5,13,51,sub,"{""kind"": ""signal"", ""id"": 11}","{""kind"": ""dot"", ""id"": 10}",33101
26,16,5,14,54,sub,"{""kind"": ""signal"", ""id"": 6}","{""kind"": ""dot"", ""id"": 9}",33102
27,16,5,15,57,sub,"{""kind"": ""signal"", ""id"": 1}","{""kind"": ""dot"", ""id"": 8}",33103
28,32,7,0,3,add,"{""kind"": ""signal"", ""id"": 2}","{""kind"": ""dot"", ""id"": 16}",65984
29,32,7,1,8,add,"{""kind"": ""signal"", ""id"": 7}","{""kind"": ""dot"", ""id"": 17}",65985
30,32,7,2,13,add,"{""kind"": ""signal"", ""id"": 12}","{""kind"": ""dot"", ""id"": 18}",65986
31,32,7,3,18,add,"{""kind"": ""signal"", ""id"": 17}","{""kind"": ""dot"", ""id"": 19}",65987
32,32,7,4,22,add,"{""kind"": ""signal"", ""id"": 21}","{""kind"": ""dot"", ""id"": 20}",65988
33,32,7,5,26,add,"{""kind"": ""signal"", ""id"": 25}","{""kind"": ""dot"", ""id"": 21}",65989
34,32,7,6,30,add,"{""kind"": ""signal"", ""id"": 29}","{""kind"": ""dot"", ""id"": 22}",65990
35,32,7,7,34,add,"{""kind"": ""signal"", ""id"": 33}","{""kind"": ""dot"", ""id"": 23}",65991
36,32,7,8,76,sub,"{""kind"": ""signal"", ""id"": 33}","{""kind"": ""dot"", ""id"": 23}",65992
37,32,7,9,78,sub,"{""kind"": ""signal"", ""id"": 29}","{""kind"": ""dot"", ""id"": 22}",65993
38,32,7,10,80,sub,"{""kind"": ""signal"", ""id"": 25}","{""kind"": ""dot"", ""id"": 21}",65994
39,32,7,11,82,sub,"{""kind"": ""signal"", ""id"": 21}","{""kind"": ""dot"", ""id"": 20}",65995
40,32,7,12,84,sub,"{""kind"": ""signal"", ""id"": 17}","{""kind"": ""dot"", ""id"": 19}",65996
41,32,7,13,86,sub,"{""kind"": ""signal"", ""id"": 12}","{""kind"": ""dot"", ""id"": 18}",65997
42,32,7,14,88,sub,"{""kind"": ""signal"", ""id"": 7}","{""kind"": ""dot"", ""id"": 17}",65998
43,32,7,15,90,sub,"{""kind"": ""signal"", ""id"": 2}","{""kind"": ""dot"", ""id"": 16}",65999
44,32,8,0,37,add,"{""kind"": ""signal"", ""id"": 36}","{""kind"": ""dot"", ""id"": 24}",66048
45,32,8,1,40,add,"{""kind"": ""signal"", ""id"": 39}","{""kind"": ""dot"", ""id"": 25}",66049
46,32,8,2,43,add,"{""kind"": ""signal"", ""id"": 42}","{""kind"": ""dot"", ""id"": 26}",66050
47,32,8,3,46,add,"{""kind"": ""signal"", ""id"": 45}","{""kind"": ""dot"", ""id"": 27}",66051
48,32,8,4,49,add,"{""kind"": ""signal"", ""id"": 48}","{""kind"": ""dot"", ""id"": 28}",66052
49,32,8,5,52,add,"{""kind"": ""signal"", ""id"": 51}","{""kind"": ""dot"", ""id"": 29}",66053
50,32,8,6,55,add,"{""kind"": ""signal"", ""id"": 54}","{""kind"": ""dot"", ""id"": 30}",66054
51,32,8,7,58,add,"{""kind"": ""signal"", ""id"": 57}","{""kind"": ""dot"", ""id"": 31}",66055
52,32,8,8,60,sub,"{""kind"": ""signal"", ""id"": 57}","{""kind"": ""dot"", ""id"": 31}",66056
53,32,8,9,62,sub,"{""kind"": ""signal"", ""id"": 54}","{""kind"": ""dot"", ""id"": 30}",66057
54,32,8,10,64,sub,"{""kind"": ""signal"", ""id"": 51}","{""kind"": ""dot"", ""id"": 29}",66058
55,32,8,11,66,sub,"{""kind"": ""signal"", ""id"": 48}","{""kind"": ""dot"", ""id"": 28}",66059
56,32,8,12,68,sub,"{""kind"": ""signal"", ""id"": 45}","{""kind"": ""dot"", ""id"": 27}",66060
57,32,8,13,70,sub,"{""kind"": ""signal"", ""id"": 42}","{""kind"": ""dot"", ""id"": 26}",66061
58,32,8,14,72,sub,"{""kind"": ""signal"", ""id"": 39}","{""kind"": ""dot"", ""id"": 25}",66062
59,32,8,15,74,sub,"{""kind"": ""signal"", ""id"": 36}","{""kind"": ""dot"", ""id"": 24}",66063
60,64,10,0,4,add,"{""kind"": ""signal"", ""id"": 3}","{""kind"": ""dot"", ""id"": 32}",131712
61,64,10,1,9,add,"{""kind"": ""signal"", ""id"": 8}","{""kind"": ""dot"", ""id"": 33}",131713
62,64,10,2,14,add,"{""kind"": ""signal"", ""id"": 13}","{""kind"": ""dot"", ""id"": 34}",131714
63,64,10,3,19,add,"{""kind"": ""signal"", ""id"": 18}","{""kind"": ""dot"", ""id"": 35}",131715
64,64,10,4,120,sub,"{""kind"": ""signal"", ""id"": 18}","{""kind"": ""dot"", ""id"": 35}",131716
65,64,10,5,121,sub,"{""kind"": ""signal"", ""id"": 13}","{""kind"": ""dot"", ""id"": 34}",131717
66,64,10,6,122,sub,"{""kind"": ""signal"", ""id"": 8}","{""kind"": ""dot"", ""id"": 33}",131718
67,64,10,7,123,sub,"{""kind"": ""signal"", ""id"": 3}","{""kind"": ""dot"", ""id"": 32}",131719
68,64,11,0,23,add,"{""kind"": ""signal"", ""id"": 22}","{""kind"": ""dot"", ""id"": 36}",131776
69,64,11,1,27,add,"{""kind"": ""signal"", ""id"": 26}","{""kind"": ""dot"", ""id"": 37}",131777
70,64,11,2,31,add,"{""kind"": ""signal"", ""id"": 30}","{""kind"": ""dot"", ""id"": 38}",131778
71,64,11,3,35,add,"{""kind"": ""signal"", ""id"": 34}","{""kind"": ""dot"", ""id"": 39}",131779
72,64,11,4,116,sub,"{""kind"": ""signal"", ""id"": 34}","{""kind"": ""dot"", ""id"": 39}",131780
73,64,11,5,117,sub,"{""kind"": ""signal"", ""id"": 30}","{""kind"": ""dot"", ""id"": 38}",131781
74,64,11,6,118,sub,"{""kind"": ""signal"", ""id"": 26}","{""kind"": ""dot"", ""id"": 37}",131782
75,64,11,7,119,sub,"{""kind"": ""signal"", ""id"": 22}","{""kind"": ""dot"", ""id"": 36}",131783
76,64,12,0,38,add,"{""kind"": ""signal"", ""id"": 37}","{""kind"": ""dot"", ""id"": 40}",131840
77,64,12,1,41,add,"{""kind"": ""signal"", ""id"": 40}","{""kind"": ""dot"", ""id"": 41}",131841
78,64,12,2,44,add,"{""kind"": ""signal"", ""id"": 43}","{""kind"": ""dot"", ""id"": 42}",131842
79,64,12,3,47,add,"{""kind"": ""signal"", ""id"": 46}","{""kind"": ""dot"", ""id"": 43}",131843
80,64,12,4,112,sub,"{""kind"": ""signal"", ""id"": 46}","{""kind"": ""dot"", ""id"": 43}",131844
81,64,12,5,113,sub,"{""kind"": ""signal"", ""id"": 43}","{""kind"": ""dot"", ""id"": 42}",131845
82,64,12,6,114,sub,"{""kind"": ""signal"", ""id"": 40}","{""kind"": ""dot"", ""id"": 41}",131846
83,64,12,7,115,sub,"{""kind"": ""signal"", ""id"": 37}","{""kind"": ""dot"", ""id"": 40}",131847
84,64,13,0,50,add,"{""kind"": ""signal"", ""id"": 49}","{""kind"": ""dot"", ""id"": 44}",131904
85,64,13,1,53,add,"{""kind"": ""signal"", ""id"": 52}","{""kind"": ""dot"", ""id"": 45}",131905
86,64,13,2,56,add,"{""kind"": ""signal"", ""id"": 55}","{""kind"": ""dot"", ""id"": 46}",131906
87,64,13,3,59,add,"{""kind"": ""signal"", ""id"": 58}","{""kind"": ""dot"", ""id"": 47}",131907
88,64,13,4,108,sub,"{""kind"": ""signal"", ""id"": 58}","{""kind"": ""dot"", ""id"": 47}",131908
89,64,13,5,109,sub,"{""kind"": ""signal"", ""id"": 55}","{""kind"": ""dot"", ""id"": 46}",131909
90,64,13,6,110,sub,"{""kind"": ""signal"", ""id"": 52}","{""kind"": ""dot"", ""id"": 45}",131910
91,64,13,7,111,sub,"{""kind"": ""signal"", ""id"": 49}","{""kind"": ""dot"", ""id"": 44}",131911
92,64,14,0,61,add,"{""kind"": ""signal"", ""id"": 60}","{""kind"": ""dot"", ""id"": 48}",131968
93,64,14,1,63,add,"{""kind"": ""signal"", ""id"": 62}","{""kind"": ""dot"", ""id"": 49}",131969
94,64,14,2,65,add,"{""kind"": ""signal"", ""id"": 64}","{""kind"": ""dot"", ""id"": 50}",131970
95,64,14,3,67,add,"{""kind"": ""signal"", ""id"": 66}","{""kind"": ""dot"", ""id"": 51}",131971
96,64,14,4,104,sub,"{""kind"": ""signal"", ""id"": 66}","{""kind"": ""dot"", ""id"": 51}",131972
97,64,14,5,105,sub,"{""kind"": ""signal"", ""id"": 64}","{""kind"": ""dot"", ""id"": 50}",131973
98,64,14,6,106,sub,"{""kind"": ""signal"", ""id"": 62}","{""kind"": ""dot"", ""id"": 49}",131974
99,64,14,7,107,sub,"{""kind"": ""signal"", ""id"": 60}","{""kind"": ""dot"", ""id"": 48}",131975
100,64,15,0,69,add,"{""kind"": ""signal"", ""id"": 68}","{""kind"": ""dot"", ""id"": 52}",132032
101,64,15,1,71,add,"{""kind"": ""signal"", ""id"": 70}","{""kind"": ""dot"", ""id"": 53}",132033
102,64,15,2,73,add,"{""kind"": ""signal"", ""id"": 72}","{""kind"": ""dot"", ""id"": 54}",132034
103,64,15,3,75,add,"{""kind"": ""signal"", ""id"": 74}","{""kind"": ""dot"", ""id"": 55}",132035
104,64,15,4,100,sub,"{""kind"": ""signal"", ""id"": 74}","{""kind"": ""dot"", ""id"": 55}",132036
105,64,15,5,101,sub,"{""kind"": ""signal"", ""id"": 72}","{""kind"": ""dot"", ""id"": 54}",132037
106,64,15,6,102,sub,"{""kind"": ""signal"", ""id"": 70}","{""kind"": ""dot"", ""id"": 53}",132038
107,64,15,7,103,sub,"{""kind"": ""signal"", ""id"": 68}","{""kind"": ""dot"", ""id"": 52}",132039
108,64,16,0,77,add,"{""kind"": ""signal"", ""id"": 76}","{""kind"": ""dot"", ""id"": 56}",132096
109,64,16,1,79,add,"{""kind"": ""signal"", ""id"": 78}","{""kind"": ""dot"", ""id"": 57}",132097
110,64,16,2,81,add,"{""kind"": ""signal"", ""id"": 80}","{""kind"": ""dot"", ""id"": 58}",132098
111,64,16,3,83,add,"{""kind"": ""signal"", ""id"": 82}","{""kind"": ""dot"", ""id"": 59}",132099
112,64,16,4,96,sub,"{""kind"": ""signal"", ""id"": 82}","{""kind"": ""dot"", ""id"": 59}",132100
113,64,16,5,97,sub,"{""kind"": ""signal"", ""id"": 80}","{""kind"": ""dot"", ""id"": 58}",132101
114,64,16,6,98,sub,"{""kind"": ""signal"", ""id"": 78}","{""kind"": ""dot"", ""id"": 57}",132102
115,64,16,7,99,sub,"{""kind"": ""signal"", ""id"": 76}","{""kind"": ""dot"", ""id"": 56}",132103
116,64,17,0,85,add,"{""kind"": ""signal"", ""id"": 84}","{""kind"": ""dot"", ""id"": 60}",132160
117,64,17,1,87,add,"{""kind"": ""signal"", ""id"": 86}","{""kind"": ""dot"", ""id"": 61}",132161
118,64,17,2,89,add,"{""kind"": ""signal"", ""id"": 88}","{""kind"": ""dot"", ""id"": 62}",132162
119,64,17,3,91,add,"{""kind"": ""signal"", ""id"": 90}","{""kind"": ""dot"", ""id"": 63}",132163
120,64,17,4,92,sub,"{""kind"": ""signal"", ""id"": 90}","{""kind"": ""dot"", ""id"": 63}",132164
121,64,17,5,93,sub,"{""kind"": ""signal"", ""id"": 88}","{""kind"": ""dot"", ""id"": 62}",132165
122,64,17,6,94,sub,"{""kind"": ""signal"", ""id"": 86}","{""kind"": ""dot"", ""id"": 61}",132166
123,64,17,7,95,sub,"{""kind"": ""signal"", ""id"": 84}","{""kind"": ""dot"", ""id"": 60}",132167
