index,cell,pin,net,driver
1,p_0_out,CLK,<const0>,GND/G
1,p_0_out,RSTA,<const0>,GND/G
1,p_0_out,RSTB,<const0>,GND/G
1,p_0_out,RSTM,<const0>,GND/G
1,p_0_out,RSTP,<const0>,GND/G
1,p_0_out,CEA1,<const0>,GND/G
1,p_0_out,CEA2,<const0>,GND/G
1,p_0_out,CEAD,<const0>,GND/G
1,p_0_out,CEB1,<const0>,GND/G
1,p_0_out,CEB2,<const0>,GND/G
1,p_0_out,CEM,<const0>,GND/G
1,p_0_out,CEP,<const0>,GND/G
1,p_0_out,CECTRL,<const0>,GND/G
1,p_0_out,CED,<const0>,GND/G
1,p_0_out,CEINMODE,<const0>,GND/G
2,p_0_out__0,CLK,<const0>,GND/G
2,p_0_out__0,RSTA,<const0>,GND/G
2,p_0_out__0,RSTB,<const0>,GND/G
2,p_0_out__0,RSTM,<const0>,GND/G
2,p_0_out__0,RSTP,<const0>,GND/G
2,p_0_out__0,CEA1,<const0>,GND/G
2,p_0_out__0,CEA2,<const0>,GND/G
2,p_0_out__0,CEAD,<const0>,GND/G
2,p_0_out__0,CEB1,<const0>,GND/G
2,p_0_out__0,CEB2,<const0>,GND/G
2,p_0_out__0,CEM,<const0>,GND/G
2,p_0_out__0,CEP,<const0>,GND/G
2,p_0_out__0,CECTRL,<const0>,GND/G
2,p_0_out__0,CED,<const0>,GND/G
2,p_0_out__0,CEINMODE,<const0>,GND/G
3,p_0_out__0__0,CLK,<const0>,GND/G
3,p_0_out__0__0,RSTA,<const0>,GND/G
3,p_0_out__0__0,RSTB,<const0>,GND/G
3,p_0_out__0__0,RSTM,<const0>,GND/G
3,p_0_out__0__0,RSTP,<const0>,GND/G
3,p_0_out__0__0,CEA1,<const0>,GND/G
3,p_0_out__0__0,CEA2,<const0>,GND/G
3,p_0_out__0__0,CEAD,<const0>,GND/G
3,p_0_out__0__0,CEB1,<const0>,GND/G
3,p_0_out__0__0,CEB2,<const0>,GND/G
3,p_0_out__0__0,CEM,<const0>,GND/G
3,p_0_out__0__0,CEP,<const0>,GND/G
3,p_0_out__0__0,CECTRL,<const0>,GND/G
3,p_0_out__0__0,CED,<const0>,GND/G
3,p_0_out__0__0,CEINMODE,<const0>,GND/G
4,p_0_out__1,CLK,<const0>,GND/G
4,p_0_out__1,RSTA,<const0>,GND/G
4,p_0_out__1,RSTB,<const0>,GND/G
4,p_0_out__1,RSTM,<const0>,GND/G
4,p_0_out__1,RSTP,<const0>,GND/G
4,p_0_out__1,CEA1,<const0>,GND/G
4,p_0_out__1,CEA2,<const0>,GND/G
4,p_0_out__1,CEAD,<const0>,GND/G
4,p_0_out__1,CEB1,<const0>,GND/G
4,p_0_out__1,CEB2,<const0>,GND/G
4,p_0_out__1,CEM,<const0>,GND/G
4,p_0_out__1,CEP,<const0>,GND/G
4,p_0_out__1,CECTRL,<const0>,GND/G
4,p_0_out__1,CED,<const0>,GND/G
4,p_0_out__1,CEINMODE,<const0>,GND/G
5,p_0_out__10,CLK,<const0>,GND/G
5,p_0_out__10,RSTA,<const0>,GND/G
5,p_0_out__10,RSTB,<const0>,GND/G
5,p_0_out__10,RSTM,<const0>,GND/G
5,p_0_out__10,RSTP,<const0>,GND/G
5,p_0_out__10,CEA1,<const0>,GND/G
5,p_0_out__10,CEA2,<const0>,GND/G
5,p_0_out__10,CEAD,<const0>,GND/G
5,p_0_out__10,CEB1,<const0>,GND/G
5,p_0_out__10,CEB2,<const0>,GND/G
5,p_0_out__10,CEM,<const0>,GND/G
5,p_0_out__10,CEP,<const0>,GND/G
5,p_0_out__10,CECTRL,<const0>,GND/G
5,p_0_out__10,CED,<const0>,GND/G
5,p_0_out__10,CEINMODE,<const0>,GND/G
6,p_0_out__10__0,CLK,<const0>,GND/G
6,p_0_out__10__0,RSTA,<const0>,GND/G
6,p_0_out__10__0,RSTB,<const0>,GND/G
6,p_0_out__10__0,RSTM,<const0>,GND/G
6,p_0_out__10__0,RSTP,<const0>,GND/G
6,p_0_out__10__0,CEA1,<const0>,GND/G
6,p_0_out__10__0,CEA2,<const0>,GND/G
6,p_0_out__10__0,CEAD,<const0>,GND/G
6,p_0_out__10__0,CEB1,<const0>,GND/G
6,p_0_out__10__0,CEB2,<const0>,GND/G
6,p_0_out__10__0,CEM,<const0>,GND/G
6,p_0_out__10__0,CEP,<const0>,GND/G
6,p_0_out__10__0,CECTRL,<const0>,GND/G
6,p_0_out__10__0,CED,<const0>,GND/G
6,p_0_out__10__0,CEINMODE,<const0>,GND/G
7,p_0_out__11,CLK,<const0>,GND/G
7,p_0_out__11,RSTA,<const0>,GND/G
7,p_0_out__11,RSTB,<const0>,GND/G
7,p_0_out__11,RSTM,<const0>,GND/G
7,p_0_out__11,RSTP,<const0>,GND/G
7,p_0_out__11,CEA1,<const0>,GND/G
7,p_0_out__11,CEA2,<const0>,GND/G
7,p_0_out__11,CEAD,<const0>,GND/G
7,p_0_out__11,CEB1,<const0>,GND/G
7,p_0_out__11,CEB2,<const0>,GND/G
7,p_0_out__11,CEM,<const0>,GND/G
7,p_0_out__11,CEP,<const0>,GND/G
7,p_0_out__11,CECTRL,<const0>,GND/G
7,p_0_out__11,CED,<const0>,GND/G
7,p_0_out__11,CEINMODE,<const0>,GND/G
8,p_0_out__11__0,CLK,<const0>,GND/G
8,p_0_out__11__0,RSTA,<const0>,GND/G
8,p_0_out__11__0,RSTB,<const0>,GND/G
8,p_0_out__11__0,RSTM,<const0>,GND/G
8,p_0_out__11__0,RSTP,<const0>,GND/G
8,p_0_out__11__0,CEA1,<const0>,GND/G
8,p_0_out__11__0,CEA2,<const0>,GND/G
8,p_0_out__11__0,CEAD,<const0>,GND/G
8,p_0_out__11__0,CEB1,<const0>,GND/G
8,p_0_out__11__0,CEB2,<const0>,GND/G
8,p_0_out__11__0,CEM,<const0>,GND/G
8,p_0_out__11__0,CEP,<const0>,GND/G
8,p_0_out__11__0,CECTRL,<const0>,GND/G
8,p_0_out__11__0,CED,<const0>,GND/G
8,p_0_out__11__0,CEINMODE,<const0>,GND/G
9,p_0_out__12,CLK,<const0>,GND/G
9,p_0_out__12,RSTA,<const0>,GND/G
9,p_0_out__12,RSTB,<const0>,GND/G
9,p_0_out__12,RSTM,<const0>,GND/G
9,p_0_out__12,RSTP,<const0>,GND/G
9,p_0_out__12,CEA1,<const0>,GND/G
9,p_0_out__12,CEA2,<const0>,GND/G
9,p_0_out__12,CEAD,<const0>,GND/G
9,p_0_out__12,CEB1,<const0>,GND/G
9,p_0_out__12,CEB2,<const0>,GND/G
9,p_0_out__12,CEM,<const0>,GND/G
9,p_0_out__12,CEP,<const0>,GND/G
9,p_0_out__12,CECTRL,<const0>,GND/G
9,p_0_out__12,CED,<const0>,GND/G
9,p_0_out__12,CEINMODE,<const0>,GND/G
10,p_0_out__12__0,CLK,<const0>,GND/G
10,p_0_out__12__0,RSTA,<const0>,GND/G
10,p_0_out__12__0,RSTB,<const0>,GND/G
10,p_0_out__12__0,RSTM,<const0>,GND/G
10,p_0_out__12__0,RSTP,<const0>,GND/G
10,p_0_out__12__0,CEA1,<const0>,GND/G
10,p_0_out__12__0,CEA2,<const0>,GND/G
10,p_0_out__12__0,CEAD,<const0>,GND/G
10,p_0_out__12__0,CEB1,<const0>,GND/G
10,p_0_out__12__0,CEB2,<const0>,GND/G
10,p_0_out__12__0,CEM,<const0>,GND/G
10,p_0_out__12__0,CEP,<const0>,GND/G
10,p_0_out__12__0,CECTRL,<const0>,GND/G
10,p_0_out__12__0,CED,<const0>,GND/G
10,p_0_out__12__0,CEINMODE,<const0>,GND/G
11,p_0_out__13,CLK,<const0>,GND/G
11,p_0_out__13,RSTA,<const0>,GND/G
11,p_0_out__13,RSTB,<const0>,GND/G
11,p_0_out__13,RSTM,<const0>,GND/G
11,p_0_out__13,RSTP,<const0>,GND/G
11,p_0_out__13,CEA1,<const0>,GND/G
11,p_0_out__13,CEA2,<const0>,GND/G
11,p_0_out__13,CEAD,<const0>,GND/G
11,p_0_out__13,CEB1,<const0>,GND/G
11,p_0_out__13,CEB2,<const0>,GND/G
11,p_0_out__13,CEM,<const0>,GND/G
11,p_0_out__13,CEP,<const0>,GND/G
11,p_0_out__13,CECTRL,<const0>,GND/G
11,p_0_out__13,CED,<const0>,GND/G
11,p_0_out__13,CEINMODE,<const0>,GND/G
12,p_0_out__13__0,CLK,<const0>,GND/G
12,p_0_out__13__0,RSTA,<const0>,GND/G
12,p_0_out__13__0,RSTB,<const0>,GND/G
12,p_0_out__13__0,RSTM,<const0>,GND/G
12,p_0_out__13__0,RSTP,<const0>,GND/G
12,p_0_out__13__0,CEA1,<const0>,GND/G
12,p_0_out__13__0,CEA2,<const0>,GND/G
12,p_0_out__13__0,CEAD,<const0>,GND/G
12,p_0_out__13__0,CEB1,<const0>,GND/G
12,p_0_out__13__0,CEB2,<const0>,GND/G
12,p_0_out__13__0,CEM,<const0>,GND/G
12,p_0_out__13__0,CEP,<const0>,GND/G
12,p_0_out__13__0,CECTRL,<const0>,GND/G
12,p_0_out__13__0,CED,<const0>,GND/G
12,p_0_out__13__0,CEINMODE,<const0>,GND/G
13,p_0_out__14,CLK,<const0>,GND/G
13,p_0_out__14,RSTA,<const0>,GND/G
13,p_0_out__14,RSTB,<const0>,GND/G
13,p_0_out__14,RSTM,<const0>,GND/G
13,p_0_out__14,RSTP,<const0>,GND/G
13,p_0_out__14,CEA1,<const0>,GND/G
13,p_0_out__14,CEA2,<const0>,GND/G
13,p_0_out__14,CEAD,<const0>,GND/G
13,p_0_out__14,CEB1,<const0>,GND/G
13,p_0_out__14,CEB2,<const0>,GND/G
13,p_0_out__14,CEM,<const0>,GND/G
13,p_0_out__14,CEP,<const0>,GND/G
13,p_0_out__14,CECTRL,<const0>,GND/G
13,p_0_out__14,CED,<const0>,GND/G
13,p_0_out__14,CEINMODE,<const0>,GND/G
14,p_0_out__14__0,CLK,<const0>,GND/G
14,p_0_out__14__0,RSTA,<const0>,GND/G
14,p_0_out__14__0,RSTB,<const0>,GND/G
14,p_0_out__14__0,RSTM,<const0>,GND/G
14,p_0_out__14__0,RSTP,<const0>,GND/G
14,p_0_out__14__0,CEA1,<const0>,GND/G
14,p_0_out__14__0,CEA2,<const0>,GND/G
14,p_0_out__14__0,CEAD,<const0>,GND/G
14,p_0_out__14__0,CEB1,<const0>,GND/G
14,p_0_out__14__0,CEB2,<const0>,GND/G
14,p_0_out__14__0,CEM,<const0>,GND/G
14,p_0_out__14__0,CEP,<const0>,GND/G
14,p_0_out__14__0,CECTRL,<const0>,GND/G
14,p_0_out__14__0,CED,<const0>,GND/G
14,p_0_out__14__0,CEINMODE,<const0>,GND/G
15,p_0_out__15,CLK,<const0>,GND/G
15,p_0_out__15,RSTA,<const0>,GND/G
15,p_0_out__15,RSTB,<const0>,GND/G
15,p_0_out__15,RSTM,<const0>,GND/G
15,p_0_out__15,RSTP,<const0>,GND/G
15,p_0_out__15,CEA1,<const0>,GND/G
15,p_0_out__15,CEA2,<const0>,GND/G
15,p_0_out__15,CEAD,<const0>,GND/G
15,p_0_out__15,CEB1,<const0>,GND/G
15,p_0_out__15,CEB2,<const0>,GND/G
15,p_0_out__15,CEM,<const0>,GND/G
15,p_0_out__15,CEP,<const0>,GND/G
15,p_0_out__15,CECTRL,<const0>,GND/G
15,p_0_out__15,CED,<const0>,GND/G
15,p_0_out__15,CEINMODE,<const0>,GND/G
16,p_0_out__15__0,CLK,<const0>,GND/G
16,p_0_out__15__0,RSTA,<const0>,GND/G
16,p_0_out__15__0,RSTB,<const0>,GND/G
16,p_0_out__15__0,RSTM,<const0>,GND/G
16,p_0_out__15__0,RSTP,<const0>,GND/G
16,p_0_out__15__0,CEA1,<const0>,GND/G
16,p_0_out__15__0,CEA2,<const0>,GND/G
16,p_0_out__15__0,CEAD,<const0>,GND/G
16,p_0_out__15__0,CEB1,<const0>,GND/G
16,p_0_out__15__0,CEB2,<const0>,GND/G
16,p_0_out__15__0,CEM,<const0>,GND/G
16,p_0_out__15__0,CEP,<const0>,GND/G
16,p_0_out__15__0,CECTRL,<const0>,GND/G
16,p_0_out__15__0,CED,<const0>,GND/G
16,p_0_out__15__0,CEINMODE,<const0>,GND/G
17,p_0_out__16,CLK,<const0>,GND/G
17,p_0_out__16,RSTA,<const0>,GND/G
17,p_0_out__16,RSTB,<const0>,GND/G
17,p_0_out__16,RSTM,<const0>,GND/G
17,p_0_out__16,RSTP,<const0>,GND/G
17,p_0_out__16,CEA1,<const0>,GND/G
17,p_0_out__16,CEA2,<const0>,GND/G
17,p_0_out__16,CEAD,<const0>,GND/G
17,p_0_out__16,CEB1,<const0>,GND/G
17,p_0_out__16,CEB2,<const0>,GND/G
17,p_0_out__16,CEM,<const0>,GND/G
17,p_0_out__16,CEP,<const0>,GND/G
17,p_0_out__16,CECTRL,<const0>,GND/G
17,p_0_out__16,CED,<const0>,GND/G
17,p_0_out__16,CEINMODE,<const0>,GND/G
18,p_0_out__16__0,CLK,<const0>,GND/G
18,p_0_out__16__0,RSTA,<const0>,GND/G
18,p_0_out__16__0,RSTB,<const0>,GND/G
18,p_0_out__16__0,RSTM,<const0>,GND/G
18,p_0_out__16__0,RSTP,<const0>,GND/G
18,p_0_out__16__0,CEA1,<const0>,GND/G
18,p_0_out__16__0,CEA2,<const0>,GND/G
18,p_0_out__16__0,CEAD,<const0>,GND/G
18,p_0_out__16__0,CEB1,<const0>,GND/G
18,p_0_out__16__0,CEB2,<const0>,GND/G
18,p_0_out__16__0,CEM,<const0>,GND/G
18,p_0_out__16__0,CEP,<const0>,GND/G
18,p_0_out__16__0,CECTRL,<const0>,GND/G
18,p_0_out__16__0,CED,<const0>,GND/G
18,p_0_out__16__0,CEINMODE,<const0>,GND/G
19,p_0_out__17,CLK,<const0>,GND/G
19,p_0_out__17,RSTA,<const0>,GND/G
19,p_0_out__17,RSTB,<const0>,GND/G
19,p_0_out__17,RSTM,<const0>,GND/G
19,p_0_out__17,RSTP,<const0>,GND/G
19,p_0_out__17,CEA1,<const0>,GND/G
19,p_0_out__17,CEA2,<const0>,GND/G
19,p_0_out__17,CEAD,<const0>,GND/G
19,p_0_out__17,CEB1,<const0>,GND/G
19,p_0_out__17,CEB2,<const0>,GND/G
19,p_0_out__17,CEM,<const0>,GND/G
19,p_0_out__17,CEP,<const0>,GND/G
19,p_0_out__17,CECTRL,<const0>,GND/G
19,p_0_out__17,CED,<const0>,GND/G
19,p_0_out__17,CEINMODE,<const0>,GND/G
20,p_0_out__17__0,CLK,<const0>,GND/G
20,p_0_out__17__0,RSTA,<const0>,GND/G
20,p_0_out__17__0,RSTB,<const0>,GND/G
20,p_0_out__17__0,RSTM,<const0>,GND/G
20,p_0_out__17__0,RSTP,<const0>,GND/G
20,p_0_out__17__0,CEA1,<const0>,GND/G
20,p_0_out__17__0,CEA2,<const0>,GND/G
20,p_0_out__17__0,CEAD,<const0>,GND/G
20,p_0_out__17__0,CEB1,<const0>,GND/G
20,p_0_out__17__0,CEB2,<const0>,GND/G
20,p_0_out__17__0,CEM,<const0>,GND/G
20,p_0_out__17__0,CEP,<const0>,GND/G
20,p_0_out__17__0,CECTRL,<const0>,GND/G
20,p_0_out__17__0,CED,<const0>,GND/G
20,p_0_out__17__0,CEINMODE,<const0>,GND/G
21,p_0_out__18,CLK,<const0>,GND/G
21,p_0_out__18,RSTA,<const0>,GND/G
21,p_0_out__18,RSTB,<const0>,GND/G
21,p_0_out__18,RSTM,<const0>,GND/G
21,p_0_out__18,RSTP,<const0>,GND/G
21,p_0_out__18,CEA1,<const0>,GND/G
21,p_0_out__18,CEA2,<const0>,GND/G
21,p_0_out__18,CEAD,<const0>,GND/G
21,p_0_out__18,CEB1,<const0>,GND/G
21,p_0_out__18,CEB2,<const0>,GND/G
21,p_0_out__18,CEM,<const0>,GND/G
21,p_0_out__18,CEP,<const0>,GND/G
21,p_0_out__18,CECTRL,<const0>,GND/G
21,p_0_out__18,CED,<const0>,GND/G
21,p_0_out__18,CEINMODE,<const0>,GND/G
22,p_0_out__18__0,CLK,<const0>,GND/G
22,p_0_out__18__0,RSTA,<const0>,GND/G
22,p_0_out__18__0,RSTB,<const0>,GND/G
22,p_0_out__18__0,RSTM,<const0>,GND/G
22,p_0_out__18__0,RSTP,<const0>,GND/G
22,p_0_out__18__0,CEA1,<const0>,GND/G
22,p_0_out__18__0,CEA2,<const0>,GND/G
22,p_0_out__18__0,CEAD,<const0>,GND/G
22,p_0_out__18__0,CEB1,<const0>,GND/G
22,p_0_out__18__0,CEB2,<const0>,GND/G
22,p_0_out__18__0,CEM,<const0>,GND/G
22,p_0_out__18__0,CEP,<const0>,GND/G
22,p_0_out__18__0,CECTRL,<const0>,GND/G
22,p_0_out__18__0,CED,<const0>,GND/G
22,p_0_out__18__0,CEINMODE,<const0>,GND/G
23,p_0_out__19,CLK,<const0>,GND/G
23,p_0_out__19,RSTA,<const0>,GND/G
23,p_0_out__19,RSTB,<const0>,GND/G
23,p_0_out__19,RSTM,<const0>,GND/G
23,p_0_out__19,RSTP,<const0>,GND/G
23,p_0_out__19,CEA1,<const0>,GND/G
23,p_0_out__19,CEA2,<const0>,GND/G
23,p_0_out__19,CEAD,<const0>,GND/G
23,p_0_out__19,CEB1,<const0>,GND/G
23,p_0_out__19,CEB2,<const0>,GND/G
23,p_0_out__19,CEM,<const0>,GND/G
23,p_0_out__19,CEP,<const0>,GND/G
23,p_0_out__19,CECTRL,<const0>,GND/G
23,p_0_out__19,CED,<const0>,GND/G
23,p_0_out__19,CEINMODE,<const0>,GND/G
24,p_0_out__19__0,CLK,<const0>,GND/G
24,p_0_out__19__0,RSTA,<const0>,GND/G
24,p_0_out__19__0,RSTB,<const0>,GND/G
24,p_0_out__19__0,RSTM,<const0>,GND/G
24,p_0_out__19__0,RSTP,<const0>,GND/G
24,p_0_out__19__0,CEA1,<const0>,GND/G
24,p_0_out__19__0,CEA2,<const0>,GND/G
24,p_0_out__19__0,CEAD,<const0>,GND/G
24,p_0_out__19__0,CEB1,<const0>,GND/G
24,p_0_out__19__0,CEB2,<const0>,GND/G
24,p_0_out__19__0,CEM,<const0>,GND/G
24,p_0_out__19__0,CEP,<const0>,GND/G
24,p_0_out__19__0,CECTRL,<const0>,GND/G
24,p_0_out__19__0,CED,<const0>,GND/G
24,p_0_out__19__0,CEINMODE,<const0>,GND/G
25,p_0_out__1__0,CLK,<const0>,GND/G
25,p_0_out__1__0,RSTA,<const0>,GND/G
25,p_0_out__1__0,RSTB,<const0>,GND/G
25,p_0_out__1__0,RSTM,<const0>,GND/G
25,p_0_out__1__0,RSTP,<const0>,GND/G
25,p_0_out__1__0,CEA1,<const0>,GND/G
25,p_0_out__1__0,CEA2,<const0>,GND/G
25,p_0_out__1__0,CEAD,<const0>,GND/G
25,p_0_out__1__0,CEB1,<const0>,GND/G
25,p_0_out__1__0,CEB2,<const0>,GND/G
25,p_0_out__1__0,CEM,<const0>,GND/G
25,p_0_out__1__0,CEP,<const0>,GND/G
25,p_0_out__1__0,CECTRL,<const0>,GND/G
25,p_0_out__1__0,CED,<const0>,GND/G
25,p_0_out__1__0,CEINMODE,<const0>,GND/G
26,p_0_out__2,CLK,<const0>,GND/G
26,p_0_out__2,RSTA,<const0>,GND/G
26,p_0_out__2,RSTB,<const0>,GND/G
26,p_0_out__2,RSTM,<const0>,GND/G
26,p_0_out__2,RSTP,<const0>,GND/G
26,p_0_out__2,CEA1,<const0>,GND/G
26,p_0_out__2,CEA2,<const0>,GND/G
26,p_0_out__2,CEAD,<const0>,GND/G
26,p_0_out__2,CEB1,<const0>,GND/G
26,p_0_out__2,CEB2,<const0>,GND/G
26,p_0_out__2,CEM,<const0>,GND/G
26,p_0_out__2,CEP,<const0>,GND/G
26,p_0_out__2,CECTRL,<const0>,GND/G
26,p_0_out__2,CED,<const0>,GND/G
26,p_0_out__2,CEINMODE,<const0>,GND/G
27,p_0_out__20,CLK,<const0>,GND/G
27,p_0_out__20,RSTA,<const0>,GND/G
27,p_0_out__20,RSTB,<const0>,GND/G
27,p_0_out__20,RSTM,<const0>,GND/G
27,p_0_out__20,RSTP,<const0>,GND/G
27,p_0_out__20,CEA1,<const0>,GND/G
27,p_0_out__20,CEA2,<const0>,GND/G
27,p_0_out__20,CEAD,<const0>,GND/G
27,p_0_out__20,CEB1,<const0>,GND/G
27,p_0_out__20,CEB2,<const0>,GND/G
27,p_0_out__20,CEM,<const0>,GND/G
27,p_0_out__20,CEP,<const0>,GND/G
27,p_0_out__20,CECTRL,<const0>,GND/G
27,p_0_out__20,CED,<const0>,GND/G
27,p_0_out__20,CEINMODE,<const0>,GND/G
28,p_0_out__20__0,CLK,<const0>,GND/G
28,p_0_out__20__0,RSTA,<const0>,GND/G
28,p_0_out__20__0,RSTB,<const0>,GND/G
28,p_0_out__20__0,RSTM,<const0>,GND/G
28,p_0_out__20__0,RSTP,<const0>,GND/G
28,p_0_out__20__0,CEA1,<const0>,GND/G
28,p_0_out__20__0,CEA2,<const0>,GND/G
28,p_0_out__20__0,CEAD,<const0>,GND/G
28,p_0_out__20__0,CEB1,<const0>,GND/G
28,p_0_out__20__0,CEB2,<const0>,GND/G
28,p_0_out__20__0,CEM,<const0>,GND/G
28,p_0_out__20__0,CEP,<const0>,GND/G
28,p_0_out__20__0,CECTRL,<const0>,GND/G
28,p_0_out__20__0,CED,<const0>,GND/G
28,p_0_out__20__0,CEINMODE,<const0>,GND/G
29,p_0_out__21,CLK,<const0>,GND/G
29,p_0_out__21,RSTA,<const0>,GND/G
29,p_0_out__21,RSTB,<const0>,GND/G
29,p_0_out__21,RSTM,<const0>,GND/G
29,p_0_out__21,RSTP,<const0>,GND/G
29,p_0_out__21,CEA1,<const0>,GND/G
29,p_0_out__21,CEA2,<const0>,GND/G
29,p_0_out__21,CEAD,<const0>,GND/G
29,p_0_out__21,CEB1,<const0>,GND/G
29,p_0_out__21,CEB2,<const0>,GND/G
29,p_0_out__21,CEM,<const0>,GND/G
29,p_0_out__21,CEP,<const0>,GND/G
29,p_0_out__21,CECTRL,<const0>,GND/G
29,p_0_out__21,CED,<const0>,GND/G
29,p_0_out__21,CEINMODE,<const0>,GND/G
30,p_0_out__21__0,CLK,<const0>,GND/G
30,p_0_out__21__0,RSTA,<const0>,GND/G
30,p_0_out__21__0,RSTB,<const0>,GND/G
30,p_0_out__21__0,RSTM,<const0>,GND/G
30,p_0_out__21__0,RSTP,<const0>,GND/G
30,p_0_out__21__0,CEA1,<const0>,GND/G
30,p_0_out__21__0,CEA2,<const0>,GND/G
30,p_0_out__21__0,CEAD,<const0>,GND/G
30,p_0_out__21__0,CEB1,<const0>,GND/G
30,p_0_out__21__0,CEB2,<const0>,GND/G
30,p_0_out__21__0,CEM,<const0>,GND/G
30,p_0_out__21__0,CEP,<const0>,GND/G
30,p_0_out__21__0,CECTRL,<const0>,GND/G
30,p_0_out__21__0,CED,<const0>,GND/G
30,p_0_out__21__0,CEINMODE,<const0>,GND/G
31,p_0_out__22,CLK,<const0>,GND/G
31,p_0_out__22,RSTA,<const0>,GND/G
31,p_0_out__22,RSTB,<const0>,GND/G
31,p_0_out__22,RSTM,<const0>,GND/G
31,p_0_out__22,RSTP,<const0>,GND/G
31,p_0_out__22,CEA1,<const0>,GND/G
31,p_0_out__22,CEA2,<const0>,GND/G
31,p_0_out__22,CEAD,<const0>,GND/G
31,p_0_out__22,CEB1,<const0>,GND/G
31,p_0_out__22,CEB2,<const0>,GND/G
31,p_0_out__22,CEM,<const0>,GND/G
31,p_0_out__22,CEP,<const0>,GND/G
31,p_0_out__22,CECTRL,<const0>,GND/G
31,p_0_out__22,CED,<const0>,GND/G
31,p_0_out__22,CEINMODE,<const0>,GND/G
32,p_0_out__22__0,CLK,<const0>,GND/G
32,p_0_out__22__0,RSTA,<const0>,GND/G
32,p_0_out__22__0,RSTB,<const0>,GND/G
32,p_0_out__22__0,RSTM,<const0>,GND/G
32,p_0_out__22__0,RSTP,<const0>,GND/G
32,p_0_out__22__0,CEA1,<const0>,GND/G
32,p_0_out__22__0,CEA2,<const0>,GND/G
32,p_0_out__22__0,CEAD,<const0>,GND/G
32,p_0_out__22__0,CEB1,<const0>,GND/G
32,p_0_out__22__0,CEB2,<const0>,GND/G
32,p_0_out__22__0,CEM,<const0>,GND/G
32,p_0_out__22__0,CEP,<const0>,GND/G
32,p_0_out__22__0,CECTRL,<const0>,GND/G
32,p_0_out__22__0,CED,<const0>,GND/G
32,p_0_out__22__0,CEINMODE,<const0>,GND/G
33,p_0_out__23,CLK,<const0>,GND/G
33,p_0_out__23,RSTA,<const0>,GND/G
33,p_0_out__23,RSTB,<const0>,GND/G
33,p_0_out__23,RSTM,<const0>,GND/G
33,p_0_out__23,RSTP,<const0>,GND/G
33,p_0_out__23,CEA1,<const0>,GND/G
33,p_0_out__23,CEA2,<const0>,GND/G
33,p_0_out__23,CEAD,<const0>,GND/G
33,p_0_out__23,CEB1,<const0>,GND/G
33,p_0_out__23,CEB2,<const0>,GND/G
33,p_0_out__23,CEM,<const0>,GND/G
33,p_0_out__23,CEP,<const0>,GND/G
33,p_0_out__23,CECTRL,<const0>,GND/G
33,p_0_out__23,CED,<const0>,GND/G
33,p_0_out__23,CEINMODE,<const0>,GND/G
34,p_0_out__23__0,CLK,<const0>,GND/G
34,p_0_out__23__0,RSTA,<const0>,GND/G
34,p_0_out__23__0,RSTB,<const0>,GND/G
34,p_0_out__23__0,RSTM,<const0>,GND/G
34,p_0_out__23__0,RSTP,<const0>,GND/G
34,p_0_out__23__0,CEA1,<const0>,GND/G
34,p_0_out__23__0,CEA2,<const0>,GND/G
34,p_0_out__23__0,CEAD,<const0>,GND/G
34,p_0_out__23__0,CEB1,<const0>,GND/G
34,p_0_out__23__0,CEB2,<const0>,GND/G
34,p_0_out__23__0,CEM,<const0>,GND/G
34,p_0_out__23__0,CEP,<const0>,GND/G
34,p_0_out__23__0,CECTRL,<const0>,GND/G
34,p_0_out__23__0,CED,<const0>,GND/G
34,p_0_out__23__0,CEINMODE,<const0>,GND/G
35,p_0_out__24,CLK,<const0>,GND/G
35,p_0_out__24,RSTA,<const0>,GND/G
35,p_0_out__24,RSTB,<const0>,GND/G
35,p_0_out__24,RSTM,<const0>,GND/G
35,p_0_out__24,RSTP,<const0>,GND/G
35,p_0_out__24,CEA1,<const0>,GND/G
35,p_0_out__24,CEA2,<const0>,GND/G
35,p_0_out__24,CEAD,<const0>,GND/G
35,p_0_out__24,CEB1,<const0>,GND/G
35,p_0_out__24,CEB2,<const0>,GND/G
35,p_0_out__24,CEM,<const0>,GND/G
35,p_0_out__24,CEP,<const0>,GND/G
35,p_0_out__24,CECTRL,<const0>,GND/G
35,p_0_out__24,CED,<const0>,GND/G
35,p_0_out__24,CEINMODE,<const0>,GND/G
36,p_0_out__24__0,CLK,<const0>,GND/G
36,p_0_out__24__0,RSTA,<const0>,GND/G
36,p_0_out__24__0,RSTB,<const0>,GND/G
36,p_0_out__24__0,RSTM,<const0>,GND/G
36,p_0_out__24__0,RSTP,<const0>,GND/G
36,p_0_out__24__0,CEA1,<const0>,GND/G
36,p_0_out__24__0,CEA2,<const0>,GND/G
36,p_0_out__24__0,CEAD,<const0>,GND/G
36,p_0_out__24__0,CEB1,<const0>,GND/G
36,p_0_out__24__0,CEB2,<const0>,GND/G
36,p_0_out__24__0,CEM,<const0>,GND/G
36,p_0_out__24__0,CEP,<const0>,GND/G
36,p_0_out__24__0,CECTRL,<const0>,GND/G
36,p_0_out__24__0,CED,<const0>,GND/G
36,p_0_out__24__0,CEINMODE,<const0>,GND/G
37,p_0_out__25,CLK,<const0>,GND/G
37,p_0_out__25,RSTA,<const0>,GND/G
37,p_0_out__25,RSTB,<const0>,GND/G
37,p_0_out__25,RSTM,<const0>,GND/G
37,p_0_out__25,RSTP,<const0>,GND/G
37,p_0_out__25,CEA1,<const0>,GND/G
37,p_0_out__25,CEA2,<const0>,GND/G
37,p_0_out__25,CEAD,<const0>,GND/G
37,p_0_out__25,CEB1,<const0>,GND/G
37,p_0_out__25,CEB2,<const0>,GND/G
37,p_0_out__25,CEM,<const0>,GND/G
37,p_0_out__25,CEP,<const0>,GND/G
37,p_0_out__25,CECTRL,<const0>,GND/G
37,p_0_out__25,CED,<const0>,GND/G
37,p_0_out__25,CEINMODE,<const0>,GND/G
38,p_0_out__25__0,CLK,<const0>,GND/G
38,p_0_out__25__0,RSTA,<const0>,GND/G
38,p_0_out__25__0,RSTB,<const0>,GND/G
38,p_0_out__25__0,RSTM,<const0>,GND/G
38,p_0_out__25__0,RSTP,<const0>,GND/G
38,p_0_out__25__0,CEA1,<const0>,GND/G
38,p_0_out__25__0,CEA2,<const0>,GND/G
38,p_0_out__25__0,CEAD,<const0>,GND/G
38,p_0_out__25__0,CEB1,<const0>,GND/G
38,p_0_out__25__0,CEB2,<const0>,GND/G
38,p_0_out__25__0,CEM,<const0>,GND/G
38,p_0_out__25__0,CEP,<const0>,GND/G
38,p_0_out__25__0,CECTRL,<const0>,GND/G
38,p_0_out__25__0,CED,<const0>,GND/G
38,p_0_out__25__0,CEINMODE,<const0>,GND/G
39,p_0_out__26,CLK,<const0>,GND/G
39,p_0_out__26,RSTA,<const0>,GND/G
39,p_0_out__26,RSTB,<const0>,GND/G
39,p_0_out__26,RSTM,<const0>,GND/G
39,p_0_out__26,RSTP,<const0>,GND/G
39,p_0_out__26,CEA1,<const0>,GND/G
39,p_0_out__26,CEA2,<const0>,GND/G
39,p_0_out__26,CEAD,<const0>,GND/G
39,p_0_out__26,CEB1,<const0>,GND/G
39,p_0_out__26,CEB2,<const0>,GND/G
39,p_0_out__26,CEM,<const0>,GND/G
39,p_0_out__26,CEP,<const0>,GND/G
39,p_0_out__26,CECTRL,<const0>,GND/G
39,p_0_out__26,CED,<const0>,GND/G
39,p_0_out__26,CEINMODE,<const0>,GND/G
40,p_0_out__26__0,CLK,<const0>,GND/G
40,p_0_out__26__0,RSTA,<const0>,GND/G
40,p_0_out__26__0,RSTB,<const0>,GND/G
40,p_0_out__26__0,RSTM,<const0>,GND/G
40,p_0_out__26__0,RSTP,<const0>,GND/G
40,p_0_out__26__0,CEA1,<const0>,GND/G
40,p_0_out__26__0,CEA2,<const0>,GND/G
40,p_0_out__26__0,CEAD,<const0>,GND/G
40,p_0_out__26__0,CEB1,<const0>,GND/G
40,p_0_out__26__0,CEB2,<const0>,GND/G
40,p_0_out__26__0,CEM,<const0>,GND/G
40,p_0_out__26__0,CEP,<const0>,GND/G
40,p_0_out__26__0,CECTRL,<const0>,GND/G
40,p_0_out__26__0,CED,<const0>,GND/G
40,p_0_out__26__0,CEINMODE,<const0>,GND/G
41,p_0_out__27,CLK,<const0>,GND/G
41,p_0_out__27,RSTA,<const0>,GND/G
41,p_0_out__27,RSTB,<const0>,GND/G
41,p_0_out__27,RSTM,<const0>,GND/G
41,p_0_out__27,RSTP,<const0>,GND/G
41,p_0_out__27,CEA1,<const0>,GND/G
41,p_0_out__27,CEA2,<const0>,GND/G
41,p_0_out__27,CEAD,<const0>,GND/G
41,p_0_out__27,CEB1,<const0>,GND/G
41,p_0_out__27,CEB2,<const0>,GND/G
41,p_0_out__27,CEM,<const0>,GND/G
41,p_0_out__27,CEP,<const0>,GND/G
41,p_0_out__27,CECTRL,<const0>,GND/G
41,p_0_out__27,CED,<const0>,GND/G
41,p_0_out__27,CEINMODE,<const0>,GND/G
42,p_0_out__27__0,CLK,<const0>,GND/G
42,p_0_out__27__0,RSTA,<const0>,GND/G
42,p_0_out__27__0,RSTB,<const0>,GND/G
42,p_0_out__27__0,RSTM,<const0>,GND/G
42,p_0_out__27__0,RSTP,<const0>,GND/G
42,p_0_out__27__0,CEA1,<const0>,GND/G
42,p_0_out__27__0,CEA2,<const0>,GND/G
42,p_0_out__27__0,CEAD,<const0>,GND/G
42,p_0_out__27__0,CEB1,<const0>,GND/G
42,p_0_out__27__0,CEB2,<const0>,GND/G
42,p_0_out__27__0,CEM,<const0>,GND/G
42,p_0_out__27__0,CEP,<const0>,GND/G
42,p_0_out__27__0,CECTRL,<const0>,GND/G
42,p_0_out__27__0,CED,<const0>,GND/G
42,p_0_out__27__0,CEINMODE,<const0>,GND/G
43,p_0_out__28,CLK,<const0>,GND/G
43,p_0_out__28,RSTA,<const0>,GND/G
43,p_0_out__28,RSTB,<const0>,GND/G
43,p_0_out__28,RSTM,<const0>,GND/G
43,p_0_out__28,RSTP,<const0>,GND/G
43,p_0_out__28,CEA1,<const0>,GND/G
43,p_0_out__28,CEA2,<const0>,GND/G
43,p_0_out__28,CEAD,<const0>,GND/G
43,p_0_out__28,CEB1,<const0>,GND/G
43,p_0_out__28,CEB2,<const0>,GND/G
43,p_0_out__28,CEM,<const0>,GND/G
43,p_0_out__28,CEP,<const0>,GND/G
43,p_0_out__28,CECTRL,<const0>,GND/G
43,p_0_out__28,CED,<const0>,GND/G
43,p_0_out__28,CEINMODE,<const0>,GND/G
44,p_0_out__28__0,CLK,<const0>,GND/G
44,p_0_out__28__0,RSTA,<const0>,GND/G
44,p_0_out__28__0,RSTB,<const0>,GND/G
44,p_0_out__28__0,RSTM,<const0>,GND/G
44,p_0_out__28__0,RSTP,<const0>,GND/G
44,p_0_out__28__0,CEA1,<const0>,GND/G
44,p_0_out__28__0,CEA2,<const0>,GND/G
44,p_0_out__28__0,CEAD,<const0>,GND/G
44,p_0_out__28__0,CEB1,<const0>,GND/G
44,p_0_out__28__0,CEB2,<const0>,GND/G
44,p_0_out__28__0,CEM,<const0>,GND/G
44,p_0_out__28__0,CEP,<const0>,GND/G
44,p_0_out__28__0,CECTRL,<const0>,GND/G
44,p_0_out__28__0,CED,<const0>,GND/G
44,p_0_out__28__0,CEINMODE,<const0>,GND/G
45,p_0_out__29,CLK,<const0>,GND/G
45,p_0_out__29,RSTA,<const0>,GND/G
45,p_0_out__29,RSTB,<const0>,GND/G
45,p_0_out__29,RSTM,<const0>,GND/G
45,p_0_out__29,RSTP,<const0>,GND/G
45,p_0_out__29,CEA1,<const0>,GND/G
45,p_0_out__29,CEA2,<const0>,GND/G
45,p_0_out__29,CEAD,<const0>,GND/G
45,p_0_out__29,CEB1,<const0>,GND/G
45,p_0_out__29,CEB2,<const0>,GND/G
45,p_0_out__29,CEM,<const0>,GND/G
45,p_0_out__29,CEP,<const0>,GND/G
45,p_0_out__29,CECTRL,<const0>,GND/G
45,p_0_out__29,CED,<const0>,GND/G
45,p_0_out__29,CEINMODE,<const0>,GND/G
46,p_0_out__29__0,CLK,<const0>,GND/G
46,p_0_out__29__0,RSTA,<const0>,GND/G
46,p_0_out__29__0,RSTB,<const0>,GND/G
46,p_0_out__29__0,RSTM,<const0>,GND/G
46,p_0_out__29__0,RSTP,<const0>,GND/G
46,p_0_out__29__0,CEA1,<const0>,GND/G
46,p_0_out__29__0,CEA2,<const0>,GND/G
46,p_0_out__29__0,CEAD,<const0>,GND/G
46,p_0_out__29__0,CEB1,<const0>,GND/G
46,p_0_out__29__0,CEB2,<const0>,GND/G
46,p_0_out__29__0,CEM,<const0>,GND/G
46,p_0_out__29__0,CEP,<const0>,GND/G
46,p_0_out__29__0,CECTRL,<const0>,GND/G
46,p_0_out__29__0,CED,<const0>,GND/G
46,p_0_out__29__0,CEINMODE,<const0>,GND/G
47,p_0_out__2__0,CLK,<const0>,GND/G
47,p_0_out__2__0,RSTA,<const0>,GND/G
47,p_0_out__2__0,RSTB,<const0>,GND/G
47,p_0_out__2__0,RSTM,<const0>,GND/G
47,p_0_out__2__0,RSTP,<const0>,GND/G
47,p_0_out__2__0,CEA1,<const0>,GND/G
47,p_0_out__2__0,CEA2,<const0>,GND/G
47,p_0_out__2__0,CEAD,<const0>,GND/G
47,p_0_out__2__0,CEB1,<const0>,GND/G
47,p_0_out__2__0,CEB2,<const0>,GND/G
47,p_0_out__2__0,CEM,<const0>,GND/G
47,p_0_out__2__0,CEP,<const0>,GND/G
47,p_0_out__2__0,CECTRL,<const0>,GND/G
47,p_0_out__2__0,CED,<const0>,GND/G
47,p_0_out__2__0,CEINMODE,<const0>,GND/G
48,p_0_out__3,CLK,<const0>,GND/G
48,p_0_out__3,RSTA,<const0>,GND/G
48,p_0_out__3,RSTB,<const0>,GND/G
48,p_0_out__3,RSTM,<const0>,GND/G
48,p_0_out__3,RSTP,<const0>,GND/G
48,p_0_out__3,CEA1,<const0>,GND/G
48,p_0_out__3,CEA2,<const0>,GND/G
48,p_0_out__3,CEAD,<const0>,GND/G
48,p_0_out__3,CEB1,<const0>,GND/G
48,p_0_out__3,CEB2,<const0>,GND/G
48,p_0_out__3,CEM,<const0>,GND/G
48,p_0_out__3,CEP,<const0>,GND/G
48,p_0_out__3,CECTRL,<const0>,GND/G
48,p_0_out__3,CED,<const0>,GND/G
48,p_0_out__3,CEINMODE,<const0>,GND/G
49,p_0_out__30,CLK,<const0>,GND/G
49,p_0_out__30,RSTA,<const0>,GND/G
49,p_0_out__30,RSTB,<const0>,GND/G
49,p_0_out__30,RSTM,<const0>,GND/G
49,p_0_out__30,RSTP,<const0>,GND/G
49,p_0_out__30,CEA1,<const0>,GND/G
49,p_0_out__30,CEA2,<const0>,GND/G
49,p_0_out__30,CEAD,<const0>,GND/G
49,p_0_out__30,CEB1,<const0>,GND/G
49,p_0_out__30,CEB2,<const0>,GND/G
49,p_0_out__30,CEM,<const0>,GND/G
49,p_0_out__30,CEP,<const0>,GND/G
49,p_0_out__30,CECTRL,<const0>,GND/G
49,p_0_out__30,CED,<const0>,GND/G
49,p_0_out__30,CEINMODE,<const0>,GND/G
50,p_0_out__30__0,CLK,<const0>,GND/G
50,p_0_out__30__0,RSTA,<const0>,GND/G
50,p_0_out__30__0,RSTB,<const0>,GND/G
50,p_0_out__30__0,RSTM,<const0>,GND/G
50,p_0_out__30__0,RSTP,<const0>,GND/G
50,p_0_out__30__0,CEA1,<const0>,GND/G
50,p_0_out__30__0,CEA2,<const0>,GND/G
50,p_0_out__30__0,CEAD,<const0>,GND/G
50,p_0_out__30__0,CEB1,<const0>,GND/G
50,p_0_out__30__0,CEB2,<const0>,GND/G
50,p_0_out__30__0,CEM,<const0>,GND/G
50,p_0_out__30__0,CEP,<const0>,GND/G
50,p_0_out__30__0,CECTRL,<const0>,GND/G
50,p_0_out__30__0,CED,<const0>,GND/G
50,p_0_out__30__0,CEINMODE,<const0>,GND/G
51,p_0_out__31,CLK,<const0>,GND/G
51,p_0_out__31,RSTA,<const0>,GND/G
51,p_0_out__31,RSTB,<const0>,GND/G
51,p_0_out__31,RSTM,<const0>,GND/G
51,p_0_out__31,RSTP,<const0>,GND/G
51,p_0_out__31,CEA1,<const0>,GND/G
51,p_0_out__31,CEA2,<const0>,GND/G
51,p_0_out__31,CEAD,<const0>,GND/G
51,p_0_out__31,CEB1,<const0>,GND/G
51,p_0_out__31,CEB2,<const0>,GND/G
51,p_0_out__31,CEM,<const0>,GND/G
51,p_0_out__31,CEP,<const0>,GND/G
51,p_0_out__31,CECTRL,<const0>,GND/G
51,p_0_out__31,CED,<const0>,GND/G
51,p_0_out__31,CEINMODE,<const0>,GND/G
52,p_0_out__31__0,CLK,<const0>,GND/G
52,p_0_out__31__0,RSTA,<const0>,GND/G
52,p_0_out__31__0,RSTB,<const0>,GND/G
52,p_0_out__31__0,RSTM,<const0>,GND/G
52,p_0_out__31__0,RSTP,<const0>,GND/G
52,p_0_out__31__0,CEA1,<const0>,GND/G
52,p_0_out__31__0,CEA2,<const0>,GND/G
52,p_0_out__31__0,CEAD,<const0>,GND/G
52,p_0_out__31__0,CEB1,<const0>,GND/G
52,p_0_out__31__0,CEB2,<const0>,GND/G
52,p_0_out__31__0,CEM,<const0>,GND/G
52,p_0_out__31__0,CEP,<const0>,GND/G
52,p_0_out__31__0,CECTRL,<const0>,GND/G
52,p_0_out__31__0,CED,<const0>,GND/G
52,p_0_out__31__0,CEINMODE,<const0>,GND/G
53,p_0_out__32,CLK,<const0>,GND/G
53,p_0_out__32,RSTA,<const0>,GND/G
53,p_0_out__32,RSTB,<const0>,GND/G
53,p_0_out__32,RSTM,<const0>,GND/G
53,p_0_out__32,RSTP,<const0>,GND/G
53,p_0_out__32,CEA1,<const0>,GND/G
53,p_0_out__32,CEA2,<const0>,GND/G
53,p_0_out__32,CEAD,<const0>,GND/G
53,p_0_out__32,CEB1,<const0>,GND/G
53,p_0_out__32,CEB2,<const0>,GND/G
53,p_0_out__32,CEM,<const0>,GND/G
53,p_0_out__32,CEP,<const0>,GND/G
53,p_0_out__32,CECTRL,<const0>,GND/G
53,p_0_out__32,CED,<const0>,GND/G
53,p_0_out__32,CEINMODE,<const0>,GND/G
54,p_0_out__32__0,CLK,<const0>,GND/G
54,p_0_out__32__0,RSTA,<const0>,GND/G
54,p_0_out__32__0,RSTB,<const0>,GND/G
54,p_0_out__32__0,RSTM,<const0>,GND/G
54,p_0_out__32__0,RSTP,<const0>,GND/G
54,p_0_out__32__0,CEA1,<const0>,GND/G
54,p_0_out__32__0,CEA2,<const0>,GND/G
54,p_0_out__32__0,CEAD,<const0>,GND/G
54,p_0_out__32__0,CEB1,<const0>,GND/G
54,p_0_out__32__0,CEB2,<const0>,GND/G
54,p_0_out__32__0,CEM,<const0>,GND/G
54,p_0_out__32__0,CEP,<const0>,GND/G
54,p_0_out__32__0,CECTRL,<const0>,GND/G
54,p_0_out__32__0,CED,<const0>,GND/G
54,p_0_out__32__0,CEINMODE,<const0>,GND/G
55,p_0_out__33,CLK,<const0>,GND/G
55,p_0_out__33,RSTA,<const0>,GND/G
55,p_0_out__33,RSTB,<const0>,GND/G
55,p_0_out__33,RSTM,<const0>,GND/G
55,p_0_out__33,RSTP,<const0>,GND/G
55,p_0_out__33,CEA1,<const0>,GND/G
55,p_0_out__33,CEA2,<const0>,GND/G
55,p_0_out__33,CEAD,<const0>,GND/G
55,p_0_out__33,CEB1,<const0>,GND/G
55,p_0_out__33,CEB2,<const0>,GND/G
55,p_0_out__33,CEM,<const0>,GND/G
55,p_0_out__33,CEP,<const0>,GND/G
55,p_0_out__33,CECTRL,<const0>,GND/G
55,p_0_out__33,CED,<const0>,GND/G
55,p_0_out__33,CEINMODE,<const0>,GND/G
56,p_0_out__33__0,CLK,<const0>,GND/G
56,p_0_out__33__0,RSTA,<const0>,GND/G
56,p_0_out__33__0,RSTB,<const0>,GND/G
56,p_0_out__33__0,RSTM,<const0>,GND/G
56,p_0_out__33__0,RSTP,<const0>,GND/G
56,p_0_out__33__0,CEA1,<const0>,GND/G
56,p_0_out__33__0,CEA2,<const0>,GND/G
56,p_0_out__33__0,CEAD,<const0>,GND/G
56,p_0_out__33__0,CEB1,<const0>,GND/G
56,p_0_out__33__0,CEB2,<const0>,GND/G
56,p_0_out__33__0,CEM,<const0>,GND/G
56,p_0_out__33__0,CEP,<const0>,GND/G
56,p_0_out__33__0,CECTRL,<const0>,GND/G
56,p_0_out__33__0,CED,<const0>,GND/G
56,p_0_out__33__0,CEINMODE,<const0>,GND/G
57,p_0_out__34,CLK,<const0>,GND/G
57,p_0_out__34,RSTA,<const0>,GND/G
57,p_0_out__34,RSTB,<const0>,GND/G
57,p_0_out__34,RSTM,<const0>,GND/G
57,p_0_out__34,RSTP,<const0>,GND/G
57,p_0_out__34,CEA1,<const0>,GND/G
57,p_0_out__34,CEA2,<const0>,GND/G
57,p_0_out__34,CEAD,<const0>,GND/G
57,p_0_out__34,CEB1,<const0>,GND/G
57,p_0_out__34,CEB2,<const0>,GND/G
57,p_0_out__34,CEM,<const0>,GND/G
57,p_0_out__34,CEP,<const0>,GND/G
57,p_0_out__34,CECTRL,<const0>,GND/G
57,p_0_out__34,CED,<const0>,GND/G
57,p_0_out__34,CEINMODE,<const0>,GND/G
58,p_0_out__34__0,CLK,<const0>,GND/G
58,p_0_out__34__0,RSTA,<const0>,GND/G
58,p_0_out__34__0,RSTB,<const0>,GND/G
58,p_0_out__34__0,RSTM,<const0>,GND/G
58,p_0_out__34__0,RSTP,<const0>,GND/G
58,p_0_out__34__0,CEA1,<const0>,GND/G
58,p_0_out__34__0,CEA2,<const0>,GND/G
58,p_0_out__34__0,CEAD,<const0>,GND/G
58,p_0_out__34__0,CEB1,<const0>,GND/G
58,p_0_out__34__0,CEB2,<const0>,GND/G
58,p_0_out__34__0,CEM,<const0>,GND/G
58,p_0_out__34__0,CEP,<const0>,GND/G
58,p_0_out__34__0,CECTRL,<const0>,GND/G
58,p_0_out__34__0,CED,<const0>,GND/G
58,p_0_out__34__0,CEINMODE,<const0>,GND/G
59,p_0_out__35,CLK,<const0>,GND/G
59,p_0_out__35,RSTA,<const0>,GND/G
59,p_0_out__35,RSTB,<const0>,GND/G
59,p_0_out__35,RSTM,<const0>,GND/G
59,p_0_out__35,RSTP,<const0>,GND/G
59,p_0_out__35,CEA1,<const0>,GND/G
59,p_0_out__35,CEA2,<const0>,GND/G
59,p_0_out__35,CEAD,<const0>,GND/G
59,p_0_out__35,CEB1,<const0>,GND/G
59,p_0_out__35,CEB2,<const0>,GND/G
59,p_0_out__35,CEM,<const0>,GND/G
59,p_0_out__35,CEP,<const0>,GND/G
59,p_0_out__35,CECTRL,<const0>,GND/G
59,p_0_out__35,CED,<const0>,GND/G
59,p_0_out__35,CEINMODE,<const0>,GND/G
60,p_0_out__35__0,CLK,<const0>,GND/G
60,p_0_out__35__0,RSTA,<const0>,GND/G
60,p_0_out__35__0,RSTB,<const0>,GND/G
60,p_0_out__35__0,RSTM,<const0>,GND/G
60,p_0_out__35__0,RSTP,<const0>,GND/G
60,p_0_out__35__0,CEA1,<const0>,GND/G
60,p_0_out__35__0,CEA2,<const0>,GND/G
60,p_0_out__35__0,CEAD,<const0>,GND/G
60,p_0_out__35__0,CEB1,<const0>,GND/G
60,p_0_out__35__0,CEB2,<const0>,GND/G
60,p_0_out__35__0,CEM,<const0>,GND/G
60,p_0_out__35__0,CEP,<const0>,GND/G
60,p_0_out__35__0,CECTRL,<const0>,GND/G
60,p_0_out__35__0,CED,<const0>,GND/G
60,p_0_out__35__0,CEINMODE,<const0>,GND/G
61,p_0_out__36,CLK,<const0>,GND/G
61,p_0_out__36,RSTA,<const0>,GND/G
61,p_0_out__36,RSTB,<const0>,GND/G
61,p_0_out__36,RSTM,<const0>,GND/G
61,p_0_out__36,RSTP,<const0>,GND/G
61,p_0_out__36,CEA1,<const0>,GND/G
61,p_0_out__36,CEA2,<const0>,GND/G
61,p_0_out__36,CEAD,<const0>,GND/G
61,p_0_out__36,CEB1,<const0>,GND/G
61,p_0_out__36,CEB2,<const0>,GND/G
61,p_0_out__36,CEM,<const0>,GND/G
61,p_0_out__36,CEP,<const0>,GND/G
61,p_0_out__36,CECTRL,<const0>,GND/G
61,p_0_out__36,CED,<const0>,GND/G
61,p_0_out__36,CEINMODE,<const0>,GND/G
62,p_0_out__36__0,CLK,<const0>,GND/G
62,p_0_out__36__0,RSTA,<const0>,GND/G
62,p_0_out__36__0,RSTB,<const0>,GND/G
62,p_0_out__36__0,RSTM,<const0>,GND/G
62,p_0_out__36__0,RSTP,<const0>,GND/G
62,p_0_out__36__0,CEA1,<const0>,GND/G
62,p_0_out__36__0,CEA2,<const0>,GND/G
62,p_0_out__36__0,CEAD,<const0>,GND/G
62,p_0_out__36__0,CEB1,<const0>,GND/G
62,p_0_out__36__0,CEB2,<const0>,GND/G
62,p_0_out__36__0,CEM,<const0>,GND/G
62,p_0_out__36__0,CEP,<const0>,GND/G
62,p_0_out__36__0,CECTRL,<const0>,GND/G
62,p_0_out__36__0,CED,<const0>,GND/G
62,p_0_out__36__0,CEINMODE,<const0>,GND/G
63,p_0_out__37,CLK,<const0>,GND/G
63,p_0_out__37,RSTA,<const0>,GND/G
63,p_0_out__37,RSTB,<const0>,GND/G
63,p_0_out__37,RSTM,<const0>,GND/G
63,p_0_out__37,RSTP,<const0>,GND/G
63,p_0_out__37,CEA1,<const0>,GND/G
63,p_0_out__37,CEA2,<const0>,GND/G
63,p_0_out__37,CEAD,<const0>,GND/G
63,p_0_out__37,CEB1,<const0>,GND/G
63,p_0_out__37,CEB2,<const0>,GND/G
63,p_0_out__37,CEM,<const0>,GND/G
63,p_0_out__37,CEP,<const0>,GND/G
63,p_0_out__37,CECTRL,<const0>,GND/G
63,p_0_out__37,CED,<const0>,GND/G
63,p_0_out__37,CEINMODE,<const0>,GND/G
64,p_0_out__37__0,CLK,<const0>,GND/G
64,p_0_out__37__0,RSTA,<const0>,GND/G
64,p_0_out__37__0,RSTB,<const0>,GND/G
64,p_0_out__37__0,RSTM,<const0>,GND/G
64,p_0_out__37__0,RSTP,<const0>,GND/G
64,p_0_out__37__0,CEA1,<const0>,GND/G
64,p_0_out__37__0,CEA2,<const0>,GND/G
64,p_0_out__37__0,CEAD,<const0>,GND/G
64,p_0_out__37__0,CEB1,<const0>,GND/G
64,p_0_out__37__0,CEB2,<const0>,GND/G
64,p_0_out__37__0,CEM,<const0>,GND/G
64,p_0_out__37__0,CEP,<const0>,GND/G
64,p_0_out__37__0,CECTRL,<const0>,GND/G
64,p_0_out__37__0,CED,<const0>,GND/G
64,p_0_out__37__0,CEINMODE,<const0>,GND/G
65,p_0_out__38,CLK,<const0>,GND/G
65,p_0_out__38,RSTA,<const0>,GND/G
65,p_0_out__38,RSTB,<const0>,GND/G
65,p_0_out__38,RSTM,<const0>,GND/G
65,p_0_out__38,RSTP,<const0>,GND/G
65,p_0_out__38,CEA1,<const0>,GND/G
65,p_0_out__38,CEA2,<const0>,GND/G
65,p_0_out__38,CEAD,<const0>,GND/G
65,p_0_out__38,CEB1,<const0>,GND/G
65,p_0_out__38,CEB2,<const0>,GND/G
65,p_0_out__38,CEM,<const0>,GND/G
65,p_0_out__38,CEP,<const0>,GND/G
65,p_0_out__38,CECTRL,<const0>,GND/G
65,p_0_out__38,CED,<const0>,GND/G
65,p_0_out__38,CEINMODE,<const0>,GND/G
66,p_0_out__38__0,CLK,<const0>,GND/G
66,p_0_out__38__0,RSTA,<const0>,GND/G
66,p_0_out__38__0,RSTB,<const0>,GND/G
66,p_0_out__38__0,RSTM,<const0>,GND/G
66,p_0_out__38__0,RSTP,<const0>,GND/G
66,p_0_out__38__0,CEA1,<const0>,GND/G
66,p_0_out__38__0,CEA2,<const0>,GND/G
66,p_0_out__38__0,CEAD,<const0>,GND/G
66,p_0_out__38__0,CEB1,<const0>,GND/G
66,p_0_out__38__0,CEB2,<const0>,GND/G
66,p_0_out__38__0,CEM,<const0>,GND/G
66,p_0_out__38__0,CEP,<const0>,GND/G
66,p_0_out__38__0,CECTRL,<const0>,GND/G
66,p_0_out__38__0,CED,<const0>,GND/G
66,p_0_out__38__0,CEINMODE,<const0>,GND/G
67,p_0_out__39,CLK,<const0>,GND/G
67,p_0_out__39,RSTA,<const0>,GND/G
67,p_0_out__39,RSTB,<const0>,GND/G
67,p_0_out__39,RSTM,<const0>,GND/G
67,p_0_out__39,RSTP,<const0>,GND/G
67,p_0_out__39,CEA1,<const0>,GND/G
67,p_0_out__39,CEA2,<const0>,GND/G
67,p_0_out__39,CEAD,<const0>,GND/G
67,p_0_out__39,CEB1,<const0>,GND/G
67,p_0_out__39,CEB2,<const0>,GND/G
67,p_0_out__39,CEM,<const0>,GND/G
67,p_0_out__39,CEP,<const0>,GND/G
67,p_0_out__39,CECTRL,<const0>,GND/G
67,p_0_out__39,CED,<const0>,GND/G
67,p_0_out__39,CEINMODE,<const0>,GND/G
68,p_0_out__39__0,CLK,<const0>,GND/G
68,p_0_out__39__0,RSTA,<const0>,GND/G
68,p_0_out__39__0,RSTB,<const0>,GND/G
68,p_0_out__39__0,RSTM,<const0>,GND/G
68,p_0_out__39__0,RSTP,<const0>,GND/G
68,p_0_out__39__0,CEA1,<const0>,GND/G
68,p_0_out__39__0,CEA2,<const0>,GND/G
68,p_0_out__39__0,CEAD,<const0>,GND/G
68,p_0_out__39__0,CEB1,<const0>,GND/G
68,p_0_out__39__0,CEB2,<const0>,GND/G
68,p_0_out__39__0,CEM,<const0>,GND/G
68,p_0_out__39__0,CEP,<const0>,GND/G
68,p_0_out__39__0,CECTRL,<const0>,GND/G
68,p_0_out__39__0,CED,<const0>,GND/G
68,p_0_out__39__0,CEINMODE,<const0>,GND/G
69,p_0_out__3__0,CLK,<const0>,GND/G
69,p_0_out__3__0,RSTA,<const0>,GND/G
69,p_0_out__3__0,RSTB,<const0>,GND/G
69,p_0_out__3__0,RSTM,<const0>,GND/G
69,p_0_out__3__0,RSTP,<const0>,GND/G
69,p_0_out__3__0,CEA1,<const0>,GND/G
69,p_0_out__3__0,CEA2,<const0>,GND/G
69,p_0_out__3__0,CEAD,<const0>,GND/G
69,p_0_out__3__0,CEB1,<const0>,GND/G
69,p_0_out__3__0,CEB2,<const0>,GND/G
69,p_0_out__3__0,CEM,<const0>,GND/G
69,p_0_out__3__0,CEP,<const0>,GND/G
69,p_0_out__3__0,CECTRL,<const0>,GND/G
69,p_0_out__3__0,CED,<const0>,GND/G
69,p_0_out__3__0,CEINMODE,<const0>,GND/G
70,p_0_out__4,CLK,<const0>,GND/G
70,p_0_out__4,RSTA,<const0>,GND/G
70,p_0_out__4,RSTB,<const0>,GND/G
70,p_0_out__4,RSTM,<const0>,GND/G
70,p_0_out__4,RSTP,<const0>,GND/G
70,p_0_out__4,CEA1,<const0>,GND/G
70,p_0_out__4,CEA2,<const0>,GND/G
70,p_0_out__4,CEAD,<const0>,GND/G
70,p_0_out__4,CEB1,<const0>,GND/G
70,p_0_out__4,CEB2,<const0>,GND/G
70,p_0_out__4,CEM,<const0>,GND/G
70,p_0_out__4,CEP,<const0>,GND/G
70,p_0_out__4,CECTRL,<const0>,GND/G
70,p_0_out__4,CED,<const0>,GND/G
70,p_0_out__4,CEINMODE,<const0>,GND/G
71,p_0_out__40,CLK,<const0>,GND/G
71,p_0_out__40,RSTA,<const0>,GND/G
71,p_0_out__40,RSTB,<const0>,GND/G
71,p_0_out__40,RSTM,<const0>,GND/G
71,p_0_out__40,RSTP,<const0>,GND/G
71,p_0_out__40,CEA1,<const0>,GND/G
71,p_0_out__40,CEA2,<const0>,GND/G
71,p_0_out__40,CEAD,<const0>,GND/G
71,p_0_out__40,CEB1,<const0>,GND/G
71,p_0_out__40,CEB2,<const0>,GND/G
71,p_0_out__40,CEM,<const0>,GND/G
71,p_0_out__40,CEP,<const0>,GND/G
71,p_0_out__40,CECTRL,<const0>,GND/G
71,p_0_out__40,CED,<const0>,GND/G
71,p_0_out__40,CEINMODE,<const0>,GND/G
72,p_0_out__40__0,CLK,<const0>,GND/G
72,p_0_out__40__0,RSTA,<const0>,GND/G
72,p_0_out__40__0,RSTB,<const0>,GND/G
72,p_0_out__40__0,RSTM,<const0>,GND/G
72,p_0_out__40__0,RSTP,<const0>,GND/G
72,p_0_out__40__0,CEA1,<const0>,GND/G
72,p_0_out__40__0,CEA2,<const0>,GND/G
72,p_0_out__40__0,CEAD,<const0>,GND/G
72,p_0_out__40__0,CEB1,<const0>,GND/G
72,p_0_out__40__0,CEB2,<const0>,GND/G
72,p_0_out__40__0,CEM,<const0>,GND/G
72,p_0_out__40__0,CEP,<const0>,GND/G
72,p_0_out__40__0,CECTRL,<const0>,GND/G
72,p_0_out__40__0,CED,<const0>,GND/G
72,p_0_out__40__0,CEINMODE,<const0>,GND/G
73,p_0_out__41,CLK,<const0>,GND/G
73,p_0_out__41,RSTA,<const0>,GND/G
73,p_0_out__41,RSTB,<const0>,GND/G
73,p_0_out__41,RSTM,<const0>,GND/G
73,p_0_out__41,RSTP,<const0>,GND/G
73,p_0_out__41,CEA1,<const0>,GND/G
73,p_0_out__41,CEA2,<const0>,GND/G
73,p_0_out__41,CEAD,<const0>,GND/G
73,p_0_out__41,CEB1,<const0>,GND/G
73,p_0_out__41,CEB2,<const0>,GND/G
73,p_0_out__41,CEM,<const0>,GND/G
73,p_0_out__41,CEP,<const0>,GND/G
73,p_0_out__41,CECTRL,<const0>,GND/G
73,p_0_out__41,CED,<const0>,GND/G
73,p_0_out__41,CEINMODE,<const0>,GND/G
74,p_0_out__41__0,CLK,<const0>,GND/G
74,p_0_out__41__0,RSTA,<const0>,GND/G
74,p_0_out__41__0,RSTB,<const0>,GND/G
74,p_0_out__41__0,RSTM,<const0>,GND/G
74,p_0_out__41__0,RSTP,<const0>,GND/G
74,p_0_out__41__0,CEA1,<const0>,GND/G
74,p_0_out__41__0,CEA2,<const0>,GND/G
74,p_0_out__41__0,CEAD,<const0>,GND/G
74,p_0_out__41__0,CEB1,<const0>,GND/G
74,p_0_out__41__0,CEB2,<const0>,GND/G
74,p_0_out__41__0,CEM,<const0>,GND/G
74,p_0_out__41__0,CEP,<const0>,GND/G
74,p_0_out__41__0,CECTRL,<const0>,GND/G
74,p_0_out__41__0,CED,<const0>,GND/G
74,p_0_out__41__0,CEINMODE,<const0>,GND/G
75,p_0_out__42,CLK,<const0>,GND/G
75,p_0_out__42,RSTA,<const0>,GND/G
75,p_0_out__42,RSTB,<const0>,GND/G
75,p_0_out__42,RSTM,<const0>,GND/G
75,p_0_out__42,RSTP,<const0>,GND/G
75,p_0_out__42,CEA1,<const0>,GND/G
75,p_0_out__42,CEA2,<const0>,GND/G
75,p_0_out__42,CEAD,<const0>,GND/G
75,p_0_out__42,CEB1,<const0>,GND/G
75,p_0_out__42,CEB2,<const0>,GND/G
75,p_0_out__42,CEM,<const0>,GND/G
75,p_0_out__42,CEP,<const0>,GND/G
75,p_0_out__42,CECTRL,<const0>,GND/G
75,p_0_out__42,CED,<const0>,GND/G
75,p_0_out__42,CEINMODE,<const0>,GND/G
76,p_0_out__42__0,CLK,<const0>,GND/G
76,p_0_out__42__0,RSTA,<const0>,GND/G
76,p_0_out__42__0,RSTB,<const0>,GND/G
76,p_0_out__42__0,RSTM,<const0>,GND/G
76,p_0_out__42__0,RSTP,<const0>,GND/G
76,p_0_out__42__0,CEA1,<const0>,GND/G
76,p_0_out__42__0,CEA2,<const0>,GND/G
76,p_0_out__42__0,CEAD,<const0>,GND/G
76,p_0_out__42__0,CEB1,<const0>,GND/G
76,p_0_out__42__0,CEB2,<const0>,GND/G
76,p_0_out__42__0,CEM,<const0>,GND/G
76,p_0_out__42__0,CEP,<const0>,GND/G
76,p_0_out__42__0,CECTRL,<const0>,GND/G
76,p_0_out__42__0,CED,<const0>,GND/G
76,p_0_out__42__0,CEINMODE,<const0>,GND/G
77,p_0_out__43,CLK,<const0>,GND/G
77,p_0_out__43,RSTA,<const0>,GND/G
77,p_0_out__43,RSTB,<const0>,GND/G
77,p_0_out__43,RSTM,<const0>,GND/G
77,p_0_out__43,RSTP,<const0>,GND/G
77,p_0_out__43,CEA1,<const0>,GND/G
77,p_0_out__43,CEA2,<const0>,GND/G
77,p_0_out__43,CEAD,<const0>,GND/G
77,p_0_out__43,CEB1,<const0>,GND/G
77,p_0_out__43,CEB2,<const0>,GND/G
77,p_0_out__43,CEM,<const0>,GND/G
77,p_0_out__43,CEP,<const0>,GND/G
77,p_0_out__43,CECTRL,<const0>,GND/G
77,p_0_out__43,CED,<const0>,GND/G
77,p_0_out__43,CEINMODE,<const0>,GND/G
78,p_0_out__43__0,CLK,<const0>,GND/G
78,p_0_out__43__0,RSTA,<const0>,GND/G
78,p_0_out__43__0,RSTB,<const0>,GND/G
78,p_0_out__43__0,RSTM,<const0>,GND/G
78,p_0_out__43__0,RSTP,<const0>,GND/G
78,p_0_out__43__0,CEA1,<const0>,GND/G
78,p_0_out__43__0,CEA2,<const0>,GND/G
78,p_0_out__43__0,CEAD,<const0>,GND/G
78,p_0_out__43__0,CEB1,<const0>,GND/G
78,p_0_out__43__0,CEB2,<const0>,GND/G
78,p_0_out__43__0,CEM,<const0>,GND/G
78,p_0_out__43__0,CEP,<const0>,GND/G
78,p_0_out__43__0,CECTRL,<const0>,GND/G
78,p_0_out__43__0,CED,<const0>,GND/G
78,p_0_out__43__0,CEINMODE,<const0>,GND/G
79,p_0_out__44,CLK,<const0>,GND/G
79,p_0_out__44,RSTA,<const0>,GND/G
79,p_0_out__44,RSTB,<const0>,GND/G
79,p_0_out__44,RSTM,<const0>,GND/G
79,p_0_out__44,RSTP,<const0>,GND/G
79,p_0_out__44,CEA1,<const0>,GND/G
79,p_0_out__44,CEA2,<const0>,GND/G
79,p_0_out__44,CEAD,<const0>,GND/G
79,p_0_out__44,CEB1,<const0>,GND/G
79,p_0_out__44,CEB2,<const0>,GND/G
79,p_0_out__44,CEM,<const0>,GND/G
79,p_0_out__44,CEP,<const0>,GND/G
79,p_0_out__44,CECTRL,<const0>,GND/G
79,p_0_out__44,CED,<const0>,GND/G
79,p_0_out__44,CEINMODE,<const0>,GND/G
80,p_0_out__44__0,CLK,<const0>,GND/G
80,p_0_out__44__0,RSTA,<const0>,GND/G
80,p_0_out__44__0,RSTB,<const0>,GND/G
80,p_0_out__44__0,RSTM,<const0>,GND/G
80,p_0_out__44__0,RSTP,<const0>,GND/G
80,p_0_out__44__0,CEA1,<const0>,GND/G
80,p_0_out__44__0,CEA2,<const0>,GND/G
80,p_0_out__44__0,CEAD,<const0>,GND/G
80,p_0_out__44__0,CEB1,<const0>,GND/G
80,p_0_out__44__0,CEB2,<const0>,GND/G
80,p_0_out__44__0,CEM,<const0>,GND/G
80,p_0_out__44__0,CEP,<const0>,GND/G
80,p_0_out__44__0,CECTRL,<const0>,GND/G
80,p_0_out__44__0,CED,<const0>,GND/G
80,p_0_out__44__0,CEINMODE,<const0>,GND/G
81,p_0_out__45,CLK,<const0>,GND/G
81,p_0_out__45,RSTA,<const0>,GND/G
81,p_0_out__45,RSTB,<const0>,GND/G
81,p_0_out__45,RSTM,<const0>,GND/G
81,p_0_out__45,RSTP,<const0>,GND/G
81,p_0_out__45,CEA1,<const0>,GND/G
81,p_0_out__45,CEA2,<const0>,GND/G
81,p_0_out__45,CEAD,<const0>,GND/G
81,p_0_out__45,CEB1,<const0>,GND/G
81,p_0_out__45,CEB2,<const0>,GND/G
81,p_0_out__45,CEM,<const0>,GND/G
81,p_0_out__45,CEP,<const0>,GND/G
81,p_0_out__45,CECTRL,<const0>,GND/G
81,p_0_out__45,CED,<const0>,GND/G
81,p_0_out__45,CEINMODE,<const0>,GND/G
82,p_0_out__45__0,CLK,<const0>,GND/G
82,p_0_out__45__0,RSTA,<const0>,GND/G
82,p_0_out__45__0,RSTB,<const0>,GND/G
82,p_0_out__45__0,RSTM,<const0>,GND/G
82,p_0_out__45__0,RSTP,<const0>,GND/G
82,p_0_out__45__0,CEA1,<const0>,GND/G
82,p_0_out__45__0,CEA2,<const0>,GND/G
82,p_0_out__45__0,CEAD,<const0>,GND/G
82,p_0_out__45__0,CEB1,<const0>,GND/G
82,p_0_out__45__0,CEB2,<const0>,GND/G
82,p_0_out__45__0,CEM,<const0>,GND/G
82,p_0_out__45__0,CEP,<const0>,GND/G
82,p_0_out__45__0,CECTRL,<const0>,GND/G
82,p_0_out__45__0,CED,<const0>,GND/G
82,p_0_out__45__0,CEINMODE,<const0>,GND/G
83,p_0_out__46,CLK,<const0>,GND/G
83,p_0_out__46,RSTA,<const0>,GND/G
83,p_0_out__46,RSTB,<const0>,GND/G
83,p_0_out__46,RSTM,<const0>,GND/G
83,p_0_out__46,RSTP,<const0>,GND/G
83,p_0_out__46,CEA1,<const0>,GND/G
83,p_0_out__46,CEA2,<const0>,GND/G
83,p_0_out__46,CEAD,<const0>,GND/G
83,p_0_out__46,CEB1,<const0>,GND/G
83,p_0_out__46,CEB2,<const0>,GND/G
83,p_0_out__46,CEM,<const0>,GND/G
83,p_0_out__46,CEP,<const0>,GND/G
83,p_0_out__46,CECTRL,<const0>,GND/G
83,p_0_out__46,CED,<const0>,GND/G
83,p_0_out__46,CEINMODE,<const0>,GND/G
84,p_0_out__46__0,CLK,<const0>,GND/G
84,p_0_out__46__0,RSTA,<const0>,GND/G
84,p_0_out__46__0,RSTB,<const0>,GND/G
84,p_0_out__46__0,RSTM,<const0>,GND/G
84,p_0_out__46__0,RSTP,<const0>,GND/G
84,p_0_out__46__0,CEA1,<const0>,GND/G
84,p_0_out__46__0,CEA2,<const0>,GND/G
84,p_0_out__46__0,CEAD,<const0>,GND/G
84,p_0_out__46__0,CEB1,<const0>,GND/G
84,p_0_out__46__0,CEB2,<const0>,GND/G
84,p_0_out__46__0,CEM,<const0>,GND/G
84,p_0_out__46__0,CEP,<const0>,GND/G
84,p_0_out__46__0,CECTRL,<const0>,GND/G
84,p_0_out__46__0,CED,<const0>,GND/G
84,p_0_out__46__0,CEINMODE,<const0>,GND/G
85,p_0_out__47,CLK,<const0>,GND/G
85,p_0_out__47,RSTA,<const0>,GND/G
85,p_0_out__47,RSTB,<const0>,GND/G
85,p_0_out__47,RSTM,<const0>,GND/G
85,p_0_out__47,RSTP,<const0>,GND/G
85,p_0_out__47,CEA1,<const0>,GND/G
85,p_0_out__47,CEA2,<const0>,GND/G
85,p_0_out__47,CEAD,<const0>,GND/G
85,p_0_out__47,CEB1,<const0>,GND/G
85,p_0_out__47,CEB2,<const0>,GND/G
85,p_0_out__47,CEM,<const0>,GND/G
85,p_0_out__47,CEP,<const0>,GND/G
85,p_0_out__47,CECTRL,<const0>,GND/G
85,p_0_out__47,CED,<const0>,GND/G
85,p_0_out__47,CEINMODE,<const0>,GND/G
86,p_0_out__47__0,CLK,<const0>,GND/G
86,p_0_out__47__0,RSTA,<const0>,GND/G
86,p_0_out__47__0,RSTB,<const0>,GND/G
86,p_0_out__47__0,RSTM,<const0>,GND/G
86,p_0_out__47__0,RSTP,<const0>,GND/G
86,p_0_out__47__0,CEA1,<const0>,GND/G
86,p_0_out__47__0,CEA2,<const0>,GND/G
86,p_0_out__47__0,CEAD,<const0>,GND/G
86,p_0_out__47__0,CEB1,<const0>,GND/G
86,p_0_out__47__0,CEB2,<const0>,GND/G
86,p_0_out__47__0,CEM,<const0>,GND/G
86,p_0_out__47__0,CEP,<const0>,GND/G
86,p_0_out__47__0,CECTRL,<const0>,GND/G
86,p_0_out__47__0,CED,<const0>,GND/G
86,p_0_out__47__0,CEINMODE,<const0>,GND/G
87,p_0_out__48,CLK,<const0>,GND/G
87,p_0_out__48,RSTA,<const0>,GND/G
87,p_0_out__48,RSTB,<const0>,GND/G
87,p_0_out__48,RSTM,<const0>,GND/G
87,p_0_out__48,RSTP,<const0>,GND/G
87,p_0_out__48,CEA1,<const0>,GND/G
87,p_0_out__48,CEA2,<const0>,GND/G
87,p_0_out__48,CEAD,<const0>,GND/G
87,p_0_out__48,CEB1,<const0>,GND/G
87,p_0_out__48,CEB2,<const0>,GND/G
87,p_0_out__48,CEM,<const0>,GND/G
87,p_0_out__48,CEP,<const0>,GND/G
87,p_0_out__48,CECTRL,<const0>,GND/G
87,p_0_out__48,CED,<const0>,GND/G
87,p_0_out__48,CEINMODE,<const0>,GND/G
88,p_0_out__48__0,CLK,<const0>,GND/G
88,p_0_out__48__0,RSTA,<const0>,GND/G
88,p_0_out__48__0,RSTB,<const0>,GND/G
88,p_0_out__48__0,RSTM,<const0>,GND/G
88,p_0_out__48__0,RSTP,<const0>,GND/G
88,p_0_out__48__0,CEA1,<const0>,GND/G
88,p_0_out__48__0,CEA2,<const0>,GND/G
88,p_0_out__48__0,CEAD,<const0>,GND/G
88,p_0_out__48__0,CEB1,<const0>,GND/G
88,p_0_out__48__0,CEB2,<const0>,GND/G
88,p_0_out__48__0,CEM,<const0>,GND/G
88,p_0_out__48__0,CEP,<const0>,GND/G
88,p_0_out__48__0,CECTRL,<const0>,GND/G
88,p_0_out__48__0,CED,<const0>,GND/G
88,p_0_out__48__0,CEINMODE,<const0>,GND/G
89,p_0_out__49,CLK,<const0>,GND/G
89,p_0_out__49,RSTA,<const0>,GND/G
89,p_0_out__49,RSTB,<const0>,GND/G
89,p_0_out__49,RSTM,<const0>,GND/G
89,p_0_out__49,RSTP,<const0>,GND/G
89,p_0_out__49,CEA1,<const0>,GND/G
89,p_0_out__49,CEA2,<const0>,GND/G
89,p_0_out__49,CEAD,<const0>,GND/G
89,p_0_out__49,CEB1,<const0>,GND/G
89,p_0_out__49,CEB2,<const0>,GND/G
89,p_0_out__49,CEM,<const0>,GND/G
89,p_0_out__49,CEP,<const0>,GND/G
89,p_0_out__49,CECTRL,<const0>,GND/G
89,p_0_out__49,CED,<const0>,GND/G
89,p_0_out__49,CEINMODE,<const0>,GND/G
90,p_0_out__49__0,CLK,<const0>,GND/G
90,p_0_out__49__0,RSTA,<const0>,GND/G
90,p_0_out__49__0,RSTB,<const0>,GND/G
90,p_0_out__49__0,RSTM,<const0>,GND/G
90,p_0_out__49__0,RSTP,<const0>,GND/G
90,p_0_out__49__0,CEA1,<const0>,GND/G
90,p_0_out__49__0,CEA2,<const0>,GND/G
90,p_0_out__49__0,CEAD,<const0>,GND/G
90,p_0_out__49__0,CEB1,<const0>,GND/G
90,p_0_out__49__0,CEB2,<const0>,GND/G
90,p_0_out__49__0,CEM,<const0>,GND/G
90,p_0_out__49__0,CEP,<const0>,GND/G
90,p_0_out__49__0,CECTRL,<const0>,GND/G
90,p_0_out__49__0,CED,<const0>,GND/G
90,p_0_out__49__0,CEINMODE,<const0>,GND/G
91,p_0_out__4__0,CLK,<const0>,GND/G
91,p_0_out__4__0,RSTA,<const0>,GND/G
91,p_0_out__4__0,RSTB,<const0>,GND/G
91,p_0_out__4__0,RSTM,<const0>,GND/G
91,p_0_out__4__0,RSTP,<const0>,GND/G
91,p_0_out__4__0,CEA1,<const0>,GND/G
91,p_0_out__4__0,CEA2,<const0>,GND/G
91,p_0_out__4__0,CEAD,<const0>,GND/G
91,p_0_out__4__0,CEB1,<const0>,GND/G
91,p_0_out__4__0,CEB2,<const0>,GND/G
91,p_0_out__4__0,CEM,<const0>,GND/G
91,p_0_out__4__0,CEP,<const0>,GND/G
91,p_0_out__4__0,CECTRL,<const0>,GND/G
91,p_0_out__4__0,CED,<const0>,GND/G
91,p_0_out__4__0,CEINMODE,<const0>,GND/G
92,p_0_out__5,CLK,<const0>,GND/G
92,p_0_out__5,RSTA,<const0>,GND/G
92,p_0_out__5,RSTB,<const0>,GND/G
92,p_0_out__5,RSTM,<const0>,GND/G
92,p_0_out__5,RSTP,<const0>,GND/G
92,p_0_out__5,CEA1,<const0>,GND/G
92,p_0_out__5,CEA2,<const0>,GND/G
92,p_0_out__5,CEAD,<const0>,GND/G
92,p_0_out__5,CEB1,<const0>,GND/G
92,p_0_out__5,CEB2,<const0>,GND/G
92,p_0_out__5,CEM,<const0>,GND/G
92,p_0_out__5,CEP,<const0>,GND/G
92,p_0_out__5,CECTRL,<const0>,GND/G
92,p_0_out__5,CED,<const0>,GND/G
92,p_0_out__5,CEINMODE,<const0>,GND/G
93,p_0_out__50,CLK,<const0>,GND/G
93,p_0_out__50,RSTA,<const0>,GND/G
93,p_0_out__50,RSTB,<const0>,GND/G
93,p_0_out__50,RSTM,<const0>,GND/G
93,p_0_out__50,RSTP,<const0>,GND/G
93,p_0_out__50,CEA1,<const0>,GND/G
93,p_0_out__50,CEA2,<const0>,GND/G
93,p_0_out__50,CEAD,<const0>,GND/G
93,p_0_out__50,CEB1,<const0>,GND/G
93,p_0_out__50,CEB2,<const0>,GND/G
93,p_0_out__50,CEM,<const0>,GND/G
93,p_0_out__50,CEP,<const0>,GND/G
93,p_0_out__50,CECTRL,<const0>,GND/G
93,p_0_out__50,CED,<const0>,GND/G
93,p_0_out__50,CEINMODE,<const0>,GND/G
94,p_0_out__50__0,CLK,<const0>,GND/G
94,p_0_out__50__0,RSTA,<const0>,GND/G
94,p_0_out__50__0,RSTB,<const0>,GND/G
94,p_0_out__50__0,RSTM,<const0>,GND/G
94,p_0_out__50__0,RSTP,<const0>,GND/G
94,p_0_out__50__0,CEA1,<const0>,GND/G
94,p_0_out__50__0,CEA2,<const0>,GND/G
94,p_0_out__50__0,CEAD,<const0>,GND/G
94,p_0_out__50__0,CEB1,<const0>,GND/G
94,p_0_out__50__0,CEB2,<const0>,GND/G
94,p_0_out__50__0,CEM,<const0>,GND/G
94,p_0_out__50__0,CEP,<const0>,GND/G
94,p_0_out__50__0,CECTRL,<const0>,GND/G
94,p_0_out__50__0,CED,<const0>,GND/G
94,p_0_out__50__0,CEINMODE,<const0>,GND/G
95,p_0_out__51,CLK,<const0>,GND/G
95,p_0_out__51,RSTA,<const0>,GND/G
95,p_0_out__51,RSTB,<const0>,GND/G
95,p_0_out__51,RSTM,<const0>,GND/G
95,p_0_out__51,RSTP,<const0>,GND/G
95,p_0_out__51,CEA1,<const0>,GND/G
95,p_0_out__51,CEA2,<const0>,GND/G
95,p_0_out__51,CEAD,<const0>,GND/G
95,p_0_out__51,CEB1,<const0>,GND/G
95,p_0_out__51,CEB2,<const0>,GND/G
95,p_0_out__51,CEM,<const0>,GND/G
95,p_0_out__51,CEP,<const0>,GND/G
95,p_0_out__51,CECTRL,<const0>,GND/G
95,p_0_out__51,CED,<const0>,GND/G
95,p_0_out__51,CEINMODE,<const0>,GND/G
96,p_0_out__51__0,CLK,<const0>,GND/G
96,p_0_out__51__0,RSTA,<const0>,GND/G
96,p_0_out__51__0,RSTB,<const0>,GND/G
96,p_0_out__51__0,RSTM,<const0>,GND/G
96,p_0_out__51__0,RSTP,<const0>,GND/G
96,p_0_out__51__0,CEA1,<const0>,GND/G
96,p_0_out__51__0,CEA2,<const0>,GND/G
96,p_0_out__51__0,CEAD,<const0>,GND/G
96,p_0_out__51__0,CEB1,<const0>,GND/G
96,p_0_out__51__0,CEB2,<const0>,GND/G
96,p_0_out__51__0,CEM,<const0>,GND/G
96,p_0_out__51__0,CEP,<const0>,GND/G
96,p_0_out__51__0,CECTRL,<const0>,GND/G
96,p_0_out__51__0,CED,<const0>,GND/G
96,p_0_out__51__0,CEINMODE,<const0>,GND/G
97,p_0_out__52,CLK,<const0>,GND/G
97,p_0_out__52,RSTA,<const0>,GND/G
97,p_0_out__52,RSTB,<const0>,GND/G
97,p_0_out__52,RSTM,<const0>,GND/G
97,p_0_out__52,RSTP,<const0>,GND/G
97,p_0_out__52,CEA1,<const0>,GND/G
97,p_0_out__52,CEA2,<const0>,GND/G
97,p_0_out__52,CEAD,<const0>,GND/G
97,p_0_out__52,CEB1,<const0>,GND/G
97,p_0_out__52,CEB2,<const0>,GND/G
97,p_0_out__52,CEM,<const0>,GND/G
97,p_0_out__52,CEP,<const0>,GND/G
97,p_0_out__52,CECTRL,<const0>,GND/G
97,p_0_out__52,CED,<const0>,GND/G
97,p_0_out__52,CEINMODE,<const0>,GND/G
98,p_0_out__52__0,CLK,<const0>,GND/G
98,p_0_out__52__0,RSTA,<const0>,GND/G
98,p_0_out__52__0,RSTB,<const0>,GND/G
98,p_0_out__52__0,RSTM,<const0>,GND/G
98,p_0_out__52__0,RSTP,<const0>,GND/G
98,p_0_out__52__0,CEA1,<const0>,GND/G
98,p_0_out__52__0,CEA2,<const0>,GND/G
98,p_0_out__52__0,CEAD,<const0>,GND/G
98,p_0_out__52__0,CEB1,<const0>,GND/G
98,p_0_out__52__0,CEB2,<const0>,GND/G
98,p_0_out__52__0,CEM,<const0>,GND/G
98,p_0_out__52__0,CEP,<const0>,GND/G
98,p_0_out__52__0,CECTRL,<const0>,GND/G
98,p_0_out__52__0,CED,<const0>,GND/G
98,p_0_out__52__0,CEINMODE,<const0>,GND/G
99,p_0_out__53,CLK,<const0>,GND/G
99,p_0_out__53,RSTA,<const0>,GND/G
99,p_0_out__53,RSTB,<const0>,GND/G
99,p_0_out__53,RSTM,<const0>,GND/G
99,p_0_out__53,RSTP,<const0>,GND/G
99,p_0_out__53,CEA1,<const0>,GND/G
99,p_0_out__53,CEA2,<const0>,GND/G
99,p_0_out__53,CEAD,<const0>,GND/G
99,p_0_out__53,CEB1,<const0>,GND/G
99,p_0_out__53,CEB2,<const0>,GND/G
99,p_0_out__53,CEM,<const0>,GND/G
99,p_0_out__53,CEP,<const0>,GND/G
99,p_0_out__53,CECTRL,<const0>,GND/G
99,p_0_out__53,CED,<const0>,GND/G
99,p_0_out__53,CEINMODE,<const0>,GND/G
100,p_0_out__53__0,CLK,<const0>,GND/G
100,p_0_out__53__0,RSTA,<const0>,GND/G
100,p_0_out__53__0,RSTB,<const0>,GND/G
100,p_0_out__53__0,RSTM,<const0>,GND/G
100,p_0_out__53__0,RSTP,<const0>,GND/G
100,p_0_out__53__0,CEA1,<const0>,GND/G
100,p_0_out__53__0,CEA2,<const0>,GND/G
100,p_0_out__53__0,CEAD,<const0>,GND/G
100,p_0_out__53__0,CEB1,<const0>,GND/G
100,p_0_out__53__0,CEB2,<const0>,GND/G
100,p_0_out__53__0,CEM,<const0>,GND/G
100,p_0_out__53__0,CEP,<const0>,GND/G
100,p_0_out__53__0,CECTRL,<const0>,GND/G
100,p_0_out__53__0,CED,<const0>,GND/G
100,p_0_out__53__0,CEINMODE,<const0>,GND/G
101,p_0_out__54,CLK,<const0>,GND/G
101,p_0_out__54,RSTA,<const0>,GND/G
101,p_0_out__54,RSTB,<const0>,GND/G
101,p_0_out__54,RSTM,<const0>,GND/G
101,p_0_out__54,RSTP,<const0>,GND/G
101,p_0_out__54,CEA1,<const0>,GND/G
101,p_0_out__54,CEA2,<const0>,GND/G
101,p_0_out__54,CEAD,<const0>,GND/G
101,p_0_out__54,CEB1,<const0>,GND/G
101,p_0_out__54,CEB2,<const0>,GND/G
101,p_0_out__54,CEM,<const0>,GND/G
101,p_0_out__54,CEP,<const0>,GND/G
101,p_0_out__54,CECTRL,<const0>,GND/G
101,p_0_out__54,CED,<const0>,GND/G
101,p_0_out__54,CEINMODE,<const0>,GND/G
102,p_0_out__54__0,CLK,<const0>,GND/G
102,p_0_out__54__0,RSTA,<const0>,GND/G
102,p_0_out__54__0,RSTB,<const0>,GND/G
102,p_0_out__54__0,RSTM,<const0>,GND/G
102,p_0_out__54__0,RSTP,<const0>,GND/G
102,p_0_out__54__0,CEA1,<const0>,GND/G
102,p_0_out__54__0,CEA2,<const0>,GND/G
102,p_0_out__54__0,CEAD,<const0>,GND/G
102,p_0_out__54__0,CEB1,<const0>,GND/G
102,p_0_out__54__0,CEB2,<const0>,GND/G
102,p_0_out__54__0,CEM,<const0>,GND/G
102,p_0_out__54__0,CEP,<const0>,GND/G
102,p_0_out__54__0,CECTRL,<const0>,GND/G
102,p_0_out__54__0,CED,<const0>,GND/G
102,p_0_out__54__0,CEINMODE,<const0>,GND/G
103,p_0_out__55,CLK,<const0>,GND/G
103,p_0_out__55,RSTA,<const0>,GND/G
103,p_0_out__55,RSTB,<const0>,GND/G
103,p_0_out__55,RSTM,<const0>,GND/G
103,p_0_out__55,RSTP,<const0>,GND/G
103,p_0_out__55,CEA1,<const0>,GND/G
103,p_0_out__55,CEA2,<const0>,GND/G
103,p_0_out__55,CEAD,<const0>,GND/G
103,p_0_out__55,CEB1,<const0>,GND/G
103,p_0_out__55,CEB2,<const0>,GND/G
103,p_0_out__55,CEM,<const0>,GND/G
103,p_0_out__55,CEP,<const0>,GND/G
103,p_0_out__55,CECTRL,<const0>,GND/G
103,p_0_out__55,CED,<const0>,GND/G
103,p_0_out__55,CEINMODE,<const0>,GND/G
104,p_0_out__55__0,CLK,<const0>,GND/G
104,p_0_out__55__0,RSTA,<const0>,GND/G
104,p_0_out__55__0,RSTB,<const0>,GND/G
104,p_0_out__55__0,RSTM,<const0>,GND/G
104,p_0_out__55__0,RSTP,<const0>,GND/G
104,p_0_out__55__0,CEA1,<const0>,GND/G
104,p_0_out__55__0,CEA2,<const0>,GND/G
104,p_0_out__55__0,CEAD,<const0>,GND/G
104,p_0_out__55__0,CEB1,<const0>,GND/G
104,p_0_out__55__0,CEB2,<const0>,GND/G
104,p_0_out__55__0,CEM,<const0>,GND/G
104,p_0_out__55__0,CEP,<const0>,GND/G
104,p_0_out__55__0,CECTRL,<const0>,GND/G
104,p_0_out__55__0,CED,<const0>,GND/G
104,p_0_out__55__0,CEINMODE,<const0>,GND/G
105,p_0_out__56,CLK,<const0>,GND/G
105,p_0_out__56,RSTA,<const0>,GND/G
105,p_0_out__56,RSTB,<const0>,GND/G
105,p_0_out__56,RSTM,<const0>,GND/G
105,p_0_out__56,RSTP,<const0>,GND/G
105,p_0_out__56,CEA1,<const0>,GND/G
105,p_0_out__56,CEA2,<const0>,GND/G
105,p_0_out__56,CEAD,<const0>,GND/G
105,p_0_out__56,CEB1,<const0>,GND/G
105,p_0_out__56,CEB2,<const0>,GND/G
105,p_0_out__56,CEM,<const0>,GND/G
105,p_0_out__56,CEP,<const0>,GND/G
105,p_0_out__56,CECTRL,<const0>,GND/G
105,p_0_out__56,CED,<const0>,GND/G
105,p_0_out__56,CEINMODE,<const0>,GND/G
106,p_0_out__56__0,CLK,<const0>,GND/G
106,p_0_out__56__0,RSTA,<const0>,GND/G
106,p_0_out__56__0,RSTB,<const0>,GND/G
106,p_0_out__56__0,RSTM,<const0>,GND/G
106,p_0_out__56__0,RSTP,<const0>,GND/G
106,p_0_out__56__0,CEA1,<const0>,GND/G
106,p_0_out__56__0,CEA2,<const0>,GND/G
106,p_0_out__56__0,CEAD,<const0>,GND/G
106,p_0_out__56__0,CEB1,<const0>,GND/G
106,p_0_out__56__0,CEB2,<const0>,GND/G
106,p_0_out__56__0,CEM,<const0>,GND/G
106,p_0_out__56__0,CEP,<const0>,GND/G
106,p_0_out__56__0,CECTRL,<const0>,GND/G
106,p_0_out__56__0,CED,<const0>,GND/G
106,p_0_out__56__0,CEINMODE,<const0>,GND/G
107,p_0_out__57,CLK,<const0>,GND/G
107,p_0_out__57,RSTA,<const0>,GND/G
107,p_0_out__57,RSTB,<const0>,GND/G
107,p_0_out__57,RSTM,<const0>,GND/G
107,p_0_out__57,RSTP,<const0>,GND/G
107,p_0_out__57,CEA1,<const0>,GND/G
107,p_0_out__57,CEA2,<const0>,GND/G
107,p_0_out__57,CEAD,<const0>,GND/G
107,p_0_out__57,CEB1,<const0>,GND/G
107,p_0_out__57,CEB2,<const0>,GND/G
107,p_0_out__57,CEM,<const0>,GND/G
107,p_0_out__57,CEP,<const0>,GND/G
107,p_0_out__57,CECTRL,<const0>,GND/G
107,p_0_out__57,CED,<const0>,GND/G
107,p_0_out__57,CEINMODE,<const0>,GND/G
108,p_0_out__58,CLK,<const0>,GND/G
108,p_0_out__58,RSTA,<const0>,GND/G
108,p_0_out__58,RSTB,<const0>,GND/G
108,p_0_out__58,RSTM,<const0>,GND/G
108,p_0_out__58,RSTP,<const0>,GND/G
108,p_0_out__58,CEA1,<const0>,GND/G
108,p_0_out__58,CEA2,<const0>,GND/G
108,p_0_out__58,CEAD,<const0>,GND/G
108,p_0_out__58,CEB1,<const0>,GND/G
108,p_0_out__58,CEB2,<const0>,GND/G
108,p_0_out__58,CEM,<const0>,GND/G
108,p_0_out__58,CEP,<const0>,GND/G
108,p_0_out__58,CECTRL,<const0>,GND/G
108,p_0_out__58,CED,<const0>,GND/G
108,p_0_out__58,CEINMODE,<const0>,GND/G
109,p_0_out__59,CLK,<const0>,GND/G
109,p_0_out__59,RSTA,<const0>,GND/G
109,p_0_out__59,RSTB,<const0>,GND/G
109,p_0_out__59,RSTM,<const0>,GND/G
109,p_0_out__59,RSTP,<const0>,GND/G
109,p_0_out__59,CEA1,<const0>,GND/G
109,p_0_out__59,CEA2,<const0>,GND/G
109,p_0_out__59,CEAD,<const0>,GND/G
109,p_0_out__59,CEB1,<const0>,GND/G
109,p_0_out__59,CEB2,<const0>,GND/G
109,p_0_out__59,CEM,<const0>,GND/G
109,p_0_out__59,CEP,<const0>,GND/G
109,p_0_out__59,CECTRL,<const0>,GND/G
109,p_0_out__59,CED,<const0>,GND/G
109,p_0_out__59,CEINMODE,<const0>,GND/G
110,p_0_out__5__0,CLK,<const0>,GND/G
110,p_0_out__5__0,RSTA,<const0>,GND/G
110,p_0_out__5__0,RSTB,<const0>,GND/G
110,p_0_out__5__0,RSTM,<const0>,GND/G
110,p_0_out__5__0,RSTP,<const0>,GND/G
110,p_0_out__5__0,CEA1,<const0>,GND/G
110,p_0_out__5__0,CEA2,<const0>,GND/G
110,p_0_out__5__0,CEAD,<const0>,GND/G
110,p_0_out__5__0,CEB1,<const0>,GND/G
110,p_0_out__5__0,CEB2,<const0>,GND/G
110,p_0_out__5__0,CEM,<const0>,GND/G
110,p_0_out__5__0,CEP,<const0>,GND/G
110,p_0_out__5__0,CECTRL,<const0>,GND/G
110,p_0_out__5__0,CED,<const0>,GND/G
110,p_0_out__5__0,CEINMODE,<const0>,GND/G
111,p_0_out__5__0__0,CLK,<const0>,GND/G
111,p_0_out__5__0__0,RSTA,<const0>,GND/G
111,p_0_out__5__0__0,RSTB,<const0>,GND/G
111,p_0_out__5__0__0,RSTM,<const0>,GND/G
111,p_0_out__5__0__0,RSTP,<const0>,GND/G
111,p_0_out__5__0__0,CEA1,<const0>,GND/G
111,p_0_out__5__0__0,CEA2,<const0>,GND/G
111,p_0_out__5__0__0,CEAD,<const0>,GND/G
111,p_0_out__5__0__0,CEB1,<const0>,GND/G
111,p_0_out__5__0__0,CEB2,<const0>,GND/G
111,p_0_out__5__0__0,CEM,<const0>,GND/G
111,p_0_out__5__0__0,CEP,<const0>,GND/G
111,p_0_out__5__0__0,CECTRL,<const0>,GND/G
111,p_0_out__5__0__0,CED,<const0>,GND/G
111,p_0_out__5__0__0,CEINMODE,<const0>,GND/G
112,p_0_out__6,CLK,<const0>,GND/G
112,p_0_out__6,RSTA,<const0>,GND/G
112,p_0_out__6,RSTB,<const0>,GND/G
112,p_0_out__6,RSTM,<const0>,GND/G
112,p_0_out__6,RSTP,<const0>,GND/G
112,p_0_out__6,CEA1,<const0>,GND/G
112,p_0_out__6,CEA2,<const0>,GND/G
112,p_0_out__6,CEAD,<const0>,GND/G
112,p_0_out__6,CEB1,<const0>,GND/G
112,p_0_out__6,CEB2,<const0>,GND/G
112,p_0_out__6,CEM,<const0>,GND/G
112,p_0_out__6,CEP,<const0>,GND/G
112,p_0_out__6,CECTRL,<const0>,GND/G
112,p_0_out__6,CED,<const0>,GND/G
112,p_0_out__6,CEINMODE,<const0>,GND/G
113,p_0_out__60,CLK,<const0>,GND/G
113,p_0_out__60,RSTA,<const0>,GND/G
113,p_0_out__60,RSTB,<const0>,GND/G
113,p_0_out__60,RSTM,<const0>,GND/G
113,p_0_out__60,RSTP,<const0>,GND/G
113,p_0_out__60,CEA1,<const0>,GND/G
113,p_0_out__60,CEA2,<const0>,GND/G
113,p_0_out__60,CEAD,<const0>,GND/G
113,p_0_out__60,CEB1,<const0>,GND/G
113,p_0_out__60,CEB2,<const0>,GND/G
113,p_0_out__60,CEM,<const0>,GND/G
113,p_0_out__60,CEP,<const0>,GND/G
113,p_0_out__60,CECTRL,<const0>,GND/G
113,p_0_out__60,CED,<const0>,GND/G
113,p_0_out__60,CEINMODE,<const0>,GND/G
114,p_0_out__61,CLK,<const0>,GND/G
114,p_0_out__61,RSTA,<const0>,GND/G
114,p_0_out__61,RSTB,<const0>,GND/G
114,p_0_out__61,RSTM,<const0>,GND/G
114,p_0_out__61,RSTP,<const0>,GND/G
114,p_0_out__61,CEA1,<const0>,GND/G
114,p_0_out__61,CEA2,<const0>,GND/G
114,p_0_out__61,CEAD,<const0>,GND/G
114,p_0_out__61,CEB1,<const0>,GND/G
114,p_0_out__61,CEB2,<const0>,GND/G
114,p_0_out__61,CEM,<const0>,GND/G
114,p_0_out__61,CEP,<const0>,GND/G
114,p_0_out__61,CECTRL,<const0>,GND/G
114,p_0_out__61,CED,<const0>,GND/G
114,p_0_out__61,CEINMODE,<const0>,GND/G
115,p_0_out__62,CLK,<const0>,GND/G
115,p_0_out__62,RSTA,<const0>,GND/G
115,p_0_out__62,RSTB,<const0>,GND/G
115,p_0_out__62,RSTM,<const0>,GND/G
115,p_0_out__62,RSTP,<const0>,GND/G
115,p_0_out__62,CEA1,<const0>,GND/G
115,p_0_out__62,CEA2,<const0>,GND/G
115,p_0_out__62,CEAD,<const0>,GND/G
115,p_0_out__62,CEB1,<const0>,GND/G
115,p_0_out__62,CEB2,<const0>,GND/G
115,p_0_out__62,CEM,<const0>,GND/G
115,p_0_out__62,CEP,<const0>,GND/G
115,p_0_out__62,CECTRL,<const0>,GND/G
115,p_0_out__62,CED,<const0>,GND/G
115,p_0_out__62,CEINMODE,<const0>,GND/G
116,p_0_out__63,CLK,<const0>,GND/G
116,p_0_out__63,RSTA,<const0>,GND/G
116,p_0_out__63,RSTB,<const0>,GND/G
116,p_0_out__63,RSTM,<const0>,GND/G
116,p_0_out__63,RSTP,<const0>,GND/G
116,p_0_out__63,CEA1,<const0>,GND/G
116,p_0_out__63,CEA2,<const0>,GND/G
116,p_0_out__63,CEAD,<const0>,GND/G
116,p_0_out__63,CEB1,<const0>,GND/G
116,p_0_out__63,CEB2,<const0>,GND/G
116,p_0_out__63,CEM,<const0>,GND/G
116,p_0_out__63,CEP,<const0>,GND/G
116,p_0_out__63,CECTRL,<const0>,GND/G
116,p_0_out__63,CED,<const0>,GND/G
116,p_0_out__63,CEINMODE,<const0>,GND/G
117,p_0_out__64,CLK,<const0>,GND/G
117,p_0_out__64,RSTA,<const0>,GND/G
117,p_0_out__64,RSTB,<const0>,GND/G
117,p_0_out__64,RSTM,<const0>,GND/G
117,p_0_out__64,RSTP,<const0>,GND/G
117,p_0_out__64,CEA1,<const0>,GND/G
117,p_0_out__64,CEA2,<const0>,GND/G
117,p_0_out__64,CEAD,<const0>,GND/G
117,p_0_out__64,CEB1,<const0>,GND/G
117,p_0_out__64,CEB2,<const0>,GND/G
117,p_0_out__64,CEM,<const0>,GND/G
117,p_0_out__64,CEP,<const0>,GND/G
117,p_0_out__64,CECTRL,<const0>,GND/G
117,p_0_out__64,CED,<const0>,GND/G
117,p_0_out__64,CEINMODE,<const0>,GND/G
118,p_0_out__65,CLK,<const0>,GND/G
118,p_0_out__65,RSTA,<const0>,GND/G
118,p_0_out__65,RSTB,<const0>,GND/G
118,p_0_out__65,RSTM,<const0>,GND/G
118,p_0_out__65,RSTP,<const0>,GND/G
118,p_0_out__65,CEA1,<const0>,GND/G
118,p_0_out__65,CEA2,<const0>,GND/G
118,p_0_out__65,CEAD,<const0>,GND/G
118,p_0_out__65,CEB1,<const0>,GND/G
118,p_0_out__65,CEB2,<const0>,GND/G
118,p_0_out__65,CEM,<const0>,GND/G
118,p_0_out__65,CEP,<const0>,GND/G
118,p_0_out__65,CECTRL,<const0>,GND/G
118,p_0_out__65,CED,<const0>,GND/G
118,p_0_out__65,CEINMODE,<const0>,GND/G
119,p_0_out__66,CLK,<const0>,GND/G
119,p_0_out__66,RSTA,<const0>,GND/G
119,p_0_out__66,RSTB,<const0>,GND/G
119,p_0_out__66,RSTM,<const0>,GND/G
119,p_0_out__66,RSTP,<const0>,GND/G
119,p_0_out__66,CEA1,<const0>,GND/G
119,p_0_out__66,CEA2,<const0>,GND/G
119,p_0_out__66,CEAD,<const0>,GND/G
119,p_0_out__66,CEB1,<const0>,GND/G
119,p_0_out__66,CEB2,<const0>,GND/G
119,p_0_out__66,CEM,<const0>,GND/G
119,p_0_out__66,CEP,<const0>,GND/G
119,p_0_out__66,CECTRL,<const0>,GND/G
119,p_0_out__66,CED,<const0>,GND/G
119,p_0_out__66,CEINMODE,<const0>,GND/G
120,p_0_out__67,CLK,<const0>,GND/G
120,p_0_out__67,RSTA,<const0>,GND/G
120,p_0_out__67,RSTB,<const0>,GND/G
120,p_0_out__67,RSTM,<const0>,GND/G
120,p_0_out__67,RSTP,<const0>,GND/G
120,p_0_out__67,CEA1,<const0>,GND/G
120,p_0_out__67,CEA2,<const0>,GND/G
120,p_0_out__67,CEAD,<const0>,GND/G
120,p_0_out__67,CEB1,<const0>,GND/G
120,p_0_out__67,CEB2,<const0>,GND/G
120,p_0_out__67,CEM,<const0>,GND/G
120,p_0_out__67,CEP,<const0>,GND/G
120,p_0_out__67,CECTRL,<const0>,GND/G
120,p_0_out__67,CED,<const0>,GND/G
120,p_0_out__67,CEINMODE,<const0>,GND/G
121,p_0_out__68,CLK,<const0>,GND/G
121,p_0_out__68,RSTA,<const0>,GND/G
121,p_0_out__68,RSTB,<const0>,GND/G
121,p_0_out__68,RSTM,<const0>,GND/G
121,p_0_out__68,RSTP,<const0>,GND/G
121,p_0_out__68,CEA1,<const0>,GND/G
121,p_0_out__68,CEA2,<const0>,GND/G
121,p_0_out__68,CEAD,<const0>,GND/G
121,p_0_out__68,CEB1,<const0>,GND/G
121,p_0_out__68,CEB2,<const0>,GND/G
121,p_0_out__68,CEM,<const0>,GND/G
121,p_0_out__68,CEP,<const0>,GND/G
121,p_0_out__68,CECTRL,<const0>,GND/G
121,p_0_out__68,CED,<const0>,GND/G
121,p_0_out__68,CEINMODE,<const0>,GND/G
122,p_0_out__6__0,CLK,<const0>,GND/G
122,p_0_out__6__0,RSTA,<const0>,GND/G
122,p_0_out__6__0,RSTB,<const0>,GND/G
122,p_0_out__6__0,RSTM,<const0>,GND/G
122,p_0_out__6__0,RSTP,<const0>,GND/G
122,p_0_out__6__0,CEA1,<const0>,GND/G
122,p_0_out__6__0,CEA2,<const0>,GND/G
122,p_0_out__6__0,CEAD,<const0>,GND/G
122,p_0_out__6__0,CEB1,<const0>,GND/G
122,p_0_out__6__0,CEB2,<const0>,GND/G
122,p_0_out__6__0,CEM,<const0>,GND/G
122,p_0_out__6__0,CEP,<const0>,GND/G
122,p_0_out__6__0,CECTRL,<const0>,GND/G
122,p_0_out__6__0,CED,<const0>,GND/G
122,p_0_out__6__0,CEINMODE,<const0>,GND/G
123,p_0_out__7,CLK,<const0>,GND/G
123,p_0_out__7,RSTA,<const0>,GND/G
123,p_0_out__7,RSTB,<const0>,GND/G
123,p_0_out__7,RSTM,<const0>,GND/G
123,p_0_out__7,RSTP,<const0>,GND/G
123,p_0_out__7,CEA1,<const0>,GND/G
123,p_0_out__7,CEA2,<const0>,GND/G
123,p_0_out__7,CEAD,<const0>,GND/G
123,p_0_out__7,CEB1,<const0>,GND/G
123,p_0_out__7,CEB2,<const0>,GND/G
123,p_0_out__7,CEM,<const0>,GND/G
123,p_0_out__7,CEP,<const0>,GND/G
123,p_0_out__7,CECTRL,<const0>,GND/G
123,p_0_out__7,CED,<const0>,GND/G
123,p_0_out__7,CEINMODE,<const0>,GND/G
124,p_0_out__7__0,CLK,<const0>,GND/G
124,p_0_out__7__0,RSTA,<const0>,GND/G
124,p_0_out__7__0,RSTB,<const0>,GND/G
124,p_0_out__7__0,RSTM,<const0>,GND/G
124,p_0_out__7__0,RSTP,<const0>,GND/G
124,p_0_out__7__0,CEA1,<const0>,GND/G
124,p_0_out__7__0,CEA2,<const0>,GND/G
124,p_0_out__7__0,CEAD,<const0>,GND/G
124,p_0_out__7__0,CEB1,<const0>,GND/G
124,p_0_out__7__0,CEB2,<const0>,GND/G
124,p_0_out__7__0,CEM,<const0>,GND/G
124,p_0_out__7__0,CEP,<const0>,GND/G
124,p_0_out__7__0,CECTRL,<const0>,GND/G
124,p_0_out__7__0,CED,<const0>,GND/G
124,p_0_out__7__0,CEINMODE,<const0>,GND/G
125,p_0_out__8,CLK,<const0>,GND/G
125,p_0_out__8,RSTA,<const0>,GND/G
125,p_0_out__8,RSTB,<const0>,GND/G
125,p_0_out__8,RSTM,<const0>,GND/G
125,p_0_out__8,RSTP,<const0>,GND/G
125,p_0_out__8,CEA1,<const0>,GND/G
125,p_0_out__8,CEA2,<const0>,GND/G
125,p_0_out__8,CEAD,<const0>,GND/G
125,p_0_out__8,CEB1,<const0>,GND/G
125,p_0_out__8,CEB2,<const0>,GND/G
125,p_0_out__8,CEM,<const0>,GND/G
125,p_0_out__8,CEP,<const0>,GND/G
125,p_0_out__8,CECTRL,<const0>,GND/G
125,p_0_out__8,CED,<const0>,GND/G
125,p_0_out__8,CEINMODE,<const0>,GND/G
126,p_0_out__8__0,CLK,<const0>,GND/G
126,p_0_out__8__0,RSTA,<const0>,GND/G
126,p_0_out__8__0,RSTB,<const0>,GND/G
126,p_0_out__8__0,RSTM,<const0>,GND/G
126,p_0_out__8__0,RSTP,<const0>,GND/G
126,p_0_out__8__0,CEA1,<const0>,GND/G
126,p_0_out__8__0,CEA2,<const0>,GND/G
126,p_0_out__8__0,CEAD,<const0>,GND/G
126,p_0_out__8__0,CEB1,<const0>,GND/G
126,p_0_out__8__0,CEB2,<const0>,GND/G
126,p_0_out__8__0,CEM,<const0>,GND/G
126,p_0_out__8__0,CEP,<const0>,GND/G
126,p_0_out__8__0,CECTRL,<const0>,GND/G
126,p_0_out__8__0,CED,<const0>,GND/G
126,p_0_out__8__0,CEINMODE,<const0>,GND/G
127,p_0_out__9,CLK,<const0>,GND/G
127,p_0_out__9,RSTA,<const0>,GND/G
127,p_0_out__9,RSTB,<const0>,GND/G
127,p_0_out__9,RSTM,<const0>,GND/G
127,p_0_out__9,RSTP,<const0>,GND/G
127,p_0_out__9,CEA1,<const0>,GND/G
127,p_0_out__9,CEA2,<const0>,GND/G
127,p_0_out__9,CEAD,<const0>,GND/G
127,p_0_out__9,CEB1,<const0>,GND/G
127,p_0_out__9,CEB2,<const0>,GND/G
127,p_0_out__9,CEM,<const0>,GND/G
127,p_0_out__9,CEP,<const0>,GND/G
127,p_0_out__9,CECTRL,<const0>,GND/G
127,p_0_out__9,CED,<const0>,GND/G
127,p_0_out__9,CEINMODE,<const0>,GND/G
128,p_0_out__9__0,CLK,<const0>,GND/G
128,p_0_out__9__0,RSTA,<const0>,GND/G
128,p_0_out__9__0,RSTB,<const0>,GND/G
128,p_0_out__9__0,RSTM,<const0>,GND/G
128,p_0_out__9__0,RSTP,<const0>,GND/G
128,p_0_out__9__0,CEA1,<const0>,GND/G
128,p_0_out__9__0,CEA2,<const0>,GND/G
128,p_0_out__9__0,CEAD,<const0>,GND/G
128,p_0_out__9__0,CEB1,<const0>,GND/G
128,p_0_out__9__0,CEB2,<const0>,GND/G
128,p_0_out__9__0,CEM,<const0>,GND/G
128,p_0_out__9__0,CEP,<const0>,GND/G
128,p_0_out__9__0,CECTRL,<const0>,GND/G
128,p_0_out__9__0,CED,<const0>,GND/G
128,p_0_out__9__0,CEINMODE,<const0>,GND/G
