index,cell,loc,AREG,BREG,MREG,PREG,ACASCREG,BCASCREG,ADREG,DREG,USE_MULT,CEM,CEMUX,CEP,CEPRED,RSTA,RSTB,RSTM,RSTP,CECTRL,CEAD,CEINMODE,IS_PRIMITIVE
1,p_0_out,DSP48E2_X10Y44,0,0,0,0,0,0,1,1,MULTIPLY,,,,,,,,,,,,1
2,p_0_out__0,DSP48E2_X10Y48,0,0,0,0,0,0,1,1,MULTIPLY,,,,,,,,,,,,1
3,p_0_out__0__0,DSP48E2_X9Y36,0,0,0,0,0,0,1,1,MULTIPLY,,,,,,,,,,,,1
4,p_0_out__1,DSP48E2_X11Y48,0,0,0,0,0,0,1,1,MULTIPLY,,,,,,,,,,,,1
5,p_0_out__10,DSP48E2_X9Y37,0,0,0,0,0,0,1,1,MULTIPLY,,,,,,,,,,,,1
6,p_0_out__10__0,DSP48E2_X10Y32,0,0,0,0,0,0,1,1,MULTIPLY,,,,,,,,,,,,1
7,p_0_out__11,DSP48E2_X11Y34,0,0,0,0,0,0,1,1,MULTIPLY,,,,,,,,,,,,1
8,p_0_out__11__0,DSP48E2_X7Y32,0,0,0,0,0,0,1,1,MULTIPLY,,,,,,,,,,,,1
9,p_0_out__12,DSP48E2_X7Y40,0,0,0,0,0,0,1,1,MULTIPLY,,,,,,,,,,,,1
10,p_0_out__12__0,DSP48E2_X7Y26,0,0,0,0,0,0,1,1,MULTIPLY,,,,,,,,,,,,1
11,p_0_out__13,DSP48E2_X10Y36,0,0,0,0,0,0,1,1,MULTIPLY,,,,,,,,,,,,1
12,p_0_out__13__0,DSP48E2_X8Y28,0,0,0,0,0,0,1,1,MULTIPLY,,,,,,,,,,,,1
13,p_0_out__14,DSP48E2_X11Y42,0,0,0,0,0,0,1,1,MULTIPLY,,,,,,,,,,,,1
14,p_0_out__14__0,DSP48E2_X8Y34,0,0,0,0,0,0,1,1,MULTIPLY,,,,,,,,,,,,1
15,p_0_out__15,DSP48E2_X10Y38,0,0,0,0,0,0,1,1,MULTIPLY,,,,,,,,,,,,1
16,p_0_out__15__0,DSP48E2_X9Y28,0,0,0,0,0,0,1,1,MULTIPLY,,,,,,,,,,,,1
17,p_0_out__16,DSP48E2_X11Y46,0,0,0,0,0,0,1,1,MULTIPLY,,,,,,,,,,,,1
18,p_0_out__16__0,DSP48E2_X10Y26,0,0,0,0,0,0,1,1,MULTIPLY,,,,,,,,,,,,1
19,p_0_out__17,DSP48E2_X12Y42,0,0,0,0,0,0,1,1,MULTIPLY,,,,,,,,,,,,1
20,p_0_out__17__0,DSP48E2_X8Y36,0,0,0,0,0,0,1,1,MULTIPLY,,,,,,,,,,,,1
21,p_0_out__18,DSP48E2_X10Y45,0,0,0,0,0,0,1,1,MULTIPLY,,,,,,,,,,,,1
22,p_0_out__18__0,DSP48E2_X9Y34,0,0,0,0,0,0,1,1,MULTIPLY,,,,,,,,,,,,1
23,p_0_out__19,DSP48E2_X11Y38,0,0,0,0,0,0,1,1,MULTIPLY,,,,,,,,,,,,1
24,p_0_out__19__0,DSP48E2_X9Y32,0,0,0,0,0,0,1,1,MULTIPLY,,,,,,,,,,,,1
25,p_0_out__1__0,DSP48E2_X7Y44,0,0,0,0,0,0,1,1,MULTIPLY,,,,,,,,,,,,1
26,p_0_out__2,DSP48E2_X9Y44,0,0,0,0,0,0,1,1,MULTIPLY,,,,,,,,,,,,1
27,p_0_out__20,DSP48E2_X12Y36,0,0,0,0,0,0,1,1,MULTIPLY,,,,,,,,,,,,1
28,p_0_out__20__0,DSP48E2_X7Y34,0,0,0,0,0,0,1,1,MULTIPLY,,,,,,,,,,,,1
29,p_0_out__21,DSP48E2_X12Y38,0,0,0,0,0,0,1,1,MULTIPLY,,,,,,,,,,,,1
30,p_0_out__21__0,DSP48E2_X12Y34,0,0,0,0,0,0,1,1,MULTIPLY,,,,,,,,,,,,1
31,p_0_out__22,DSP48E2_X10Y42,0,0,0,0,0,0,1,1,MULTIPLY,,,,,,,,,,,,1
32,p_0_out__22__0,DSP48E2_X11Y26,0,0,0,0,0,0,1,1,MULTIPLY,,,,,,,,,,,,1
33,p_0_out__23,DSP48E2_X9Y42,0,0,0,0,0,0,1,1,MULTIPLY,,,,,,,,,,,,1
34,p_0_out__23__0,DSP48E2_X9Y26,0,0,0,0,0,0,1,1,MULTIPLY,,,,,,,,,,,,1
35,p_0_out__24,DSP48E2_X10Y39,0,0,0,0,0,0,1,1,MULTIPLY,,,,,,,,,,,,1
36,p_0_out__24__0,DSP48E2_X9Y30,0,0,0,0,0,0,1,1,MULTIPLY,,,,,,,,,,,,1
37,p_0_out__25,DSP48E2_X10Y46,0,0,0,0,0,0,1,1,MULTIPLY,,,,,,,,,,,,1
38,p_0_out__25__0,DSP48E2_X9Y38,0,0,0,0,0,0,1,1,MULTIPLY,,,,,,,,,,,,1
39,p_0_out__26,DSP48E2_X11Y43,0,0,0,0,0,0,1,1,MULTIPLY,,,,,,,,,,,,1
40,p_0_out__26__0,DSP48E2_X9Y40,0,0,0,0,0,0,1,1,MULTIPLY,,,,,,,,,,,,1
41,p_0_out__27,DSP48E2_X10Y40,0,0,0,0,0,0,1,1,MULTIPLY,,,,,,,,,,,,1
42,p_0_out__27__0,DSP48E2_X7Y48,0,0,0,0,0,0,1,1,MULTIPLY,,,,,,,,,,,,1
43,p_0_out__28,DSP48E2_X9Y45,0,0,0,0,0,0,1,1,MULTIPLY,,,,,,,,,,,,1
44,p_0_out__28__0,DSP48E2_X8Y42,0,0,0,0,0,0,1,1,MULTIPLY,,,,,,,,,,,,1
45,p_0_out__29,DSP48E2_X9Y48,0,0,0,0,0,0,1,1,MULTIPLY,,,,,,,,,,,,1
46,p_0_out__29__0,DSP48E2_X7Y28,0,0,0,0,0,0,1,1,MULTIPLY,,,,,,,,,,,,1
47,p_0_out__2__0,DSP48E2_X7Y38,0,0,0,0,0,0,1,1,MULTIPLY,,,,,,,,,,,,1
48,p_0_out__3,DSP48E2_X11Y39,0,0,0,0,0,0,1,1,MULTIPLY,,,,,,,,,,,,1
49,p_0_out__30,DSP48E2_X10Y43,0,0,0,0,0,0,1,1,MULTIPLY,,,,,,,,,,,,1
50,p_0_out__30__0,DSP48E2_X7Y33,0,0,0,0,0,0,1,1,MULTIPLY,,,,,,,,,,,,1
51,p_0_out__31,DSP48E2_X7Y50,0,0,0,0,0,0,1,1,MULTIPLY,,,,,,,,,,,,1
52,p_0_out__31__0,DSP48E2_X7Y49,0,0,0,0,0,0,1,1,MULTIPLY,,,,,,,,,,,,1
53,p_0_out__32,DSP48E2_X8Y40,0,0,0,0,0,0,1,1,MULTIPLY,,,,,,,,,,,,1
54,p_0_out__32__0,DSP48E2_X7Y35,0,0,0,0,0,0,1,1,MULTIPLY,,,,,,,,,,,,1
55,p_0_out__33,DSP48E2_X8Y43,0,0,0,0,0,0,1,1,MULTIPLY,,,,,,,,,,,,1
56,p_0_out__33__0,DSP48E2_X10Y30,0,0,0,0,0,0,1,1,MULTIPLY,,,,,,,,,,,,1
57,p_0_out__34,DSP48E2_X9Y41,0,0,0,0,0,0,1,1,MULTIPLY,,,,,,,,,,,,1
58,p_0_out__34__0,DSP48E2_X8Y32,0,0,0,0,0,0,1,1,MULTIPLY,,,,,,,,,,,,1
59,p_0_out__35,DSP48E2_X9Y46,0,0,0,0,0,0,1,1,MULTIPLY,,,,,,,,,,,,1
60,p_0_out__35__0,DSP48E2_X9Y31,0,0,0,0,0,0,1,1,MULTIPLY,,,,,,,,,,,,1
61,p_0_out__36,DSP48E2_X10Y47,0,0,0,0,0,0,1,1,MULTIPLY,,,,,,,,,,,,1
62,p_0_out__36__0,DSP48E2_X7Y42,0,0,0,0,0,0,1,1,MULTIPLY,,,,,,,,,,,,1
63,p_0_out__37,DSP48E2_X12Y37,0,0,0,0,0,0,1,1,MULTIPLY,,,,,,,,,,,,1
64,p_0_out__37__0,DSP48E2_X7Y43,0,0,0,0,0,0,1,1,MULTIPLY,,,,,,,,,,,,1
65,p_0_out__38,DSP48E2_X11Y36,0,0,0,0,0,0,1,1,MULTIPLY,,,,,,,,,,,,1
66,p_0_out__38__0,DSP48E2_X7Y46,0,0,0,0,0,0,1,1,MULTIPLY,,,,,,,,,,,,1
67,p_0_out__39,DSP48E2_X8Y37,0,0,0,0,0,0,1,1,MULTIPLY,,,,,,,,,,,,1
68,p_0_out__39__0,DSP48E2_X11Y32,0,0,0,0,0,0,1,1,MULTIPLY,,,,,,,,,,,,1
69,p_0_out__3__0,DSP48E2_X8Y30,0,0,0,0,0,0,1,1,MULTIPLY,,,,,,,,,,,,1
70,p_0_out__4,DSP48E2_X11Y40,0,0,0,0,0,0,1,1,MULTIPLY,,,,,,,,,,,,1
71,p_0_out__40,DSP48E2_X12Y35,0,0,0,0,0,0,1,1,MULTIPLY,,,,,,,,,,,,1
72,p_0_out__40__0,DSP48E2_X10Y34,0,0,0,0,0,0,1,1,MULTIPLY,,,,,,,,,,,,1
73,p_0_out__41,DSP48E2_X10Y49,0,0,0,0,0,0,1,1,MULTIPLY,,,,,,,,,,,,1
74,p_0_out__41__0,DSP48E2_X9Y29,0,0,0,0,0,0,1,1,MULTIPLY,,,,,,,,,,,,1
75,p_0_out__42,DSP48E2_X11Y47,0,0,0,0,0,0,1,1,MULTIPLY,,,,,,,,,,,,1
76,p_0_out__42__0,DSP48E2_X10Y28,0,0,0,0,0,0,1,1,MULTIPLY,,,,,,,,,,,,1
77,p_0_out__43,DSP48E2_X11Y44,0,0,0,0,0,0,1,1,MULTIPLY,,,,,,,,,,,,1
78,p_0_out__43__0,DSP48E2_X7Y30,0,0,0,0,0,0,1,1,MULTIPLY,,,,,,,,,,,,1
79,p_0_out__44,DSP48E2_X11Y45,0,0,0,0,0,0,1,1,MULTIPLY,,,,,,,,,,,,1
80,p_0_out__44__0,DSP48E2_X7Y36,0,0,0,0,0,0,1,1,MULTIPLY,,,,,,,,,,,,1
81,p_0_out__45,DSP48E2_X8Y44,0,0,0,0,0,0,1,1,MULTIPLY,,,,,,,,,,,,1
82,p_0_out__45__0,DSP48E2_X7Y39,0,0,0,0,0,0,1,1,MULTIPLY,,,,,,,,,,,,1
83,p_0_out__46,DSP48E2_X7Y47,0,0,0,0,0,0,1,1,MULTIPLY,,,,,,,,,,,,1
84,p_0_out__46__0,DSP48E2_X7Y45,0,0,0,0,0,0,1,1,MULTIPLY,,,,,,,,,,,,1
85,p_0_out__47,DSP48E2_X9Y47,0,0,0,0,0,0,1,1,MULTIPLY,,,,,,,,,,,,1
86,p_0_out__47__0,DSP48E2_X7Y29,0,0,0,0,0,0,1,1,MULTIPLY,,,,,,,,,,,,1
87,p_0_out__48,DSP48E2_X11Y49,0,0,0,0,0,0,1,1,MULTIPLY,,,,,,,,,,,,1
88,p_0_out__48__0,DSP48E2_X7Y31,0,0,0,0,0,0,1,1,MULTIPLY,,,,,,,,,,,,1
89,p_0_out__49,DSP48E2_X11Y41,0,0,0,0,0,0,1,1,MULTIPLY,,,,,,,,,,,,1
90,p_0_out__49__0,DSP48E2_X8Y31,0,0,0,0,0,0,1,1,MULTIPLY,,,,,,,,,,,,1
91,p_0_out__4__0,DSP48E2_X8Y29,0,0,0,0,0,0,1,1,MULTIPLY,,,,,,,,,,,,1
92,p_0_out__5,DSP48E2_X8Y45,0,0,0,0,0,0,1,1,MULTIPLY,,,,,,,,,,,,1
93,p_0_out__50,DSP48E2_X9Y39,0,0,0,0,0,0,1,1,MULTIPLY,,,,,,,,,,,,1
94,p_0_out__50__0,DSP48E2_X10Y35,0,0,0,0,0,0,1,1,MULTIPLY,,,,,,,,,,,,1
95,p_0_out__51,DSP48E2_X11Y37,0,0,0,0,0,0,1,1,MULTIPLY,,,,,,,,,,,,1
96,p_0_out__51__0,DSP48E2_X9Y35,0,0,0,0,0,0,1,1,MULTIPLY,,,,,,,,,,,,1
97,p_0_out__52,DSP48E2_X8Y39,0,0,0,0,0,0,1,1,MULTIPLY,,,,,,,,,,,,1
98,p_0_out__52__0,DSP48E2_X8Y33,0,0,0,0,0,0,1,1,MULTIPLY,,,,,,,,,,,,1
99,p_0_out__53,DSP48E2_X12Y39,0,0,0,0,0,0,1,1,MULTIPLY,,,,,,,,,,,,1
100,p_0_out__53__0,DSP48E2_X7Y51,0,0,0,0,0,0,1,1,MULTIPLY,,,,,,,,,,,,1
101,p_0_out__54,DSP48E2_X10Y41,0,0,0,0,0,0,1,1,MULTIPLY,,,,,,,,,,,,1
102,p_0_out__54__0,DSP48E2_X8Y38,0,0,0,0,0,0,1,1,MULTIPLY,,,,,,,,,,,,1
103,p_0_out__55,DSP48E2_X10Y31,0,0,0,0,0,0,1,1,MULTIPLY,,,,,,,,,,,,1
104,p_0_out__55__0,DSP48E2_X10Y24,0,0,0,0,0,0,1,1,MULTIPLY,,,,,,,,,,,,1
105,p_0_out__56,DSP48E2_X12Y40,0,0,0,0,0,0,1,1,MULTIPLY,,,,,,,,,,,,1
106,p_0_out__56__0,DSP48E2_X11Y27,0,0,0,0,0,0,1,1,MULTIPLY,,,,,,,,,,,,1
107,p_0_out__57,DSP48E2_X11Y30,0,0,0,0,0,0,1,1,MULTIPLY,,,,,,,,,,,,1
108,p_0_out__58,DSP48E2_X11Y33,0,0,0,0,0,0,1,1,MULTIPLY,,,,,,,,,,,,1
109,p_0_out__59,DSP48E2_X8Y35,0,0,0,0,0,0,1,1,MULTIPLY,,,,,,,,,,,,1
110,p_0_out__5__0,DSP48E2_X10Y37,0,0,0,0,0,0,1,1,MULTIPLY,,,,,,,,,,,,1
111,p_0_out__5__0__0,DSP48E2_X8Y26,0,0,0,0,0,0,1,1,MULTIPLY,,,,,,,,,,,,1
112,p_0_out__6,DSP48E2_X9Y43,0,0,0,0,0,0,1,1,MULTIPLY,,,,,,,,,,,,1
113,p_0_out__60,DSP48E2_X7Y41,0,0,0,0,0,0,1,1,MULTIPLY,,,,,,,,,,,,1
114,p_0_out__61,DSP48E2_X8Y47,0,0,0,0,0,0,1,1,MULTIPLY,,,,,,,,,,,,1
115,p_0_out__62,DSP48E2_X7Y37,0,0,0,0,0,0,1,1,MULTIPLY,,,,,,,,,,,,1
116,p_0_out__63,DSP48E2_X7Y27,0,0,0,0,0,0,1,1,MULTIPLY,,,,,,,,,,,,1
117,p_0_out__64,DSP48E2_X9Y27,0,0,0,0,0,0,1,1,MULTIPLY,,,,,,,,,,,,1
118,p_0_out__65,DSP48E2_X8Y27,0,0,0,0,0,0,1,1,MULTIPLY,,,,,,,,,,,,1
119,p_0_out__66,DSP48E2_X9Y33,0,0,0,0,0,0,1,1,MULTIPLY,,,,,,,,,,,,1
120,p_0_out__67,DSP48E2_X10Y29,0,0,0,0,0,0,1,1,MULTIPLY,,,,,,,,,,,,1
121,p_0_out__68,DSP48E2_X11Y28,0,0,0,0,0,0,1,1,MULTIPLY,,,,,,,,,,,,1
122,p_0_out__6__0,DSP48E2_X10Y33,0,0,0,0,0,0,1,1,MULTIPLY,,,,,,,,,,,,1
123,p_0_out__7,DSP48E2_X8Y46,0,0,0,0,0,0,1,1,MULTIPLY,,,,,,,,,,,,1
124,p_0_out__7__0,DSP48E2_X10Y27,0,0,0,0,0,0,1,1,MULTIPLY,,,,,,,,,,,,1
125,p_0_out__8,DSP48E2_X8Y41,0,0,0,0,0,0,1,1,MULTIPLY,,,,,,,,,,,,1
126,p_0_out__8__0,DSP48E2_X11Y29,0,0,0,0,0,0,1,1,MULTIPLY,,,,,,,,,,,,1
127,p_0_out__9,DSP48E2_X11Y35,0,0,0,0,0,0,1,1,MULTIPLY,,,,,,,,,,,,1
128,p_0_out__9__0,DSP48E2_X11Y31,0,0,0,0,0,0,1,1,MULTIPLY,,,,,,,,,,,,1
