"endpoint","startpoint","slack","path_group","launch_clock","capture_clock","start_cell","start_ref","start_hierarchy","end_cell","end_ref","end_hierarchy","logic_levels","logic_delay_ns","routing_delay_ns","datapath_delay_ns","routing_fraction","start_loc","end_loc","start_clock_region","end_clock_region","raw_structural_signature","normalized_structural_signature","classification_bucket","source_family","endpoint_family","violation_magnitude_ns"
"sink_it_data_out_q_reg[18]/D","u_dut/output_index_reg[4]_replica_1/C","-0.002000000","clk","clk","clk","u_dut/output_index_reg[4]_replica_1","FDCE","u_dut/output_index_reg_replica_1","sink_it_data_out_q_reg[18]","FDCE","sink_it_data_out_q_reg","5","0.306000000","1.586000000","1.892000000","0.838266385","SLICE_X62Y47","SLICE_X60Y74","","","SIGNATURE_SKIPPED|FDCE|FDCE","SIGNATURE_SKIPPED|FDCE|FDCE","DUT_TO_SINK_BOUNDARY","u_dut/output_index_reg_replica_1","harness/sink_boundary","0.002000000"
"sink_it_data_out_q_reg[19]/D","u_dut/output_index_reg[0]_replica_2/C","-0.014000000","clk","clk","clk","u_dut/output_index_reg[0]_replica_2","FDCE","u_dut/output_index_reg_replica_2","sink_it_data_out_q_reg[19]","FDCE","sink_it_data_out_q_reg","5","0.585000000","1.341000000","1.926000000","0.696261682","SLICE_X61Y45","SLICE_X60Y70","","","SIGNATURE_SKIPPED|FDCE|FDCE","SIGNATURE_SKIPPED|FDCE|FDCE","DUT_TO_SINK_BOUNDARY","u_dut/output_index_reg_replica_2","harness/sink_boundary","0.014000000"
"sink_it_data_out_q_reg[22]/D","u_dut/output_index_reg[3]_replica_7/C","-0.023000000","clk","clk","clk","u_dut/output_index_reg[3]_replica_7","FDCE","u_dut/output_index_reg_replica_7","sink_it_data_out_q_reg[22]","FDCE","sink_it_data_out_q_reg","5","0.388000000","1.514000000","1.902000000","0.796004206","SLICE_X59Y49","SLICE_X68Y79","","","SIGNATURE_SKIPPED|FDCE|FDCE","SIGNATURE_SKIPPED|FDCE|FDCE","DUT_TO_SINK_BOUNDARY","u_dut/output_index_reg_replica_7","harness/sink_boundary","0.023000000"
"sink_it_data_out_q_reg[27]/D","u_dut/output_index_reg[4]_replica_2/C","-0.009000000","clk","clk","clk","u_dut/output_index_reg[4]_replica_2","FDCE","u_dut/output_index_reg_replica_2","sink_it_data_out_q_reg[27]","FDCE","sink_it_data_out_q_reg","5","0.388000000","1.508000000","1.896000000","0.795358650","SLICE_X62Y57","SLICE_X67Y79","","","SIGNATURE_SKIPPED|FDCE|FDCE","SIGNATURE_SKIPPED|FDCE|FDCE","DUT_TO_SINK_BOUNDARY","u_dut/output_index_reg_replica_2","harness/sink_boundary","0.009000000"
"sink_it_data_out_q_reg[28]/D","u_dut/output_index_reg[4]_replica_2/C","-0.017000000","clk","clk","clk","u_dut/output_index_reg[4]_replica_2","FDCE","u_dut/output_index_reg_replica_2","sink_it_data_out_q_reg[28]","FDCE","sink_it_data_out_q_reg","5","0.395000000","1.502000000","1.897000000","0.791776489","SLICE_X62Y57","SLICE_X68Y79","","","SIGNATURE_SKIPPED|FDCE|FDCE","SIGNATURE_SKIPPED|FDCE|FDCE","DUT_TO_SINK_BOUNDARY","u_dut/output_index_reg_replica_2","harness/sink_boundary","0.017000000"
"sink_it_data_out_q_reg[2]/D","u_dut/output_index_reg[3]_replica_1/C","-0.030000000","clk","clk","clk","u_dut/output_index_reg[3]_replica_1","FDCE","u_dut/output_index_reg_replica_1","sink_it_data_out_q_reg[2]","FDCE","sink_it_data_out_q_reg","5","0.322000000","1.609000000","1.931000000","0.833247022","SLICE_X59Y49","SLICE_X58Y79","","","SIGNATURE_SKIPPED|FDCE|FDCE","SIGNATURE_SKIPPED|FDCE|FDCE","DUT_TO_SINK_BOUNDARY","u_dut/output_index_reg_replica_1","harness/sink_boundary","0.030000000"
"u_dut/gen_tmp_banks[0].u_kernel_tmp_bank/mem_reg_256_319_14_15/RAMA/WE","u_dut/vwrite_cmd_valid_q_reg/C","-0.002000000","clk","clk","clk","u_dut/vwrite_cmd_valid_q_reg","FDCE","u_dut/vwrite_cmd_valid_q_reg","u_dut/gen_tmp_banks[0].u_kernel_tmp_bank/mem_reg_256_319_14_15/RAMA","RAMD64E","u_dut/gen_tmp_banks.u_kernel_tmp_bank/mem_reg_256_319_14_15/RAMA","2","0.321000000","1.452000000","1.773000000","0.818950931","SLICE_X67Y41","SLICE_X56Y26","","","SIGNATURE_SKIPPED|FDCE|RAMD64E","SIGNATURE_SKIPPED|FDCE|RAMD64E","DUT_INTERNAL","u_dut/vwrite_cmd_valid_q_reg","u_dut/temp_bank","0.002000000"
"u_dut/gen_tmp_banks[0].u_kernel_tmp_bank/mem_reg_256_319_14_15/RAMB/WE","u_dut/vwrite_cmd_valid_q_reg/C","-0.002000000","clk","clk","clk","u_dut/vwrite_cmd_valid_q_reg","FDCE","u_dut/vwrite_cmd_valid_q_reg","u_dut/gen_tmp_banks[0].u_kernel_tmp_bank/mem_reg_256_319_14_15/RAMB","RAMD64E","u_dut/gen_tmp_banks.u_kernel_tmp_bank/mem_reg_256_319_14_15/RAMB","2","0.321000000","1.452000000","1.773000000","0.818950931","SLICE_X67Y41","SLICE_X56Y26","","","SIGNATURE_SKIPPED|FDCE|RAMD64E","SIGNATURE_SKIPPED|FDCE|RAMD64E","DUT_INTERNAL","u_dut/vwrite_cmd_valid_q_reg","u_dut/temp_bank","0.002000000"
"u_dut/gen_tmp_banks[0].u_kernel_tmp_bank/mem_reg_256_319_14_15/RAMC/WE","u_dut/vwrite_cmd_valid_q_reg/C","-0.002000000","clk","clk","clk","u_dut/vwrite_cmd_valid_q_reg","FDCE","u_dut/vwrite_cmd_valid_q_reg","u_dut/gen_tmp_banks[0].u_kernel_tmp_bank/mem_reg_256_319_14_15/RAMC","RAMD64E","u_dut/gen_tmp_banks.u_kernel_tmp_bank/mem_reg_256_319_14_15/RAMC","2","0.321000000","1.452000000","1.773000000","0.818950931","SLICE_X67Y41","SLICE_X56Y26","","","SIGNATURE_SKIPPED|FDCE|RAMD64E","SIGNATURE_SKIPPED|FDCE|RAMD64E","DUT_INTERNAL","u_dut/vwrite_cmd_valid_q_reg","u_dut/temp_bank","0.002000000"
"u_dut/gen_tmp_banks[0].u_kernel_tmp_bank/mem_reg_256_319_14_15/RAMD/WE","u_dut/vwrite_cmd_valid_q_reg/C","-0.002000000","clk","clk","clk","u_dut/vwrite_cmd_valid_q_reg","FDCE","u_dut/vwrite_cmd_valid_q_reg","u_dut/gen_tmp_banks[0].u_kernel_tmp_bank/mem_reg_256_319_14_15/RAMD","RAMD64E","u_dut/gen_tmp_banks.u_kernel_tmp_bank/mem_reg_256_319_14_15/RAMD","2","0.321000000","1.452000000","1.773000000","0.818950931","SLICE_X67Y41","SLICE_X56Y26","","","SIGNATURE_SKIPPED|FDCE|RAMD64E","SIGNATURE_SKIPPED|FDCE|RAMD64E","DUT_INTERNAL","u_dut/vwrite_cmd_valid_q_reg","u_dut/temp_bank","0.002000000"
"u_dut/kernel_ctx_active_size_q_reg[2]/CE","u_dut/vwrite_cmd_valid_q_reg/C","-0.013000000","clk","clk","clk","u_dut/vwrite_cmd_valid_q_reg","FDCE","u_dut/vwrite_cmd_valid_q_reg","u_dut/kernel_ctx_active_size_q_reg[2]","FDCE","u_dut/kernel_ctx_active_size_q_reg","3","0.327000000","1.496000000","1.823000000","0.820625343","SLICE_X67Y41","SLICE_X69Y37","","","SIGNATURE_SKIPPED|FDCE|FDCE","SIGNATURE_SKIPPED|FDCE|FDCE","DUT_INTERNAL","u_dut/vwrite_cmd_valid_q_reg","u_dut/kernel_ctx_active_size_q_reg","0.013000000"
"u_dut/kernel_ctx_active_size_q_reg[3]/CE","u_dut/vwrite_cmd_valid_q_reg/C","-0.013000000","clk","clk","clk","u_dut/vwrite_cmd_valid_q_reg","FDCE","u_dut/vwrite_cmd_valid_q_reg","u_dut/kernel_ctx_active_size_q_reg[3]","FDCE","u_dut/kernel_ctx_active_size_q_reg","3","0.327000000","1.496000000","1.823000000","0.820625343","SLICE_X67Y41","SLICE_X69Y37","","","SIGNATURE_SKIPPED|FDCE|FDCE","SIGNATURE_SKIPPED|FDCE|FDCE","DUT_INTERNAL","u_dut/vwrite_cmd_valid_q_reg","u_dut/kernel_ctx_active_size_q_reg","0.013000000"
"u_dut/kernel_ctx_active_size_q_reg[4]/CE","u_dut/vwrite_cmd_valid_q_reg/C","-0.013000000","clk","clk","clk","u_dut/vwrite_cmd_valid_q_reg","FDCE","u_dut/vwrite_cmd_valid_q_reg","u_dut/kernel_ctx_active_size_q_reg[4]","FDCE","u_dut/kernel_ctx_active_size_q_reg","3","0.327000000","1.496000000","1.823000000","0.820625343","SLICE_X67Y41","SLICE_X69Y37","","","SIGNATURE_SKIPPED|FDCE|FDCE","SIGNATURE_SKIPPED|FDCE|FDCE","DUT_INTERNAL","u_dut/vwrite_cmd_valid_q_reg","u_dut/kernel_ctx_active_size_q_reg","0.013000000"
"u_dut/kernel_ctx_active_size_q_reg[4]/D","u_dut/lfnst_run_q_reg/C","-0.002000000","clk","clk","clk","u_dut/lfnst_run_q_reg","FDCE","u_dut/lfnst_run_q_reg","u_dut/kernel_ctx_active_size_q_reg[4]","FDCE","u_dut/kernel_ctx_active_size_q_reg","5","0.464000000","1.411000000","1.875000000","0.752533333","SLICE_X64Y22","SLICE_X69Y37","","","SIGNATURE_SKIPPED|FDCE|FDCE","SIGNATURE_SKIPPED|FDCE|FDCE","DUT_INTERNAL","u_dut/lfnst_run_q_reg","u_dut/kernel_ctx_active_size_q_reg","0.002000000"
"u_dut/kernel_ctx_output_size_q_reg[2]/D","u_dut/lfnst_run_q_reg/C","-0.008000000","clk","clk","clk","u_dut/lfnst_run_q_reg","FDCE","u_dut/lfnst_run_q_reg","u_dut/kernel_ctx_output_size_q_reg[2]","FDCE","u_dut/kernel_ctx_output_size_q_reg","5","0.340000000","1.542000000","1.882000000","0.819341126","SLICE_X64Y22","SLICE_X69Y41","","","SIGNATURE_SKIPPED|FDCE|FDCE","SIGNATURE_SKIPPED|FDCE|FDCE","DUT_INTERNAL","u_dut/lfnst_run_q_reg","u_dut/kernel_ctx_output_size_q_reg","0.008000000"
"u_dut/kernel_ctx_output_size_q_reg[4]/D","u_dut/lfnst_run_q_reg/C","-0.018000000","clk","clk","clk","u_dut/lfnst_run_q_reg","FDCE","u_dut/lfnst_run_q_reg","u_dut/kernel_ctx_output_size_q_reg[4]","FDCE","u_dut/kernel_ctx_output_size_q_reg","5","0.510000000","1.390000000","1.900000000","0.731578947","SLICE_X64Y22","SLICE_X68Y40","","","SIGNATURE_SKIPPED|FDCE|FDCE","SIGNATURE_SKIPPED|FDCE|FDCE","DUT_INTERNAL","u_dut/lfnst_run_q_reg","u_dut/kernel_ctx_output_size_q_reg","0.018000000"
"u_dut/kernel_ctx_transform_size_q_reg[4]/CE","u_dut/vwrite_cmd_valid_q_reg/C","-0.013000000","clk","clk","clk","u_dut/vwrite_cmd_valid_q_reg","FDCE","u_dut/vwrite_cmd_valid_q_reg","u_dut/kernel_ctx_transform_size_q_reg[4]","FDCE","u_dut/kernel_ctx_transform_size_q_reg","3","0.327000000","1.496000000","1.823000000","0.820625343","SLICE_X67Y41","SLICE_X70Y37","","","SIGNATURE_SKIPPED|FDCE|FDCE","SIGNATURE_SKIPPED|FDCE|FDCE","DUT_INTERNAL","u_dut/vwrite_cmd_valid_q_reg","u_dut/kernel_ctx_transform_size_q_reg","0.013000000"
"u_dut/kernel_h_groups_left_q_reg[3]/D","u_dut/lfnst_run_q_reg/C","-0.001000000","clk","clk","clk","u_dut/lfnst_run_q_reg","FDCE","u_dut/lfnst_run_q_reg","u_dut/kernel_h_groups_left_q_reg[3]","FDCE","u_dut/kernel_h_groups_left_q_reg","5","0.483000000","1.436000000","1.919000000","0.748306410","SLICE_X64Y22","SLICE_X63Y24","","","SIGNATURE_SKIPPED|FDCE|FDCE","SIGNATURE_SKIPPED|FDCE|FDCE","DUT_INTERNAL","u_dut/lfnst_run_q_reg","u_dut/kernel_h_groups_left_q_reg","0.001000000"
"u_dut/kernel_h_input_commit_wait_q_reg/D","u_dut/kernel_vector_q_reg[0]/C","-0.010000000","clk","clk","clk","u_dut/kernel_vector_q_reg[0]","FDCE","u_dut/kernel_vector_q_reg","u_dut/kernel_h_input_commit_wait_q_reg","FDCE","u_dut/kernel_h_input_commit_wait_q_reg","6","0.579000000","1.266000000","1.845000000","0.686178862","SLICE_X59Y21","SLICE_X66Y37","","","SIGNATURE_SKIPPED|FDCE|FDCE","SIGNATURE_SKIPPED|FDCE|FDCE","DUT_INTERNAL","u_dut/kernel_vector_q_reg","u_dut/kernel_h_input_commit_wait_q_reg","0.010000000"
"u_dut/kernel_h_rd_data_q_reg[10]/CE","u_dut/kernel_ctx_output_size_q_reg[3]/C","-0.012000000","clk","clk","clk","u_dut/kernel_ctx_output_size_q_reg[3]","FDCE","u_dut/kernel_ctx_output_size_q_reg","u_dut/kernel_h_rd_data_q_reg[10]","FDCE","u_dut/kernel_h_rd_data_q_reg","7","0.522000000","1.292000000","1.814000000","0.712238148","SLICE_X69Y40","SLICE_X56Y32","","","SIGNATURE_SKIPPED|FDCE|FDCE","SIGNATURE_SKIPPED|FDCE|FDCE","DUT_INTERNAL","u_dut/kernel_ctx_output_size_q_reg","u_dut/kernel_h_rd_data_q_reg","0.012000000"
"u_dut/kernel_h_rd_data_q_reg[14]/D","u_dut/kernel_h_rd_addr_q_reg[0][1]/C","-0.004000000","clk","clk","clk","u_dut/kernel_h_rd_addr_q_reg[0][1]","FDCE","u_dut/kernel_h_rd_addr_q_reg","u_dut/kernel_h_rd_data_q_reg[14]","FDCE","u_dut/kernel_h_rd_data_q_reg","5","0.541000000","1.284000000","1.825000000","0.703561644","SLICE_X51Y24","SLICE_X58Y27","","","SIGNATURE_SKIPPED|FDCE|FDCE","SIGNATURE_SKIPPED|FDCE|FDCE","DUT_INTERNAL","u_dut/kernel_h_rd_addr_q_reg","u_dut/kernel_h_rd_data_q_reg","0.004000000"
"u_dut/kernel_h_rd_data_q_reg[16]/D","u_dut/kernel_h_rd_addr_q_reg[1][0]/C","-0.004000000","clk","clk","clk","u_dut/kernel_h_rd_addr_q_reg[1][0]","FDCE","u_dut/kernel_h_rd_addr_q_reg","u_dut/kernel_h_rd_data_q_reg[16]","FDCE","u_dut/kernel_h_rd_data_q_reg","5","0.449000000","1.451000000","1.900000000","0.763684211","SLICE_X52Y29","SLICE_X54Y32","","","SIGNATURE_SKIPPED|FDCE|FDCE","SIGNATURE_SKIPPED|FDCE|FDCE","DUT_INTERNAL","u_dut/kernel_h_rd_addr_q_reg","u_dut/kernel_h_rd_data_q_reg","0.004000000"
"u_dut/kernel_h_rd_data_q_reg[20]/D","u_dut/kernel_h_rd_addr_q_reg[1][4]/C","-0.014000000","clk","clk","clk","u_dut/kernel_h_rd_addr_q_reg[1][4]","FDCE","u_dut/kernel_h_rd_addr_q_reg","u_dut/kernel_h_rd_data_q_reg[20]","FDCE","u_dut/kernel_h_rd_data_q_reg","5","0.300000000","1.513000000","1.813000000","0.834528406","SLICE_X53Y32","SLICE_X61Y35","","","SIGNATURE_SKIPPED|FDCE|FDCE","SIGNATURE_SKIPPED|FDCE|FDCE","DUT_INTERNAL","u_dut/kernel_h_rd_addr_q_reg","u_dut/kernel_h_rd_data_q_reg","0.014000000"
"u_dut/kernel_h_rd_data_q_reg[25]/D","u_dut/kernel_h_rd_addr_q_reg[1][2]/C","-0.025000000","clk","clk","clk","u_dut/kernel_h_rd_addr_q_reg[1][2]","FDCE","u_dut/kernel_h_rd_addr_q_reg","u_dut/kernel_h_rd_data_q_reg[25]","FDCE","u_dut/kernel_h_rd_data_q_reg","5","0.347000000","1.483000000","1.830000000","0.810382514","SLICE_X53Y27","SLICE_X61Y31","","","SIGNATURE_SKIPPED|FDCE|FDCE","SIGNATURE_SKIPPED|FDCE|FDCE","DUT_INTERNAL","u_dut/kernel_h_rd_addr_q_reg","u_dut/kernel_h_rd_data_q_reg","0.025000000"
"u_dut/kernel_h_rd_data_q_reg[28]/CE","u_dut/kernel_ctx_output_size_q_reg[3]/C","-0.012000000","clk","clk","clk","u_dut/kernel_ctx_output_size_q_reg[3]","FDCE","u_dut/kernel_ctx_output_size_q_reg","u_dut/kernel_h_rd_data_q_reg[28]","FDCE","u_dut/kernel_h_rd_data_q_reg","7","0.522000000","1.292000000","1.814000000","0.712238148","SLICE_X69Y40","SLICE_X56Y32","","","SIGNATURE_SKIPPED|FDCE|FDCE","SIGNATURE_SKIPPED|FDCE|FDCE","DUT_INTERNAL","u_dut/kernel_ctx_output_size_q_reg","u_dut/kernel_h_rd_data_q_reg","0.012000000"
"u_dut/kernel_h_rd_data_q_reg[28]/D","u_dut/kernel_h_rd_addr_q_reg[1][0]/C","-0.008000000","clk","clk","clk","u_dut/kernel_h_rd_addr_q_reg[1][0]","FDCE","u_dut/kernel_h_rd_addr_q_reg","u_dut/kernel_h_rd_data_q_reg[28]","FDCE","u_dut/kernel_h_rd_data_q_reg","5","0.536000000","1.291000000","1.827000000","0.706622879","SLICE_X52Y29","SLICE_X56Y32","","","SIGNATURE_SKIPPED|FDCE|FDCE","SIGNATURE_SKIPPED|FDCE|FDCE","DUT_INTERNAL","u_dut/kernel_h_rd_addr_q_reg","u_dut/kernel_h_rd_data_q_reg","0.008000000"
"u_dut/kernel_h_rd_data_q_reg[35]/D","u_dut/kernel_h_rd_addr_q_reg[2][5]/C","-0.022000000","clk","clk","clk","u_dut/kernel_h_rd_addr_q_reg[2][5]","FDCE","u_dut/kernel_h_rd_addr_q_reg","u_dut/kernel_h_rd_data_q_reg[35]","FDCE","u_dut/kernel_h_rd_data_q_reg","5","0.394000000","1.495000000","1.889000000","0.791424034","SLICE_X42Y30","SLICE_X51Y31","","","SIGNATURE_SKIPPED|FDCE|FDCE","SIGNATURE_SKIPPED|FDCE|FDCE","DUT_INTERNAL","u_dut/kernel_h_rd_addr_q_reg","u_dut/kernel_h_rd_data_q_reg","0.022000000"
"u_dut/kernel_h_rd_data_q_reg[36]/D","u_dut/kernel_h_rd_addr_q_reg[2][2]_replica_9/C","-0.005000000","clk","clk","clk","u_dut/kernel_h_rd_addr_q_reg[2][2]_replica_9","FDCE","u_dut/kernel_h_rd_addr_q_reg_replica_9","u_dut/kernel_h_rd_data_q_reg[36]","FDCE","u_dut/kernel_h_rd_data_q_reg","5","0.413000000","1.479000000","1.892000000","0.781712474","SLICE_X46Y34","SLICE_X55Y25","","","SIGNATURE_SKIPPED|FDCE|FDCE","SIGNATURE_SKIPPED|FDCE|FDCE","DUT_INTERNAL","u_dut/kernel_h_rd_addr_q_reg_replica_9","u_dut/kernel_h_rd_data_q_reg","0.005000000"
"u_dut/kernel_h_rd_data_q_reg[37]/D","u_dut/kernel_h_rd_addr_q_reg[2][2]_replica_4/C","-0.030000000","clk","clk","clk","u_dut/kernel_h_rd_addr_q_reg[2][2]_replica_4","FDCE","u_dut/kernel_h_rd_addr_q_reg_replica_4","u_dut/kernel_h_rd_data_q_reg[37]","FDCE","u_dut/kernel_h_rd_data_q_reg","5","0.405000000","1.412000000","1.817000000","0.777105118","SLICE_X44Y23","SLICE_X59Y33","","","SIGNATURE_SKIPPED|FDCE|FDCE","SIGNATURE_SKIPPED|FDCE|FDCE","DUT_INTERNAL","u_dut/kernel_h_rd_addr_q_reg_replica_4","u_dut/kernel_h_rd_data_q_reg","0.030000000"
"u_dut/kernel_h_rd_data_q_reg[44]/D","u_dut/kernel_h_rd_addr_q_reg[2][2]_replica_1/C","-0.019000000","clk","clk","clk","u_dut/kernel_h_rd_addr_q_reg[2][2]_replica_1","FDCE","u_dut/kernel_h_rd_addr_q_reg_replica_1","u_dut/kernel_h_rd_data_q_reg[44]","FDCE","u_dut/kernel_h_rd_data_q_reg","5","0.437000000","1.451000000","1.888000000","0.768538136","SLICE_X47Y32","SLICE_X55Y40","","","SIGNATURE_SKIPPED|FDCE|FDCE","SIGNATURE_SKIPPED|FDCE|FDCE","DUT_INTERNAL","u_dut/kernel_h_rd_addr_q_reg_replica_1","u_dut/kernel_h_rd_data_q_reg","0.019000000"
"u_dut/kernel_h_rd_data_q_reg[45]/D","u_dut/kernel_h_rd_addr_q_reg[2][1]/C","-0.003000000","clk","clk","clk","u_dut/kernel_h_rd_addr_q_reg[2][1]","FDCE","u_dut/kernel_h_rd_addr_q_reg","u_dut/kernel_h_rd_data_q_reg[45]","FDCE","u_dut/kernel_h_rd_data_q_reg","5","0.562000000","1.291000000","1.853000000","0.696708041","SLICE_X42Y28","SLICE_X51Y32","","","SIGNATURE_SKIPPED|FDCE|FDCE","SIGNATURE_SKIPPED|FDCE|FDCE","DUT_INTERNAL","u_dut/kernel_h_rd_addr_q_reg","u_dut/kernel_h_rd_data_q_reg","0.003000000"
"u_dut/kernel_h_rd_data_q_reg[46]/D","u_dut/kernel_h_rd_addr_q_reg[2][1]/C","-0.013000000","clk","clk","clk","u_dut/kernel_h_rd_addr_q_reg[2][1]","FDCE","u_dut/kernel_h_rd_addr_q_reg","u_dut/kernel_h_rd_data_q_reg[46]","FDCE","u_dut/kernel_h_rd_data_q_reg","5","0.466000000","1.324000000","1.790000000","0.739664804","SLICE_X42Y28","SLICE_X56Y36","","","SIGNATURE_SKIPPED|FDCE|FDCE","SIGNATURE_SKIPPED|FDCE|FDCE","DUT_INTERNAL","u_dut/kernel_h_rd_addr_q_reg","u_dut/kernel_h_rd_data_q_reg","0.013000000"
"u_dut/kernel_h_rd_data_q_reg[50]/D","u_dut/kernel_h_rd_addr_q_reg[3][3]/C","-0.027000000","clk","clk","clk","u_dut/kernel_h_rd_addr_q_reg[3][3]","FDCE","u_dut/kernel_h_rd_addr_q_reg","u_dut/kernel_h_rd_data_q_reg[50]","FDCE","u_dut/kernel_h_rd_data_q_reg","5","0.469000000","1.413000000","1.882000000","0.750797024","SLICE_X50Y39","SLICE_X58Y34","","","SIGNATURE_SKIPPED|FDCE|FDCE","SIGNATURE_SKIPPED|FDCE|FDCE","DUT_INTERNAL","u_dut/kernel_h_rd_addr_q_reg","u_dut/kernel_h_rd_data_q_reg","0.027000000"
"u_dut/kernel_h_rd_data_q_reg[51]/D","u_dut/kernel_h_rd_addr_q_reg[3][2]/C","-0.009000000","clk","clk","clk","u_dut/kernel_h_rd_addr_q_reg[3][2]","FDCE","u_dut/kernel_h_rd_addr_q_reg","u_dut/kernel_h_rd_data_q_reg[51]","FDCE","u_dut/kernel_h_rd_data_q_reg","5","0.426000000","1.537000000","1.963000000","0.782985227","SLICE_X56Y38","SLICE_X54Y33","","","SIGNATURE_SKIPPED|FDCE|FDCE","SIGNATURE_SKIPPED|FDCE|FDCE","DUT_INTERNAL","u_dut/kernel_h_rd_addr_q_reg","u_dut/kernel_h_rd_data_q_reg","0.009000000"
"u_dut/kernel_h_rd_data_q_reg[52]/CE","u_dut/kernel_ctx_output_size_q_reg[3]/C","-0.012000000","clk","clk","clk","u_dut/kernel_ctx_output_size_q_reg[3]","FDCE","u_dut/kernel_ctx_output_size_q_reg","u_dut/kernel_h_rd_data_q_reg[52]","FDCE","u_dut/kernel_h_rd_data_q_reg","7","0.522000000","1.292000000","1.814000000","0.712238148","SLICE_X69Y40","SLICE_X56Y32","","","SIGNATURE_SKIPPED|FDCE|FDCE","SIGNATURE_SKIPPED|FDCE|FDCE","DUT_INTERNAL","u_dut/kernel_ctx_output_size_q_reg","u_dut/kernel_h_rd_data_q_reg","0.012000000"
"u_dut/kernel_h_rd_data_q_reg[55]/D","u_dut/kernel_h_rd_addr_q_reg[3][1]/C","-0.014000000","clk","clk","clk","u_dut/kernel_h_rd_addr_q_reg[3][1]","FDCE","u_dut/kernel_h_rd_addr_q_reg","u_dut/kernel_h_rd_data_q_reg[55]","FDCE","u_dut/kernel_h_rd_data_q_reg","5","0.479000000","1.466000000","1.945000000","0.753727506","SLICE_X56Y38","SLICE_X56Y34","","","SIGNATURE_SKIPPED|FDCE|FDCE","SIGNATURE_SKIPPED|FDCE|FDCE","DUT_INTERNAL","u_dut/kernel_h_rd_addr_q_reg","u_dut/kernel_h_rd_data_q_reg","0.014000000"
"u_dut/kernel_h_rd_data_q_reg[56]/CE","u_dut/kernel_ctx_output_size_q_reg[3]/C","-0.024000000","clk","clk","clk","u_dut/kernel_ctx_output_size_q_reg[3]","FDCE","u_dut/kernel_ctx_output_size_q_reg","u_dut/kernel_h_rd_data_q_reg[56]","FDCE","u_dut/kernel_h_rd_data_q_reg","7","0.522000000","1.302000000","1.824000000","0.713815789","SLICE_X69Y40","SLICE_X57Y33","","","SIGNATURE_SKIPPED|FDCE|FDCE","SIGNATURE_SKIPPED|FDCE|FDCE","DUT_INTERNAL","u_dut/kernel_ctx_output_size_q_reg","u_dut/kernel_h_rd_data_q_reg","0.024000000"
"u_dut/kernel_h_rd_data_q_reg[59]/D","u_dut/kernel_h_rd_addr_q_reg[3][2]/C","-0.031000000","clk","clk","clk","u_dut/kernel_h_rd_addr_q_reg[3][2]","FDCE","u_dut/kernel_h_rd_addr_q_reg","u_dut/kernel_h_rd_data_q_reg[59]","FDCE","u_dut/kernel_h_rd_data_q_reg","5","0.385000000","1.592000000","1.977000000","0.805260496","SLICE_X56Y38","SLICE_X56Y36","","","SIGNATURE_SKIPPED|FDCE|FDCE","SIGNATURE_SKIPPED|FDCE|FDCE","DUT_INTERNAL","u_dut/kernel_h_rd_addr_q_reg","u_dut/kernel_h_rd_data_q_reg","0.031000000"
"u_dut/kernel_h_rd_data_q_reg[5]/D","u_dut/kernel_h_rd_addr_q_reg[0][3]/C","-0.030000000","clk","clk","clk","u_dut/kernel_h_rd_addr_q_reg[0][3]","FDCE","u_dut/kernel_h_rd_addr_q_reg","u_dut/kernel_h_rd_data_q_reg[5]","FDCE","u_dut/kernel_h_rd_data_q_reg","5","0.550000000","1.435000000","1.985000000","0.722921914","SLICE_X59Y38","SLICE_X51Y31","","","SIGNATURE_SKIPPED|FDCE|FDCE","SIGNATURE_SKIPPED|FDCE|FDCE","DUT_INTERNAL","u_dut/kernel_h_rd_addr_q_reg","u_dut/kernel_h_rd_data_q_reg","0.030000000"
"u_dut/kernel_h_rd_data_q_reg[61]/D","u_dut/kernel_h_rd_addr_q_reg[3][2]/C","-0.006000000","clk","clk","clk","u_dut/kernel_h_rd_addr_q_reg[3][2]","FDCE","u_dut/kernel_h_rd_addr_q_reg","u_dut/kernel_h_rd_data_q_reg[61]","FDCE","u_dut/kernel_h_rd_data_q_reg","5","0.368000000","1.590000000","1.958000000","0.812053115","SLICE_X56Y38","SLICE_X54Y33","","","SIGNATURE_SKIPPED|FDCE|FDCE","SIGNATURE_SKIPPED|FDCE|FDCE","DUT_INTERNAL","u_dut/kernel_h_rd_addr_q_reg","u_dut/kernel_h_rd_data_q_reg","0.006000000"
"u_dut/kernel_h_rd_data_q_reg[63]/D","u_dut/kernel_h_rd_addr_q_reg[3][3]/C","-0.029000000","clk","clk","clk","u_dut/kernel_h_rd_addr_q_reg[3][3]","FDCE","u_dut/kernel_h_rd_addr_q_reg","u_dut/kernel_h_rd_data_q_reg[63]","FDCE","u_dut/kernel_h_rd_data_q_reg","5","0.390000000","1.531000000","1.921000000","0.796980739","SLICE_X50Y39","SLICE_X54Y32","","","SIGNATURE_SKIPPED|FDCE|FDCE","SIGNATURE_SKIPPED|FDCE|FDCE","DUT_INTERNAL","u_dut/kernel_h_rd_addr_q_reg","u_dut/kernel_h_rd_data_q_reg","0.029000000"
"u_dut/kernel_h_rd_data_tail_q_reg[14]/D","u_dut/kernel_h_rd_addr_q_reg[0][1]/C","-0.008000000","clk","clk","clk","u_dut/kernel_h_rd_addr_q_reg[0][1]","FDCE","u_dut/kernel_h_rd_addr_q_reg","u_dut/kernel_h_rd_data_tail_q_reg[14]","FDCE","u_dut/kernel_h_rd_data_tail_q_reg","4","0.419000000","1.437000000","1.856000000","0.774245690","SLICE_X51Y24","SLICE_X57Y35","","","SIGNATURE_SKIPPED|FDCE|FDCE","SIGNATURE_SKIPPED|FDCE|FDCE","DUT_INTERNAL","u_dut/kernel_h_rd_addr_q_reg","u_dut/kernel_h_rd_data_tail_q_reg","0.008000000"
"u_dut/kernel_h_rd_data_tail_q_reg[16]/D","u_dut/kernel_h_rd_addr_q_reg[1][0]/C","-0.019000000","clk","clk","clk","u_dut/kernel_h_rd_addr_q_reg[1][0]","FDCE","u_dut/kernel_h_rd_addr_q_reg","u_dut/kernel_h_rd_data_tail_q_reg[16]","FDCE","u_dut/kernel_h_rd_data_tail_q_reg","4","0.399000000","1.439000000","1.838000000","0.782916213","SLICE_X52Y29","SLICE_X56Y35","","","SIGNATURE_SKIPPED|FDCE|FDCE","SIGNATURE_SKIPPED|FDCE|FDCE","DUT_INTERNAL","u_dut/kernel_h_rd_addr_q_reg","u_dut/kernel_h_rd_data_tail_q_reg","0.019000000"
"u_dut/kernel_h_rd_data_tail_q_reg[19]/D","u_dut/kernel_h_rd_addr_q_reg[1][2]/C","-0.015000000","clk","clk","clk","u_dut/kernel_h_rd_addr_q_reg[1][2]","FDCE","u_dut/kernel_h_rd_addr_q_reg","u_dut/kernel_h_rd_data_tail_q_reg[19]","FDCE","u_dut/kernel_h_rd_data_tail_q_reg","4","0.351000000","1.517000000","1.868000000","0.812098501","SLICE_X53Y27","SLICE_X56Y33","","","SIGNATURE_SKIPPED|FDCE|FDCE","SIGNATURE_SKIPPED|FDCE|FDCE","DUT_INTERNAL","u_dut/kernel_h_rd_addr_q_reg","u_dut/kernel_h_rd_data_tail_q_reg","0.015000000"
"u_dut/kernel_h_rd_data_tail_q_reg[38]/D","u_dut/kernel_h_rd_addr_q_reg[2][1]/C","-0.019000000","clk","clk","clk","u_dut/kernel_h_rd_addr_q_reg[2][1]","FDCE","u_dut/kernel_h_rd_addr_q_reg","u_dut/kernel_h_rd_data_tail_q_reg[38]","FDCE","u_dut/kernel_h_rd_data_tail_q_reg","4","0.404000000","1.462000000","1.866000000","0.783494105","SLICE_X42Y28","SLICE_X52Y33","","","SIGNATURE_SKIPPED|FDCE|FDCE","SIGNATURE_SKIPPED|FDCE|FDCE","DUT_INTERNAL","u_dut/kernel_h_rd_addr_q_reg","u_dut/kernel_h_rd_data_tail_q_reg","0.019000000"
"u_dut/kernel_h_rd_data_tail_q_reg[49]/D","u_dut/kernel_h_rd_addr_q_reg[3][3]/C","-0.010000000","clk","clk","clk","u_dut/kernel_h_rd_addr_q_reg[3][3]","FDCE","u_dut/kernel_h_rd_addr_q_reg","u_dut/kernel_h_rd_data_tail_q_reg[49]","FDCE","u_dut/kernel_h_rd_data_tail_q_reg","4","0.347000000","1.471000000","1.818000000","0.809130913","SLICE_X50Y39","SLICE_X57Y32","","","SIGNATURE_SKIPPED|FDCE|FDCE","SIGNATURE_SKIPPED|FDCE|FDCE","DUT_INTERNAL","u_dut/kernel_h_rd_addr_q_reg","u_dut/kernel_h_rd_data_tail_q_reg","0.010000000"
"u_dut/kernel_h_rd_data_tail_q_reg[58]/D","u_dut/kernel_h_rd_addr_q_reg[3][3]/C","-0.014000000","clk","clk","clk","u_dut/kernel_h_rd_addr_q_reg[3][3]","FDCE","u_dut/kernel_h_rd_addr_q_reg","u_dut/kernel_h_rd_data_tail_q_reg[58]","FDCE","u_dut/kernel_h_rd_data_tail_q_reg","4","0.337000000","1.489000000","1.826000000","0.815443593","SLICE_X50Y39","SLICE_X56Y32","","","SIGNATURE_SKIPPED|FDCE|FDCE","SIGNATURE_SKIPPED|FDCE|FDCE","DUT_INTERNAL","u_dut/kernel_h_rd_addr_q_reg","u_dut/kernel_h_rd_data_tail_q_reg","0.014000000"
"u_dut/kernel_h_rd_raw_group_q_reg[1]/CE","u_dut/kernel_ctx_output_size_q_reg[3]/C","-0.026000000","clk","clk","clk","u_dut/kernel_ctx_output_size_q_reg[3]","FDCE","u_dut/kernel_ctx_output_size_q_reg","u_dut/kernel_h_rd_raw_group_q_reg[1]","FDCE","u_dut/kernel_h_rd_raw_group_q_reg","7","0.522000000","1.307000000","1.829000000","0.714598141","SLICE_X69Y40","SLICE_X56Y33","","","SIGNATURE_SKIPPED|FDCE|FDCE","SIGNATURE_SKIPPED|FDCE|FDCE","DUT_INTERNAL","u_dut/kernel_ctx_output_size_q_reg","u_dut/kernel_h_rd_raw_group_q_reg","0.026000000"
"u_dut/kernel_h_rd_raw_group_q_reg[4]/CE","u_dut/kernel_ctx_output_size_q_reg[3]/C","-0.010000000","clk","clk","clk","u_dut/kernel_ctx_output_size_q_reg[3]","FDCE","u_dut/kernel_ctx_output_size_q_reg","u_dut/kernel_h_rd_raw_group_q_reg[4]","FDCE","u_dut/kernel_h_rd_raw_group_q_reg","7","0.522000000","1.287000000","1.809000000","0.711442786","SLICE_X69Y40","SLICE_X57Y32","","","SIGNATURE_SKIPPED|FDCE|FDCE","SIGNATURE_SKIPPED|FDCE|FDCE","DUT_INTERNAL","u_dut/kernel_ctx_output_size_q_reg","u_dut/kernel_h_rd_raw_group_q_reg","0.010000000"
"u_dut/kernel_h_rd_raw_vector_q_reg[0]/CE","u_dut/kernel_ctx_output_size_q_reg[3]/C","-0.026000000","clk","clk","clk","u_dut/kernel_ctx_output_size_q_reg[3]","FDCE","u_dut/kernel_ctx_output_size_q_reg","u_dut/kernel_h_rd_raw_vector_q_reg[0]","FDCE","u_dut/kernel_h_rd_raw_vector_q_reg","7","0.522000000","1.307000000","1.829000000","0.714598141","SLICE_X69Y40","SLICE_X56Y33","","","SIGNATURE_SKIPPED|FDCE|FDCE","SIGNATURE_SKIPPED|FDCE|FDCE","DUT_INTERNAL","u_dut/kernel_ctx_output_size_q_reg","u_dut/kernel_h_rd_raw_vector_q_reg","0.026000000"
"u_dut/kernel_h_rd_raw_vector_q_reg[5]/CE","u_dut/kernel_ctx_output_size_q_reg[3]/C","-0.026000000","clk","clk","clk","u_dut/kernel_ctx_output_size_q_reg[3]","FDCE","u_dut/kernel_ctx_output_size_q_reg","u_dut/kernel_h_rd_raw_vector_q_reg[5]","FDCE","u_dut/kernel_h_rd_raw_vector_q_reg","7","0.522000000","1.307000000","1.829000000","0.714598141","SLICE_X69Y40","SLICE_X56Y33","","","SIGNATURE_SKIPPED|FDCE|FDCE","SIGNATURE_SKIPPED|FDCE|FDCE","DUT_INTERNAL","u_dut/kernel_ctx_output_size_q_reg","u_dut/kernel_h_rd_raw_vector_q_reg","0.026000000"
"u_dut/kernel_h_rd_raw_vector_q_reg[6]_inv/CE","u_dut/kernel_ctx_output_size_q_reg[3]/C","-0.025000000","clk","clk","clk","u_dut/kernel_ctx_output_size_q_reg[3]","FDCE","u_dut/kernel_ctx_output_size_q_reg","u_dut/kernel_h_rd_raw_vector_q_reg[6]_inv","FDPE","u_dut/kernel_h_rd_raw_vector_q_reg_inv","7","0.522000000","1.307000000","1.829000000","0.714598141","SLICE_X69Y40","SLICE_X56Y33","","","SIGNATURE_SKIPPED|FDCE|FDPE","SIGNATURE_SKIPPED|FDCE|FDPE","DUT_INTERNAL","u_dut/kernel_ctx_output_size_q_reg","u_dut/kernel_h_rd_raw_vector_q_reg_inv","0.025000000"
"u_dut/kernel_phase_q_reg[2]/D","u_dut/kernel_vector_q_reg[0]/C","-0.006000000","clk","clk","clk","u_dut/kernel_vector_q_reg[0]","FDCE","u_dut/kernel_vector_q_reg","u_dut/kernel_phase_q_reg[2]","FDCE","u_dut/kernel_phase_q_reg","6","0.543000000","1.306000000","1.849000000","0.706327745","SLICE_X59Y21","SLICE_X63Y34","","","SIGNATURE_SKIPPED|FDCE|FDCE","SIGNATURE_SKIPPED|FDCE|FDCE","DUT_INTERNAL","u_dut/kernel_vector_q_reg","u_dut/kernel_phase_q_reg","0.006000000"
"u_dut/kernel_phase_q_reg[2]_replica/D","u_dut/kernel_vector_q_reg[0]/C","-0.017000000","clk","clk","clk","u_dut/kernel_vector_q_reg[0]","FDCE","u_dut/kernel_vector_q_reg","u_dut/kernel_phase_q_reg[2]_replica","FDCE","u_dut/kernel_phase_q_reg_replica","6","0.543000000","1.356000000","1.899000000","0.714060032","SLICE_X59Y21","SLICE_X60Y35","","","SIGNATURE_SKIPPED|FDCE|FDCE","SIGNATURE_SKIPPED|FDCE|FDCE","DUT_INTERNAL","u_dut/kernel_vector_q_reg","u_dut/kernel_phase_q_reg_replica","0.017000000"
"u_dut/kernel_rd_raw_data_q_reg[10]/D","u_dut/rd_cmd_addr_q_reg[0][0][1]_replica_4/C","-0.016000000","clk","clk","clk","u_dut/rd_cmd_addr_q_reg[0][0][1]_replica_4","FDCE","u_dut/rd_cmd_addr_q_reg_replica_4","u_dut/kernel_rd_raw_data_q_reg[10]","FDCE","u_dut/kernel_rd_raw_data_q_reg","5","0.369000000","1.567000000","1.936000000","0.809400826","SLICE_X78Y7","SLICE_X72Y16","","","SIGNATURE_SKIPPED|FDCE|FDCE","SIGNATURE_SKIPPED|FDCE|FDCE","DUT_INTERNAL","u_dut/rd_cmd_addr_q_reg_replica_4","u_dut/kernel_rd_raw_data_q_reg","0.016000000"
"u_dut/kernel_rd_raw_data_q_reg[21]/D","u_dut/rd_cmd_addr_q_reg[1][1][5]/C","-0.002000000","clk","clk","clk","u_dut/rd_cmd_addr_q_reg[1][1][5]","FDCE","u_dut/rd_cmd_addr_q_reg","u_dut/kernel_rd_raw_data_q_reg[21]","FDCE","u_dut/kernel_rd_raw_data_q_reg","5","0.386000000","1.572000000","1.958000000","0.802860061","SLICE_X76Y19","SLICE_X70Y16","","","SIGNATURE_SKIPPED|FDCE|FDCE","SIGNATURE_SKIPPED|FDCE|FDCE","DUT_INTERNAL","u_dut/rd_cmd_addr_q_reg","u_dut/kernel_rd_raw_data_q_reg","0.002000000"
"u_dut/kernel_rd_raw_data_q_reg[29]/D","u_dut/rd_cmd_addr_q_reg[1][0][1]_replica_1/C","-0.023000000","clk","clk","clk","u_dut/rd_cmd_addr_q_reg[1][0][1]_replica_1","FDCE","u_dut/rd_cmd_addr_q_reg_replica_1","u_dut/kernel_rd_raw_data_q_reg[29]","FDCE","u_dut/kernel_rd_raw_data_q_reg","5","0.466000000","1.520000000","1.986000000","0.765357503","SLICE_X78Y21","SLICE_X77Y21","","","SIGNATURE_SKIPPED|FDCE|FDCE","SIGNATURE_SKIPPED|FDCE|FDCE","DUT_INTERNAL","u_dut/rd_cmd_addr_q_reg_replica_1","u_dut/kernel_rd_raw_data_q_reg","0.023000000"
"u_dut/kernel_rd_raw_data_q_reg[31]/D","u_dut/rd_cmd_addr_q_reg[0][1][4]/C","-0.017000000","clk","clk","clk","u_dut/rd_cmd_addr_q_reg[0][1][4]","FDCE","u_dut/rd_cmd_addr_q_reg","u_dut/kernel_rd_raw_data_q_reg[31]","FDCE","u_dut/kernel_rd_raw_data_q_reg","5","0.294000000","1.591000000","1.885000000","0.844031830","SLICE_X58Y19","SLICE_X76Y22","","","SIGNATURE_SKIPPED|FDCE|FDCE","SIGNATURE_SKIPPED|FDCE|FDCE","DUT_INTERNAL","u_dut/rd_cmd_addr_q_reg","u_dut/kernel_rd_raw_data_q_reg","0.017000000"
"u_dut/kernel_rd_raw_data_q_reg[32]/D","u_dut/rd_cmd_addr_q_reg[0][0][0]_replica/C","-0.033000000","clk","clk","clk","u_dut/rd_cmd_addr_q_reg[0][0][0]_replica","FDCE","u_dut/rd_cmd_addr_q_reg_replica","u_dut/kernel_rd_raw_data_q_reg[32]","FDCE","u_dut/kernel_rd_raw_data_q_reg","5","0.437000000","1.454000000","1.891000000","0.768905341","SLICE_X56Y19","SLICE_X71Y24","","","SIGNATURE_SKIPPED|FDCE|FDCE","SIGNATURE_SKIPPED|FDCE|FDCE","DUT_INTERNAL","u_dut/rd_cmd_addr_q_reg_replica","u_dut/kernel_rd_raw_data_q_reg","0.033000000"
"u_dut/kernel_rd_raw_data_q_reg[40]/D","u_dut/rd_cmd_addr_q_reg[0][0][2]_replica_2/C","-0.013000000","clk","clk","clk","u_dut/rd_cmd_addr_q_reg[0][0][2]_replica_2","FDCE","u_dut/rd_cmd_addr_q_reg_replica_2","u_dut/kernel_rd_raw_data_q_reg[40]","FDCE","u_dut/kernel_rd_raw_data_q_reg","5","0.465000000","1.406000000","1.871000000","0.751469802","SLICE_X64Y15","SLICE_X75Y28","","","SIGNATURE_SKIPPED|FDCE|FDCE","SIGNATURE_SKIPPED|FDCE|FDCE","DUT_INTERNAL","u_dut/rd_cmd_addr_q_reg_replica_2","u_dut/kernel_rd_raw_data_q_reg","0.013000000"
"u_dut/kernel_rd_raw_data_q_reg[41]/D","u_dut/rd_cmd_addr_q_reg[0][0][0]_replica_2/C","-0.019000000","clk","clk","clk","u_dut/rd_cmd_addr_q_reg[0][0][0]_replica_2","FDCE","u_dut/rd_cmd_addr_q_reg_replica_2","u_dut/kernel_rd_raw_data_q_reg[41]","FDCE","u_dut/kernel_rd_raw_data_q_reg","5","0.394000000","1.507000000","1.901000000","0.792740663","SLICE_X64Y9","SLICE_X76Y27","","","SIGNATURE_SKIPPED|FDCE|FDCE","SIGNATURE_SKIPPED|FDCE|FDCE","DUT_INTERNAL","u_dut/rd_cmd_addr_q_reg_replica_2","u_dut/kernel_rd_raw_data_q_reg","0.019000000"
"u_dut/kernel_rd_raw_data_q_reg[43]/D","u_dut/rd_cmd_addr_q_reg[0][0][2]_replica_2/C","-0.029000000","clk","clk","clk","u_dut/rd_cmd_addr_q_reg[0][0][2]_replica_2","FDCE","u_dut/rd_cmd_addr_q_reg_replica_2","u_dut/kernel_rd_raw_data_q_reg[43]","FDCE","u_dut/kernel_rd_raw_data_q_reg","5","0.437000000","1.466000000","1.903000000","0.770362585","SLICE_X64Y15","SLICE_X72Y18","","","SIGNATURE_SKIPPED|FDCE|FDCE","SIGNATURE_SKIPPED|FDCE|FDCE","DUT_INTERNAL","u_dut/rd_cmd_addr_q_reg_replica_2","u_dut/kernel_rd_raw_data_q_reg","0.029000000"
"u_dut/kernel_rd_raw_data_q_reg[46]/D","u_dut/rd_cmd_addr_q_reg[0][2][4]/C","-0.031000000","clk","clk","clk","u_dut/rd_cmd_addr_q_reg[0][2][4]","FDCE","u_dut/rd_cmd_addr_q_reg","u_dut/kernel_rd_raw_data_q_reg[46]","FDCE","u_dut/kernel_rd_raw_data_q_reg","5","0.450000000","1.466000000","1.916000000","0.765135699","SLICE_X61Y7","SLICE_X78Y29","","","SIGNATURE_SKIPPED|FDCE|FDCE","SIGNATURE_SKIPPED|FDCE|FDCE","DUT_INTERNAL","u_dut/rd_cmd_addr_q_reg","u_dut/kernel_rd_raw_data_q_reg","0.031000000"
"u_dut/kernel_rd_raw_data_q_reg[57]/D","u_dut/rd_cmd_addr_q_reg[1][0][1]_replica/C","-0.024000000","clk","clk","clk","u_dut/rd_cmd_addr_q_reg[1][0][1]_replica","FDCE","u_dut/rd_cmd_addr_q_reg_replica","u_dut/kernel_rd_raw_data_q_reg[57]","FDCE","u_dut/kernel_rd_raw_data_q_reg","5","0.471000000","1.403000000","1.874000000","0.748665955","SLICE_X58Y19","SLICE_X71Y26","","","SIGNATURE_SKIPPED|FDCE|FDCE","SIGNATURE_SKIPPED|FDCE|FDCE","DUT_INTERNAL","u_dut/rd_cmd_addr_q_reg_replica","u_dut/kernel_rd_raw_data_q_reg","0.024000000"
"u_dut/kernel_rd_raw_data_q_reg[58]/D","u_dut/rd_cmd_addr_q_reg[1][0][2]_replica/C","-0.021000000","clk","clk","clk","u_dut/rd_cmd_addr_q_reg[1][0][2]_replica","FDCE","u_dut/rd_cmd_addr_q_reg_replica","u_dut/kernel_rd_raw_data_q_reg[58]","FDCE","u_dut/kernel_rd_raw_data_q_reg","5","0.495000000","1.384000000","1.879000000","0.736562001","SLICE_X58Y18","SLICE_X71Y24","","","SIGNATURE_SKIPPED|FDCE|FDCE","SIGNATURE_SKIPPED|FDCE|FDCE","DUT_INTERNAL","u_dut/rd_cmd_addr_q_reg_replica","u_dut/kernel_rd_raw_data_q_reg","0.021000000"
"u_dut/kernel_rd_raw_pending_q_reg/D","u_dut/kernel_vector_q_reg[0]/C","-0.015000000","clk","clk","clk","u_dut/kernel_vector_q_reg[0]","FDCE","u_dut/kernel_vector_q_reg","u_dut/kernel_rd_raw_pending_q_reg","FDCE","u_dut/kernel_rd_raw_pending_q_reg","7","0.675000000","1.213000000","1.888000000","0.642478814","SLICE_X59Y21","SLICE_X68Y26","","","SIGNATURE_SKIPPED|FDCE|FDCE","SIGNATURE_SKIPPED|FDCE|FDCE","DUT_INTERNAL","u_dut/kernel_vector_q_reg","u_dut/kernel_rd_raw_pending_q_reg","0.015000000"
"u_dut/kernel_rd_raw_valid_q_reg[1]/D","u_dut/rd_cmd_addr_q_reg[0][0][0]_replica/C","-0.015000000","clk","clk","clk","u_dut/rd_cmd_addr_q_reg[0][0][0]_replica","FDCE","u_dut/rd_cmd_addr_q_reg_replica","u_dut/kernel_rd_raw_valid_q_reg[1]","FDCE","u_dut/kernel_rd_raw_valid_q_reg","5","0.401000000","1.459000000","1.860000000","0.784408602","SLICE_X56Y19","SLICE_X76Y26","","","SIGNATURE_SKIPPED|FDCE|FDCE","SIGNATURE_SKIPPED|FDCE|FDCE","DUT_INTERNAL","u_dut/rd_cmd_addr_q_reg_replica","u_dut/kernel_rd_raw_valid_q_reg","0.015000000"
"u_dut/kernel_rd_resp_valid_q_reg/D","u_dut/kernel_vector_q_reg[0]/C","-0.012000000","clk","clk","clk","u_dut/kernel_vector_q_reg[0]","FDCE","u_dut/kernel_vector_q_reg","u_dut/kernel_rd_resp_valid_q_reg","FDCE","u_dut/kernel_rd_resp_valid_q_reg","7","0.588000000","1.301000000","1.889000000","0.688724193","SLICE_X59Y21","SLICE_X68Y34","","","SIGNATURE_SKIPPED|FDCE|FDCE","SIGNATURE_SKIPPED|FDCE|FDCE","DUT_INTERNAL","u_dut/kernel_vector_q_reg","u_dut/kernel_rd_resp_valid_q_reg","0.012000000"
"u_dut/kernel_vector_q_reg[0]_replica_5/CE","u_dut/kernel_vector_q_reg[0]/C","-0.011000000","clk","clk","clk","u_dut/kernel_vector_q_reg[0]","FDCE","u_dut/kernel_vector_q_reg","u_dut/kernel_vector_q_reg[0]_replica_5","FDCE","u_dut/kernel_vector_q_reg_replica_5","5","0.545000000","1.237000000","1.782000000","0.694163861","SLICE_X59Y21","SLICE_X59Y23","","","SIGNATURE_SKIPPED|FDCE|FDCE","SIGNATURE_SKIPPED|FDCE|FDCE","DUT_INTERNAL","u_dut/kernel_vector_q_reg","u_dut/kernel_vector_q_reg_replica_5","0.011000000"
"u_dut/kernel_vector_q_reg[0]_replica_6/CE","u_dut/kernel_vector_q_reg[0]/C","-0.011000000","clk","clk","clk","u_dut/kernel_vector_q_reg[0]","FDCE","u_dut/kernel_vector_q_reg","u_dut/kernel_vector_q_reg[0]_replica_6","FDCE","u_dut/kernel_vector_q_reg_replica_6","5","0.545000000","1.237000000","1.782000000","0.694163861","SLICE_X59Y21","SLICE_X59Y23","","","SIGNATURE_SKIPPED|FDCE|FDCE","SIGNATURE_SKIPPED|FDCE|FDCE","DUT_INTERNAL","u_dut/kernel_vector_q_reg","u_dut/kernel_vector_q_reg_replica_6","0.011000000"
"u_dut/kernel_vector_q_reg[1]/D","u_dut/kernel_vector_q_reg[0]/C","-0.007000000","clk","clk","clk","u_dut/kernel_vector_q_reg[0]","FDCE","u_dut/kernel_vector_q_reg","u_dut/kernel_vector_q_reg[1]","FDCE","u_dut/kernel_vector_q_reg","6","0.662000000","1.217000000","1.879000000","0.647684939","SLICE_X59Y21","SLICE_X70Y25","","","SIGNATURE_SKIPPED|FDCE|FDCE","SIGNATURE_SKIPPED|FDCE|FDCE","DUT_INTERNAL","u_dut/kernel_vector_q_reg","u_dut/kernel_vector_q_reg","0.007000000"
"u_dut/kernel_vector_q_reg[1]_rep__1/D","u_dut/kernel_vector_q_reg[0]/C","-0.018000000","clk","clk","clk","u_dut/kernel_vector_q_reg[0]","FDCE","u_dut/kernel_vector_q_reg","u_dut/kernel_vector_q_reg[1]_rep__1","FDCE","u_dut/kernel_vector_q_reg_rep__1","6","0.602000000","1.372000000","1.974000000","0.695035461","SLICE_X59Y21","SLICE_X59Y20","","","SIGNATURE_SKIPPED|FDCE|FDCE","SIGNATURE_SKIPPED|FDCE|FDCE","DUT_INTERNAL","u_dut/kernel_vector_q_reg","u_dut/kernel_vector_q_reg_rep__1","0.018000000"
"u_dut/lfnst_grid_reg[17][6]/D","u_dut/lfnst_ntrs48_q_reg/C","-0.006000000","clk","clk","clk","u_dut/lfnst_ntrs48_q_reg","FDCE","u_dut/lfnst_ntrs48_q_reg","u_dut/lfnst_grid_reg[17][6]","FDCE","u_dut/lfnst_grid_reg","4","0.467000000","1.502000000","1.969000000","0.762823768","SLICE_X64Y8","SLICE_X53Y22","","","SIGNATURE_SKIPPED|FDCE|FDCE","SIGNATURE_SKIPPED|FDCE|FDCE","DUT_INTERNAL","u_dut/lfnst_ntrs48_q_reg","u_dut/lfnst_grid_reg","0.006000000"
"u_dut/lfnst_grid_reg[1][1]/CE","u_dut/lfnst_ntrs48_q_reg/C","-0.017000000","clk","clk","clk","u_dut/lfnst_ntrs48_q_reg","FDCE","u_dut/lfnst_ntrs48_q_reg","u_dut/lfnst_grid_reg[1][1]","FDCE","u_dut/lfnst_grid_reg","3","0.392000000","1.429000000","1.821000000","0.784733663","SLICE_X64Y8","SLICE_X57Y15","","","SIGNATURE_SKIPPED|FDCE|FDCE","SIGNATURE_SKIPPED|FDCE|FDCE","DUT_INTERNAL","u_dut/lfnst_ntrs48_q_reg","u_dut/lfnst_grid_reg","0.017000000"
"u_dut/lfnst_grid_reg[1][9]/CE","u_dut/lfnst_ntrs48_q_reg/C","-0.017000000","clk","clk","clk","u_dut/lfnst_ntrs48_q_reg","FDCE","u_dut/lfnst_ntrs48_q_reg","u_dut/lfnst_grid_reg[1][9]","FDCE","u_dut/lfnst_grid_reg","3","0.392000000","1.429000000","1.821000000","0.784733663","SLICE_X64Y8","SLICE_X57Y15","","","SIGNATURE_SKIPPED|FDCE|FDCE","SIGNATURE_SKIPPED|FDCE|FDCE","DUT_INTERNAL","u_dut/lfnst_ntrs48_q_reg","u_dut/lfnst_grid_reg","0.017000000"
"u_dut/lfnst_grid_reg[30][15]/D","u_dut/lfnst_ntrs48_q_reg/C","-0.021000000","clk","clk","clk","u_dut/lfnst_ntrs48_q_reg","FDCE","u_dut/lfnst_ntrs48_q_reg","u_dut/lfnst_grid_reg[30][15]","FDCE","u_dut/lfnst_grid_reg","4","0.513000000","1.402000000","1.915000000","0.732114883","SLICE_X64Y8","SLICE_X59Y19","","","SIGNATURE_SKIPPED|FDCE|FDCE","SIGNATURE_SKIPPED|FDCE|FDCE","DUT_INTERNAL","u_dut/lfnst_ntrs48_q_reg","u_dut/lfnst_grid_reg","0.021000000"
"u_dut/lfnst_mem_resp_data_q_reg[0]/D","u_dut/rd_cmd_addr_q_reg[0][0][0]_replica/C","-0.030000000","clk","clk","clk","u_dut/rd_cmd_addr_q_reg[0][0][0]_replica","FDCE","u_dut/rd_cmd_addr_q_reg_replica","u_dut/lfnst_mem_resp_data_q_reg[0]","FDCE","u_dut/lfnst_mem_resp_data_q_reg","6","0.500000000","1.418000000","1.918000000","0.739311783","SLICE_X56Y19","SLICE_X77Y8","","","SIGNATURE_SKIPPED|FDCE|FDCE","SIGNATURE_SKIPPED|FDCE|FDCE","DUT_INTERNAL","u_dut/rd_cmd_addr_q_reg_replica","u_dut/lfnst_mem_resp_data_q_reg","0.030000000"
"u_dut/lfnst_mem_resp_data_q_reg[10]/D","u_dut/rd_cmd_addr_q_reg[1][0][1]_replica_1/C","-0.006000000","clk","clk","clk","u_dut/rd_cmd_addr_q_reg[1][0][1]_replica_1","FDCE","u_dut/rd_cmd_addr_q_reg_replica_1","u_dut/lfnst_mem_resp_data_q_reg[10]","FDCE","u_dut/lfnst_mem_resp_data_q_reg","6","0.543000000","1.421000000","1.964000000","0.723523422","SLICE_X78Y21","SLICE_X73Y12","","","SIGNATURE_SKIPPED|FDCE|FDCE","SIGNATURE_SKIPPED|FDCE|FDCE","DUT_INTERNAL","u_dut/rd_cmd_addr_q_reg_replica_1","u_dut/lfnst_mem_resp_data_q_reg","0.006000000"
"u_dut/lfnst_mem_resp_data_q_reg[14]/D","u_dut/rd_cmd_addr_q_reg[1][3][4]/C","-0.025000000","clk","clk","clk","u_dut/rd_cmd_addr_q_reg[1][3][4]","FDCE","u_dut/rd_cmd_addr_q_reg","u_dut/lfnst_mem_resp_data_q_reg[14]","FDCE","u_dut/lfnst_mem_resp_data_q_reg","6","0.547000000","1.391000000","1.938000000","0.717750258","SLICE_X72Y7","SLICE_X78Y18","","","SIGNATURE_SKIPPED|FDCE|FDCE","SIGNATURE_SKIPPED|FDCE|FDCE","DUT_INTERNAL","u_dut/rd_cmd_addr_q_reg","u_dut/lfnst_mem_resp_data_q_reg","0.025000000"
"u_dut/lfnst_mem_resp_data_q_reg[15]/D","u_dut/rd_cmd_addr_q_reg[1][0][2]_replica_1/C","-0.003000000","clk","clk","clk","u_dut/rd_cmd_addr_q_reg[1][0][2]_replica_1","FDCE","u_dut/rd_cmd_addr_q_reg_replica_1","u_dut/lfnst_mem_resp_data_q_reg[15]","FDCE","u_dut/lfnst_mem_resp_data_q_reg","6","0.539000000","1.475000000","2.014000000","0.732373386","SLICE_X77Y20","SLICE_X77Y24","","","SIGNATURE_SKIPPED|FDCE|FDCE","SIGNATURE_SKIPPED|FDCE|FDCE","DUT_INTERNAL","u_dut/rd_cmd_addr_q_reg_replica_1","u_dut/lfnst_mem_resp_data_q_reg","0.003000000"
"u_dut/lfnst_mem_resp_data_q_reg[2]/D","u_dut/rd_cmd_addr_q_reg[1][0][1]_replica_2/C","-0.003000000","clk","clk","clk","u_dut/rd_cmd_addr_q_reg[1][0][1]_replica_2","FDCE","u_dut/rd_cmd_addr_q_reg_replica_2","u_dut/lfnst_mem_resp_data_q_reg[2]","FDCE","u_dut/lfnst_mem_resp_data_q_reg","6","0.487000000","1.413000000","1.900000000","0.743684211","SLICE_X67Y6","SLICE_X77Y14","","","SIGNATURE_SKIPPED|FDCE|FDCE","SIGNATURE_SKIPPED|FDCE|FDCE","DUT_INTERNAL","u_dut/rd_cmd_addr_q_reg_replica_2","u_dut/lfnst_mem_resp_data_q_reg","0.003000000"
"u_dut/lfnst_mem_resp_data_q_reg[6]/D","u_dut/rd_cmd_addr_q_reg[1][0][2]_replica_2/C","-0.009000000","clk","clk","clk","u_dut/rd_cmd_addr_q_reg[1][0][2]_replica_2","FDCE","u_dut/rd_cmd_addr_q_reg_replica_2","u_dut/lfnst_mem_resp_data_q_reg[6]","FDCE","u_dut/lfnst_mem_resp_data_q_reg","6","0.545000000","1.385000000","1.930000000","0.717616580","SLICE_X67Y6","SLICE_X70Y10","","","SIGNATURE_SKIPPED|FDCE|FDCE","SIGNATURE_SKIPPED|FDCE|FDCE","DUT_INTERNAL","u_dut/rd_cmd_addr_q_reg_replica_2","u_dut/lfnst_mem_resp_data_q_reg","0.009000000"
"u_dut/lfnst_mem_resp_data_q_reg[8]/D","u_dut/rd_cmd_addr_q_reg[1][0][1]_replica/C","-0.011000000","clk","clk","clk","u_dut/rd_cmd_addr_q_reg[1][0][1]_replica","FDCE","u_dut/rd_cmd_addr_q_reg_replica","u_dut/lfnst_mem_resp_data_q_reg[8]","FDCE","u_dut/lfnst_mem_resp_data_q_reg","6","0.507000000","1.388000000","1.895000000","0.732453826","SLICE_X58Y19","SLICE_X73Y14","","","SIGNATURE_SKIPPED|FDCE|FDCE","SIGNATURE_SKIPPED|FDCE|FDCE","DUT_INTERNAL","u_dut/rd_cmd_addr_q_reg_replica","u_dut/lfnst_mem_resp_data_q_reg","0.011000000"
"u_dut/lfnst_mem_resp_data_q_reg[9]/D","u_dut/rd_cmd_addr_q_reg[1][0][1]_replica/C","-0.019000000","clk","clk","clk","u_dut/rd_cmd_addr_q_reg[1][0][1]_replica","FDCE","u_dut/rd_cmd_addr_q_reg_replica","u_dut/lfnst_mem_resp_data_q_reg[9]","FDCE","u_dut/lfnst_mem_resp_data_q_reg","6","0.618000000","1.251000000","1.869000000","0.669341894","SLICE_X58Y19","SLICE_X72Y12","","","SIGNATURE_SKIPPED|FDCE|FDCE","SIGNATURE_SKIPPED|FDCE|FDCE","DUT_INTERNAL","u_dut/rd_cmd_addr_q_reg_replica","u_dut/lfnst_mem_resp_data_q_reg","0.019000000"
"u_dut/lfnst_mem_resp_valid_q_reg/D","u_dut/rd_cmd_addr_q_reg[1][0][3]_replica_4/C","-0.009000000","clk","clk","clk","u_dut/rd_cmd_addr_q_reg[1][0][3]_replica_4","FDCE","u_dut/rd_cmd_addr_q_reg_replica_4","u_dut/lfnst_mem_resp_valid_q_reg","FDCE","u_dut/lfnst_mem_resp_valid_q_reg","6","0.493000000","1.425000000","1.918000000","0.742961418","SLICE_X64Y22","SLICE_X76Y15","","","SIGNATURE_SKIPPED|FDCE|FDCE","SIGNATURE_SKIPPED|FDCE|FDCE","DUT_INTERNAL","u_dut/rd_cmd_addr_q_reg_replica_4","u_dut/lfnst_mem_resp_valid_q_reg","0.009000000"
"u_dut/result_write_beat_q_reg[6]/CE","u_dut/u_unified_p4_kernel/fifo_count_q_reg[2]/C","-0.001000000","clk","clk","clk","u_dut/u_unified_p4_kernel/fifo_count_q_reg[2]","FDCE","u_dut/u_unified_p4_kernel/fifo_count_q_reg","u_dut/result_write_beat_q_reg[6]","FDCE","u_dut/result_write_beat_q_reg","5","0.552000000","1.262000000","1.814000000","0.695700110","SLICE_X69Y46","SLICE_X64Y47","","","SIGNATURE_SKIPPED|FDCE|FDCE","SIGNATURE_SKIPPED|FDCE|FDCE","DUT_INTERNAL","u_dut/u_unified_p4_kernel/fifo_count_q_reg","u_dut/result_write_beat_q_reg","0.001000000"
"u_dut/result_write_beat_q_reg[8]/CE","u_dut/u_unified_p4_kernel/fifo_count_q_reg[2]/C","-0.001000000","clk","clk","clk","u_dut/u_unified_p4_kernel/fifo_count_q_reg[2]","FDCE","u_dut/u_unified_p4_kernel/fifo_count_q_reg","u_dut/result_write_beat_q_reg[8]","FDCE","u_dut/result_write_beat_q_reg","5","0.552000000","1.262000000","1.814000000","0.695700110","SLICE_X69Y46","SLICE_X64Y47","","","SIGNATURE_SKIPPED|FDCE|FDCE","SIGNATURE_SKIPPED|FDCE|FDCE","DUT_INTERNAL","u_dut/u_unified_p4_kernel/fifo_count_q_reg","u_dut/result_write_beat_q_reg","0.001000000"
"u_dut/u_bounded_lfnst_engine/out_data_reg[9]/D","u_dut/u_bounded_lfnst_engine/reduce_l5_q_reg[0][7]/C","-0.018000000","clk","clk","clk","u_dut/u_bounded_lfnst_engine/reduce_l5_q_reg[0][7]","FDCE","u_dut/u_bounded_lfnst_engine/reduce_l5_q_reg","u_dut/u_bounded_lfnst_engine/out_data_reg[9]","FDCE","u_dut/u_bounded_lfnst_engine/out_data_reg","8","0.788000000","1.120000000","1.908000000","0.587002096","SLICE_X63Y2","SLICE_X57Y0","","","SIGNATURE_SKIPPED|FDCE|FDCE","SIGNATURE_SKIPPED|FDCE|FDCE","DUT_INTERNAL","u_dut/u_bounded_lfnst_engine/reduce_l5_q_reg","u_dut/u_bounded_lfnst_engine/out_data_reg","0.018000000"
"u_dut/u_unified_p4_kernel/ingress_data_q_reg[0]/D","u_dut/lfnst_grid_reg[10][0]/C","-0.028000000","clk","clk","clk","u_dut/lfnst_grid_reg[10][0]","FDCE","u_dut/lfnst_grid_reg","u_dut/u_unified_p4_kernel/ingress_data_q_reg[0]","FDRE","u_dut/u_unified_p4_kernel/ingress_data_q_reg","5","0.558000000","1.280000000","1.838000000","0.696409140","SLICE_X50Y16","SLICE_X70Y32","","","SIGNATURE_SKIPPED|FDCE|FDRE","SIGNATURE_SKIPPED|FDCE|FDRE","DUT_INTERNAL","u_dut/lfnst_grid_reg","u_dut/u_unified_p4_kernel/ingress_data_q_reg","0.028000000"
"u_dut/u_unified_p4_kernel/ingress_data_q_reg[14]/D","u_dut/lfnst_grid_valid_reg[22]/C","-0.006000000","clk","clk","clk","u_dut/lfnst_grid_valid_reg[22]","FDCE","u_dut/lfnst_grid_valid_reg","u_dut/u_unified_p4_kernel/ingress_data_q_reg[14]","FDRE","u_dut/u_unified_p4_kernel/ingress_data_q_reg","5","0.513000000","1.366000000","1.879000000","0.726982437","SLICE_X58Y24","SLICE_X70Y36","","","SIGNATURE_SKIPPED|FDCE|FDRE","SIGNATURE_SKIPPED|FDCE|FDRE","DUT_INTERNAL","u_dut/lfnst_grid_valid_reg","u_dut/u_unified_p4_kernel/ingress_data_q_reg","0.006000000"
"u_dut/u_unified_p4_kernel/ingress_data_q_reg[15]/D","u_dut/lfnst_grid_valid_reg[22]/C","-0.021000000","clk","clk","clk","u_dut/lfnst_grid_valid_reg[22]","FDCE","u_dut/lfnst_grid_valid_reg","u_dut/u_unified_p4_kernel/ingress_data_q_reg[15]","FDRE","u_dut/u_unified_p4_kernel/ingress_data_q_reg","5","0.512000000","1.412000000","1.924000000","0.733887734","SLICE_X58Y24","SLICE_X72Y34","","","SIGNATURE_SKIPPED|FDCE|FDRE","SIGNATURE_SKIPPED|FDCE|FDRE","DUT_INTERNAL","u_dut/lfnst_grid_valid_reg","u_dut/u_unified_p4_kernel/ingress_data_q_reg","0.021000000"
"u_dut/u_unified_p4_kernel/ingress_data_q_reg[16]/D","u_dut/kernel_cut_h_q_reg[5]/C","-0.026000000","clk","clk","clk","u_dut/kernel_cut_h_q_reg[5]","FDCE","u_dut/kernel_cut_h_q_reg","u_dut/u_unified_p4_kernel/ingress_data_q_reg[16]","FDRE","u_dut/u_unified_p4_kernel/ingress_data_q_reg","4","0.627000000","1.289000000","1.916000000","0.672755741","SLICE_X61Y25","SLICE_X69Y35","","","SIGNATURE_SKIPPED|FDCE|FDRE","SIGNATURE_SKIPPED|FDCE|FDRE","DUT_INTERNAL","u_dut/kernel_cut_h_q_reg","u_dut/u_unified_p4_kernel/ingress_data_q_reg","0.026000000"
"u_dut/u_unified_p4_kernel/ingress_data_q_reg[17]/D","u_dut/kernel_vector_q_reg[0]_replica_4/C","-0.015000000","clk","clk","clk","u_dut/kernel_vector_q_reg[0]_replica_4","FDCE","u_dut/kernel_vector_q_reg_replica_4","u_dut/u_unified_p4_kernel/ingress_data_q_reg[17]","FDRE","u_dut/u_unified_p4_kernel/ingress_data_q_reg","5","0.544000000","1.357000000","1.901000000","0.713834824","SLICE_X59Y21","SLICE_X59Y32","","","SIGNATURE_SKIPPED|FDCE|FDRE","SIGNATURE_SKIPPED|FDCE|FDRE","DUT_INTERNAL","u_dut/kernel_vector_q_reg_replica_4","u_dut/u_unified_p4_kernel/ingress_data_q_reg","0.015000000"
"u_dut/u_unified_p4_kernel/ingress_data_q_reg[20]/D","u_dut/lfnst_grid_reg[0][4]/C","-0.005000000","clk","clk","clk","u_dut/lfnst_grid_reg[0][4]","FDCE","u_dut/lfnst_grid_reg","u_dut/u_unified_p4_kernel/ingress_data_q_reg[20]","FDRE","u_dut/u_unified_p4_kernel/ingress_data_q_reg","5","0.489000000","1.310000000","1.799000000","0.728182324","SLICE_X47Y11","SLICE_X69Y31","","","SIGNATURE_SKIPPED|FDCE|FDRE","SIGNATURE_SKIPPED|FDCE|FDRE","DUT_INTERNAL","u_dut/lfnst_grid_reg","u_dut/u_unified_p4_kernel/ingress_data_q_reg","0.005000000"
"u_dut/u_unified_p4_kernel/ingress_data_q_reg[21]/D","u_dut/kernel_cut_h_q_reg[5]/C","-0.026000000","clk","clk","clk","u_dut/kernel_cut_h_q_reg[5]","FDCE","u_dut/kernel_cut_h_q_reg","u_dut/u_unified_p4_kernel/ingress_data_q_reg[21]","FDRE","u_dut/u_unified_p4_kernel/ingress_data_q_reg","4","0.599000000","1.364000000","1.963000000","0.694854814","SLICE_X61Y25","SLICE_X59Y32","","","SIGNATURE_SKIPPED|FDCE|FDRE","SIGNATURE_SKIPPED|FDCE|FDRE","DUT_INTERNAL","u_dut/kernel_cut_h_q_reg","u_dut/u_unified_p4_kernel/ingress_data_q_reg","0.026000000"
"u_dut/u_unified_p4_kernel/ingress_data_q_reg[22]/D","u_dut/kernel_vector_q_reg[0]/C","-0.022000000","clk","clk","clk","u_dut/kernel_vector_q_reg[0]","FDCE","u_dut/kernel_vector_q_reg","u_dut/u_unified_p4_kernel/ingress_data_q_reg[22]","FDRE","u_dut/u_unified_p4_kernel/ingress_data_q_reg","5","0.522000000","1.378000000","1.900000000","0.725263158","SLICE_X59Y21","SLICE_X60Y32","","","SIGNATURE_SKIPPED|FDCE|FDRE","SIGNATURE_SKIPPED|FDCE|FDRE","DUT_INTERNAL","u_dut/kernel_vector_q_reg","u_dut/u_unified_p4_kernel/ingress_data_q_reg","0.022000000"
"u_dut/u_unified_p4_kernel/ingress_data_q_reg[25]/D","u_dut/kernel_vector_q_reg[0]_rep__1/C","-0.006000000","clk","clk","clk","u_dut/kernel_vector_q_reg[0]_rep__1","FDCE","u_dut/kernel_vector_q_reg_rep__1","u_dut/u_unified_p4_kernel/ingress_data_q_reg[25]","FDRE","u_dut/u_unified_p4_kernel/ingress_data_q_reg","5","0.437000000","1.486000000","1.923000000","0.772750910","SLICE_X68Y16","SLICE_X69Y34","","","SIGNATURE_SKIPPED|FDCE|FDRE","SIGNATURE_SKIPPED|FDCE|FDRE","DUT_INTERNAL","u_dut/kernel_vector_q_reg_rep__1","u_dut/u_unified_p4_kernel/ingress_data_q_reg","0.006000000"
"u_dut/u_unified_p4_kernel/ingress_data_q_reg[27]/D","u_dut/kernel_vector_q_reg[0]/C","-0.025000000","clk","clk","clk","u_dut/kernel_vector_q_reg[0]","FDCE","u_dut/kernel_vector_q_reg","u_dut/u_unified_p4_kernel/ingress_data_q_reg[27]","FDRE","u_dut/u_unified_p4_kernel/ingress_data_q_reg","5","0.583000000","1.320000000","1.903000000","0.693641618","SLICE_X59Y21","SLICE_X60Y32","","","SIGNATURE_SKIPPED|FDCE|FDRE","SIGNATURE_SKIPPED|FDCE|FDRE","DUT_INTERNAL","u_dut/kernel_vector_q_reg","u_dut/u_unified_p4_kernel/ingress_data_q_reg","0.025000000"
"u_dut/u_unified_p4_kernel/ingress_data_q_reg[28]/D","u_dut/kernel_vector_q_reg[0]/C","-0.001000000","clk","clk","clk","u_dut/kernel_vector_q_reg[0]","FDCE","u_dut/kernel_vector_q_reg","u_dut/u_unified_p4_kernel/ingress_data_q_reg[28]","FDRE","u_dut/u_unified_p4_kernel/ingress_data_q_reg","5","0.530000000","1.407000000","1.937000000","0.726381002","SLICE_X59Y21","SLICE_X68Y35","","","SIGNATURE_SKIPPED|FDCE|FDRE","SIGNATURE_SKIPPED|FDCE|FDRE","DUT_INTERNAL","u_dut/kernel_vector_q_reg","u_dut/u_unified_p4_kernel/ingress_data_q_reg","0.001000000"
"u_dut/u_unified_p4_kernel/ingress_data_q_reg[2]/D","u_dut/lfnst_grid_valid_reg[22]/C","-0.015000000","clk","clk","clk","u_dut/lfnst_grid_valid_reg[22]","FDCE","u_dut/lfnst_grid_valid_reg","u_dut/u_unified_p4_kernel/ingress_data_q_reg[2]","FDRE","u_dut/u_unified_p4_kernel/ingress_data_q_reg","5","0.561000000","1.365000000","1.926000000","0.708722741","SLICE_X58Y24","SLICE_X68Y27","","","SIGNATURE_SKIPPED|FDCE|FDRE","SIGNATURE_SKIPPED|FDCE|FDRE","DUT_INTERNAL","u_dut/lfnst_grid_valid_reg","u_dut/u_unified_p4_kernel/ingress_data_q_reg","0.015000000"
"u_dut/u_unified_p4_kernel/ingress_data_q_reg[30]/D","u_dut/kernel_cut_h_q_reg[5]/C","-0.012000000","clk","clk","clk","u_dut/kernel_cut_h_q_reg[5]","FDCE","u_dut/kernel_cut_h_q_reg","u_dut/u_unified_p4_kernel/ingress_data_q_reg[30]","FDRE","u_dut/u_unified_p4_kernel/ingress_data_q_reg","4","0.599000000","1.300000000","1.899000000","0.684570827","SLICE_X61Y25","SLICE_X66Y31","","","SIGNATURE_SKIPPED|FDCE|FDRE","SIGNATURE_SKIPPED|FDCE|FDRE","DUT_INTERNAL","u_dut/kernel_cut_h_q_reg","u_dut/u_unified_p4_kernel/ingress_data_q_reg","0.012000000"
"u_dut/u_unified_p4_kernel/ingress_data_q_reg[31]/D","u_dut/lfnst_grid_reg[0][15]/C","-0.009000000","clk","clk","clk","u_dut/lfnst_grid_reg[0][15]","FDCE","u_dut/lfnst_grid_reg","u_dut/u_unified_p4_kernel/ingress_data_q_reg[31]","FDRE","u_dut/u_unified_p4_kernel/ingress_data_q_reg","5","0.397000000","1.408000000","1.805000000","0.780055402","SLICE_X47Y10","SLICE_X68Y33","","","SIGNATURE_SKIPPED|FDCE|FDRE","SIGNATURE_SKIPPED|FDCE|FDRE","DUT_INTERNAL","u_dut/lfnst_grid_reg","u_dut/u_unified_p4_kernel/ingress_data_q_reg","0.009000000"
"u_dut/u_unified_p4_kernel/ingress_data_q_reg[40]/D","u_dut/kernel_vector_q_reg[0]/C","-0.004000000","clk","clk","clk","u_dut/kernel_vector_q_reg[0]","FDCE","u_dut/kernel_vector_q_reg","u_dut/u_unified_p4_kernel/ingress_data_q_reg[40]","FDRE","u_dut/u_unified_p4_kernel/ingress_data_q_reg","5","0.638000000","1.307000000","1.945000000","0.671979434","SLICE_X59Y21","SLICE_X62Y33","","","SIGNATURE_SKIPPED|FDCE|FDRE","SIGNATURE_SKIPPED|FDCE|FDRE","DUT_INTERNAL","u_dut/kernel_vector_q_reg","u_dut/u_unified_p4_kernel/ingress_data_q_reg","0.004000000"
"u_dut/u_unified_p4_kernel/ingress_data_q_reg[41]/D","u_dut/lfnst_grid_reg[0][9]/C","-0.032000000","clk","clk","clk","u_dut/lfnst_grid_reg[0][9]","FDCE","u_dut/lfnst_grid_reg","u_dut/u_unified_p4_kernel/ingress_data_q_reg[41]","FDRE","u_dut/u_unified_p4_kernel/ingress_data_q_reg","5","0.517000000","1.318000000","1.835000000","0.718256131","SLICE_X47Y10","SLICE_X68Y34","","","SIGNATURE_SKIPPED|FDCE|FDRE","SIGNATURE_SKIPPED|FDCE|FDRE","DUT_INTERNAL","u_dut/lfnst_grid_reg","u_dut/u_unified_p4_kernel/ingress_data_q_reg","0.032000000"
"u_dut/u_unified_p4_kernel/ingress_data_q_reg[43]/D","u_dut/lfnst_grid_reg[15][11]/C","-0.001000000","clk","clk","clk","u_dut/lfnst_grid_reg[15][11]","FDCE","u_dut/lfnst_grid_reg","u_dut/u_unified_p4_kernel/ingress_data_q_reg[43]","FDRE","u_dut/u_unified_p4_kernel/ingress_data_q_reg","5","0.526000000","1.278000000","1.804000000","0.708425721","SLICE_X48Y20","SLICE_X64Y28","","","SIGNATURE_SKIPPED|FDCE|FDRE","SIGNATURE_SKIPPED|FDCE|FDRE","DUT_INTERNAL","u_dut/lfnst_grid_reg","u_dut/u_unified_p4_kernel/ingress_data_q_reg","0.001000000"
"u_dut/u_unified_p4_kernel/ingress_data_q_reg[49]/D","u_dut/lfnst_grid_reg[11][1]/C","-0.021000000","clk","clk","clk","u_dut/lfnst_grid_reg[11][1]","FDCE","u_dut/lfnst_grid_reg","u_dut/u_unified_p4_kernel/ingress_data_q_reg[49]","FDRE","u_dut/u_unified_p4_kernel/ingress_data_q_reg","5","0.522000000","1.278000000","1.800000000","0.710000000","SLICE_X50Y12","SLICE_X63Y28","","","SIGNATURE_SKIPPED|FDCE|FDRE","SIGNATURE_SKIPPED|FDCE|FDRE","DUT_INTERNAL","u_dut/lfnst_grid_reg","u_dut/u_unified_p4_kernel/ingress_data_q_reg","0.021000000"
"u_dut/u_unified_p4_kernel/ingress_data_q_reg[4]/D","u_dut/lfnst_grid_reg[18][4]/C","-0.034000000","clk","clk","clk","u_dut/lfnst_grid_reg[18][4]","FDCE","u_dut/lfnst_grid_reg","u_dut/u_unified_p4_kernel/ingress_data_q_reg[4]","FDRE","u_dut/u_unified_p4_kernel/ingress_data_q_reg","5","0.634000000","1.256000000","1.890000000","0.664550265","SLICE_X48Y26","SLICE_X67Y30","","","SIGNATURE_SKIPPED|FDCE|FDRE","SIGNATURE_SKIPPED|FDCE|FDRE","DUT_INTERNAL","u_dut/lfnst_grid_reg","u_dut/u_unified_p4_kernel/ingress_data_q_reg","0.034000000"
"u_dut/u_unified_p4_kernel/ingress_data_q_reg[50]/D","u_dut/kernel_vector_q_reg[1]_rep__1/C","-0.017000000","clk","clk","clk","u_dut/kernel_vector_q_reg[1]_rep__1","FDCE","u_dut/kernel_vector_q_reg_rep__1","u_dut/u_unified_p4_kernel/ingress_data_q_reg[50]","FDRE","u_dut/u_unified_p4_kernel/ingress_data_q_reg","5","0.635000000","1.269000000","1.904000000","0.666491597","SLICE_X59Y20","SLICE_X64Y28","","","SIGNATURE_SKIPPED|FDCE|FDRE","SIGNATURE_SKIPPED|FDCE|FDRE","DUT_INTERNAL","u_dut/kernel_vector_q_reg_rep__1","u_dut/u_unified_p4_kernel/ingress_data_q_reg","0.017000000"
"u_dut/u_unified_p4_kernel/ingress_data_q_reg[51]/D","u_dut/lfnst_grid_reg[4][3]/C","-0.016000000","clk","clk","clk","u_dut/lfnst_grid_reg[4][3]","FDCE","u_dut/lfnst_grid_reg","u_dut/u_unified_p4_kernel/ingress_data_q_reg[51]","FDRE","u_dut/u_unified_p4_kernel/ingress_data_q_reg","5","0.415000000","1.393000000","1.808000000","0.770464602","SLICE_X51Y16","SLICE_X63Y29","","","SIGNATURE_SKIPPED|FDCE|FDRE","SIGNATURE_SKIPPED|FDCE|FDRE","DUT_INTERNAL","u_dut/lfnst_grid_reg","u_dut/u_unified_p4_kernel/ingress_data_q_reg","0.016000000"
"u_dut/u_unified_p4_kernel/ingress_data_q_reg[53]/D","u_dut/lfnst_grid_reg[0][5]/C","-0.022000000","clk","clk","clk","u_dut/lfnst_grid_reg[0][5]","FDCE","u_dut/lfnst_grid_reg","u_dut/u_unified_p4_kernel/ingress_data_q_reg[53]","FDRE","u_dut/u_unified_p4_kernel/ingress_data_q_reg","5","0.503000000","1.282000000","1.785000000","0.718207283","SLICE_X46Y11","SLICE_X63Y29","","","SIGNATURE_SKIPPED|FDCE|FDRE","SIGNATURE_SKIPPED|FDCE|FDRE","DUT_INTERNAL","u_dut/lfnst_grid_reg","u_dut/u_unified_p4_kernel/ingress_data_q_reg","0.022000000"
"u_dut/u_unified_p4_kernel/ingress_data_q_reg[55]/D","u_dut/kernel_vector_q_reg[0]_rep/C","-0.001000000","clk","clk","clk","u_dut/kernel_vector_q_reg[0]_rep","FDCE","u_dut/kernel_vector_q_reg_rep","u_dut/u_unified_p4_kernel/ingress_data_q_reg[55]","FDRE","u_dut/u_unified_p4_kernel/ingress_data_q_reg","5","0.550000000","1.364000000","1.914000000","0.712643678","SLICE_X64Y21","SLICE_X63Y35","","","SIGNATURE_SKIPPED|FDCE|FDRE","SIGNATURE_SKIPPED|FDCE|FDRE","DUT_INTERNAL","u_dut/kernel_vector_q_reg_rep","u_dut/u_unified_p4_kernel/ingress_data_q_reg","0.001000000"
"u_dut/u_unified_p4_kernel/ingress_data_q_reg[58]/D","u_dut/kernel_vector_q_reg[0]_rep/C","-0.023000000","clk","clk","clk","u_dut/kernel_vector_q_reg[0]_rep","FDCE","u_dut/kernel_vector_q_reg_rep","u_dut/u_unified_p4_kernel/ingress_data_q_reg[58]","FDRE","u_dut/u_unified_p4_kernel/ingress_data_q_reg","5","0.598000000","1.330000000","1.928000000","0.689834025","SLICE_X64Y21","SLICE_X67Y30","","","SIGNATURE_SKIPPED|FDCE|FDRE","SIGNATURE_SKIPPED|FDCE|FDRE","DUT_INTERNAL","u_dut/kernel_vector_q_reg_rep","u_dut/u_unified_p4_kernel/ingress_data_q_reg","0.023000000"
"u_dut/u_unified_p4_kernel/ingress_data_q_reg[59]/D","u_dut/lfnst_grid_reg[0][11]/C","-0.024000000","clk","clk","clk","u_dut/lfnst_grid_reg[0][11]","FDCE","u_dut/lfnst_grid_reg","u_dut/u_unified_p4_kernel/ingress_data_q_reg[59]","FDRE","u_dut/u_unified_p4_kernel/ingress_data_q_reg","5","0.349000000","1.441000000","1.790000000","0.805027933","SLICE_X46Y11","SLICE_X64Y29","","","SIGNATURE_SKIPPED|FDCE|FDRE","SIGNATURE_SKIPPED|FDCE|FDRE","DUT_INTERNAL","u_dut/lfnst_grid_reg","u_dut/u_unified_p4_kernel/ingress_data_q_reg","0.024000000"
"u_dut/u_unified_p4_kernel/ingress_data_q_reg[5]/D","u_dut/kernel_h_rd_raw_group_q_reg[3]/C","-0.013000000","clk","clk","clk","u_dut/kernel_h_rd_raw_group_q_reg[3]","FDCE","u_dut/kernel_h_rd_raw_group_q_reg","u_dut/u_unified_p4_kernel/ingress_data_q_reg[5]","FDRE","u_dut/u_unified_p4_kernel/ingress_data_q_reg","6","0.479000000","1.486000000","1.965000000","0.756234097","SLICE_X66Y29","SLICE_X59Y26","","","SIGNATURE_SKIPPED|FDCE|FDRE","SIGNATURE_SKIPPED|FDCE|FDRE","DUT_INTERNAL","u_dut/kernel_h_rd_raw_group_q_reg","u_dut/u_unified_p4_kernel/ingress_data_q_reg","0.013000000"
"u_dut/u_unified_p4_kernel/ingress_data_q_reg[60]/D","u_dut/kernel_vector_q_reg[0]_rep/C","-0.003000000","clk","clk","clk","u_dut/kernel_vector_q_reg[0]_rep","FDCE","u_dut/kernel_vector_q_reg_rep","u_dut/u_unified_p4_kernel/ingress_data_q_reg[60]","FDRE","u_dut/u_unified_p4_kernel/ingress_data_q_reg","5","0.550000000","1.366000000","1.916000000","0.712943633","SLICE_X64Y21","SLICE_X63Y35","","","SIGNATURE_SKIPPED|FDCE|FDRE","SIGNATURE_SKIPPED|FDCE|FDRE","DUT_INTERNAL","u_dut/kernel_vector_q_reg_rep","u_dut/u_unified_p4_kernel/ingress_data_q_reg","0.003000000"
"u_dut/u_unified_p4_kernel/ingress_data_q_reg[8]/D","u_dut/kernel_h_rd_raw_group_q_reg[3]/C","-0.002000000","clk","clk","clk","u_dut/kernel_h_rd_raw_group_q_reg[3]","FDCE","u_dut/kernel_h_rd_raw_group_q_reg","u_dut/u_unified_p4_kernel/ingress_data_q_reg[8]","FDRE","u_dut/u_unified_p4_kernel/ingress_data_q_reg","6","0.591000000","1.342000000","1.933000000","0.694257631","SLICE_X66Y29","SLICE_X71Y30","","","SIGNATURE_SKIPPED|FDCE|FDRE","SIGNATURE_SKIPPED|FDCE|FDRE","DUT_INTERNAL","u_dut/kernel_h_rd_raw_group_q_reg","u_dut/u_unified_p4_kernel/ingress_data_q_reg","0.002000000"
"u_dut/u_unified_p4_kernel/input_mem_reg[0][45][13]/D","u_dut/u_unified_p4_kernel/ingress_data_q_reg[29]/C","-0.005000000","clk","clk","clk","u_dut/u_unified_p4_kernel/ingress_data_q_reg[29]","FDRE","u_dut/u_unified_p4_kernel/ingress_data_q_reg","u_dut/u_unified_p4_kernel/input_mem_reg[0][45][13]","FDRE","u_dut/u_unified_p4_kernel/input_mem_reg","0","0.079000000","1.826000000","1.905000000","0.958530184","SLICE_X69Y33","SLICE_X50Y80","","","SIGNATURE_SKIPPED|FDRE|FDRE","SIGNATURE_SKIPPED|FDRE|FDRE","DUT_INTERNAL","u_dut/u_unified_p4_kernel/ingress_data_q_reg","u_dut/u_unified_p4_kernel/input_mem_reg","0.005000000"
"u_dut/u_unified_p4_kernel/input_mem_reg[1][20][4]/D","u_dut/u_unified_p4_kernel/ingress_data_q_reg[4]/C","-0.002000000","clk","clk","clk","u_dut/u_unified_p4_kernel/ingress_data_q_reg[4]","FDRE","u_dut/u_unified_p4_kernel/ingress_data_q_reg","u_dut/u_unified_p4_kernel/input_mem_reg[1][20][4]","FDRE","u_dut/u_unified_p4_kernel/input_mem_reg","0","0.078000000","1.776000000","1.854000000","0.957928803","SLICE_X67Y30","SLICE_X87Y68","","","SIGNATURE_SKIPPED|FDRE|FDRE","SIGNATURE_SKIPPED|FDRE|FDRE","DUT_INTERNAL","u_dut/u_unified_p4_kernel/ingress_data_q_reg","u_dut/u_unified_p4_kernel/input_mem_reg","0.002000000"
"u_dut/u_unified_p4_kernel/input_mem_reg[1][61][14]/CE","u_dut/u_unified_p4_kernel/ingress_group_q_reg[0]/C","-0.026000000","clk","clk","clk","u_dut/u_unified_p4_kernel/ingress_group_q_reg[0]","FDCE","u_dut/u_unified_p4_kernel/ingress_group_q_reg","u_dut/u_unified_p4_kernel/input_mem_reg[1][61][14]","FDRE","u_dut/u_unified_p4_kernel/input_mem_reg","2","0.318000000","1.508000000","1.826000000","0.825848850","SLICE_X68Y37","SLICE_X60Y36","","","SIGNATURE_SKIPPED|FDCE|FDRE","SIGNATURE_SKIPPED|FDCE|FDRE","DUT_INTERNAL","u_dut/u_unified_p4_kernel/ingress_group_q_reg","u_dut/u_unified_p4_kernel/input_mem_reg","0.026000000"
"u_dut/u_unified_p4_kernel/input_mem_reg[1][62][10]/CE","u_dut/u_unified_p4_kernel/ingress_group_q_reg[0]/C","-0.002000000","clk","clk","clk","u_dut/u_unified_p4_kernel/ingress_group_q_reg[0]","FDCE","u_dut/u_unified_p4_kernel/ingress_group_q_reg","u_dut/u_unified_p4_kernel/input_mem_reg[1][62][10]","FDRE","u_dut/u_unified_p4_kernel/input_mem_reg","2","0.318000000","1.502000000","1.820000000","0.825274725","SLICE_X68Y37","SLICE_X57Y42","","","SIGNATURE_SKIPPED|FDCE|FDRE","SIGNATURE_SKIPPED|FDCE|FDRE","DUT_INTERNAL","u_dut/u_unified_p4_kernel/ingress_group_q_reg","u_dut/u_unified_p4_kernel/input_mem_reg","0.002000000"
"u_dut/u_unified_p4_kernel/input_mem_reg[1][62][15]/CE","u_dut/u_unified_p4_kernel/ingress_group_q_reg[0]/C","-0.034000000","clk","clk","clk","u_dut/u_unified_p4_kernel/ingress_group_q_reg[0]","FDCE","u_dut/u_unified_p4_kernel/ingress_group_q_reg","u_dut/u_unified_p4_kernel/input_mem_reg[1][62][15]","FDRE","u_dut/u_unified_p4_kernel/input_mem_reg","2","0.318000000","1.531000000","1.849000000","0.828015143","SLICE_X68Y37","SLICE_X63Y45","","","SIGNATURE_SKIPPED|FDCE|FDRE","SIGNATURE_SKIPPED|FDCE|FDRE","DUT_INTERNAL","u_dut/u_unified_p4_kernel/ingress_group_q_reg","u_dut/u_unified_p4_kernel/input_mem_reg","0.034000000"
"u_dut/u_unified_p4_kernel/input_mem_reg[1][9][2]/D","u_dut/u_unified_p4_kernel/ingress_data_q_reg[18]/C","-0.029000000","clk","clk","clk","u_dut/u_unified_p4_kernel/ingress_data_q_reg[18]","FDRE","u_dut/u_unified_p4_kernel/ingress_data_q_reg","u_dut/u_unified_p4_kernel/input_mem_reg[1][9][2]","FDRE","u_dut/u_unified_p4_kernel/input_mem_reg","0","0.079000000","1.772000000","1.851000000","0.957320367","SLICE_X60Y32","SLICE_X86Y28","","","SIGNATURE_SKIPPED|FDRE|FDRE","SIGNATURE_SKIPPED|FDRE|FDRE","DUT_INTERNAL","u_dut/u_unified_p4_kernel/ingress_data_q_reg","u_dut/u_unified_p4_kernel/input_mem_reg","0.029000000"
"u_dut/u_unified_p4_kernel/input_mem_reg[2][1][13]/D","u_dut/u_unified_p4_kernel/ingress_data_q_reg[29]/C","-0.009000000","clk","clk","clk","u_dut/u_unified_p4_kernel/ingress_data_q_reg[29]","FDRE","u_dut/u_unified_p4_kernel/ingress_data_q_reg","u_dut/u_unified_p4_kernel/input_mem_reg[2][1][13]","FDRE","u_dut/u_unified_p4_kernel/input_mem_reg","0","0.079000000","1.753000000","1.832000000","0.956877729","SLICE_X69Y33","SLICE_X94Y34","","","SIGNATURE_SKIPPED|FDRE|FDRE","SIGNATURE_SKIPPED|FDRE|FDRE","DUT_INTERNAL","u_dut/u_unified_p4_kernel/ingress_data_q_reg","u_dut/u_unified_p4_kernel/input_mem_reg","0.009000000"
"u_dut/u_unified_p4_kernel/input_mem_reg[2][5][2]/D","u_dut/u_unified_p4_kernel/ingress_data_q_reg[18]/C","-0.030000000","clk","clk","clk","u_dut/u_unified_p4_kernel/ingress_data_q_reg[18]","FDRE","u_dut/u_unified_p4_kernel/ingress_data_q_reg","u_dut/u_unified_p4_kernel/input_mem_reg[2][5][2]","FDRE","u_dut/u_unified_p4_kernel/input_mem_reg","0","0.079000000","1.775000000","1.854000000","0.957389428","SLICE_X60Y32","SLICE_X87Y36","","","SIGNATURE_SKIPPED|FDRE|FDRE","SIGNATURE_SKIPPED|FDRE|FDRE","DUT_INTERNAL","u_dut/u_unified_p4_kernel/ingress_data_q_reg","u_dut/u_unified_p4_kernel/input_mem_reg","0.030000000"
"u_dut/u_unified_p4_kernel/input_mem_reg[3][1][13]/D","u_dut/u_unified_p4_kernel/ingress_data_q_reg[29]/C","-0.023000000","clk","clk","clk","u_dut/u_unified_p4_kernel/ingress_data_q_reg[29]","FDRE","u_dut/u_unified_p4_kernel/ingress_data_q_reg","u_dut/u_unified_p4_kernel/input_mem_reg[3][1][13]","FDRE","u_dut/u_unified_p4_kernel/input_mem_reg","0","0.079000000","1.767000000","1.846000000","0.957204767","SLICE_X69Y33","SLICE_X94Y34","","","SIGNATURE_SKIPPED|FDRE|FDRE","SIGNATURE_SKIPPED|FDRE|FDRE","DUT_INTERNAL","u_dut/u_unified_p4_kernel/ingress_data_q_reg","u_dut/u_unified_p4_kernel/input_mem_reg","0.023000000"
"u_dut/u_unified_p4_kernel/input_mem_reg[3][45][13]/D","u_dut/u_unified_p4_kernel/ingress_data_q_reg[29]/C","-0.015000000","clk","clk","clk","u_dut/u_unified_p4_kernel/ingress_data_q_reg[29]","FDRE","u_dut/u_unified_p4_kernel/ingress_data_q_reg","u_dut/u_unified_p4_kernel/input_mem_reg[3][45][13]","FDRE","u_dut/u_unified_p4_kernel/input_mem_reg","0","0.079000000","1.837000000","1.916000000","0.958768267","SLICE_X69Y33","SLICE_X50Y79","","","SIGNATURE_SKIPPED|FDRE|FDRE","SIGNATURE_SKIPPED|FDRE|FDRE","DUT_INTERNAL","u_dut/u_unified_p4_kernel/ingress_data_q_reg","u_dut/u_unified_p4_kernel/input_mem_reg","0.015000000"
"u_dut/u_unified_p4_kernel/issue_desc_bundle_addr_q_reg[1]_rep__6/D","u_dut/u_unified_p4_kernel/ready_rd_ptr_q_reg[0]/C","-0.010000000","clk","clk","clk","u_dut/u_unified_p4_kernel/ready_rd_ptr_q_reg[0]","FDCE","u_dut/u_unified_p4_kernel/ready_rd_ptr_q_reg","u_dut/u_unified_p4_kernel/issue_desc_bundle_addr_q_reg[1]_rep__6","FDCE","u_dut/u_unified_p4_kernel/issue_desc_bundle_addr_q_reg_rep__6","5","0.479000000","1.441000000","1.920000000","0.750520833","SLICE_X76Y39","SLICE_X73Y63","","","SIGNATURE_SKIPPED|FDCE|FDCE","SIGNATURE_SKIPPED|FDCE|FDCE","DUT_INTERNAL","u_dut/u_unified_p4_kernel/ready_rd_ptr_q_reg","u_dut/u_unified_p4_kernel/issue_desc_bundle_addr_q_reg_rep__6","0.010000000"
"u_dut/u_unified_p4_kernel/issue_desc_bundle_addr_q_reg[3]_rep__7/D","u_dut/u_unified_p4_kernel/ready_rd_ptr_q_reg[0]/C","-0.008000000","clk","clk","clk","u_dut/u_unified_p4_kernel/ready_rd_ptr_q_reg[0]","FDCE","u_dut/u_unified_p4_kernel/ready_rd_ptr_q_reg","u_dut/u_unified_p4_kernel/issue_desc_bundle_addr_q_reg[3]_rep__7","FDCE","u_dut/u_unified_p4_kernel/issue_desc_bundle_addr_q_reg_rep__7","5","0.476000000","1.450000000","1.926000000","0.752855659","SLICE_X76Y39","SLICE_X75Y61","","","SIGNATURE_SKIPPED|FDCE|FDCE","SIGNATURE_SKIPPED|FDCE|FDCE","DUT_INTERNAL","u_dut/u_unified_p4_kernel/ready_rd_ptr_q_reg","u_dut/u_unified_p4_kernel/issue_desc_bundle_addr_q_reg_rep__7","0.008000000"
"u_dut/u_unified_p4_kernel/reduce_l5_q_reg[0][37]/D","u_dut/u_unified_p4_kernel/reduce_l4_q_reg[0][2][23]/C","-0.024000000","clk","clk","clk","u_dut/u_unified_p4_kernel/reduce_l4_q_reg[0][2][23]","FDRE","u_dut/u_unified_p4_kernel/reduce_l4_q_reg","u_dut/u_unified_p4_kernel/reduce_l5_q_reg[0][37]","FDRE","u_dut/u_unified_p4_kernel/reduce_l5_q_reg","5","0.572000000","1.282000000","1.854000000","0.691477886","SLICE_X59Y66","SLICE_X79Y70","","","SIGNATURE_SKIPPED|FDRE|FDRE","SIGNATURE_SKIPPED|FDRE|FDRE","DUT_INTERNAL","u_dut/u_unified_p4_kernel/reduce_l4_q_reg","u_dut/u_unified_p4_kernel/reduce_l5_q_reg","0.024000000"
"u_dut/u_unified_p4_kernel/reduce_l5_q_reg[0][38]/D","u_dut/u_unified_p4_kernel/reduce_l4_q_reg[0][2][23]/C","-0.012000000","clk","clk","clk","u_dut/u_unified_p4_kernel/reduce_l4_q_reg[0][2][23]","FDRE","u_dut/u_unified_p4_kernel/reduce_l4_q_reg","u_dut/u_unified_p4_kernel/reduce_l5_q_reg[0][38]","FDRE","u_dut/u_unified_p4_kernel/reduce_l5_q_reg","5","0.559000000","1.283000000","1.842000000","0.696525516","SLICE_X59Y66","SLICE_X79Y70","","","SIGNATURE_SKIPPED|FDRE|FDRE","SIGNATURE_SKIPPED|FDRE|FDRE","DUT_INTERNAL","u_dut/u_unified_p4_kernel/reduce_l4_q_reg","u_dut/u_unified_p4_kernel/reduce_l5_q_reg","0.012000000"
"u_dut/u_unified_p4_kernel/reduce_l5_q_reg[0][39]/D","u_dut/u_unified_p4_kernel/reduce_l4_q_reg[0][2][23]/C","-0.025000000","clk","clk","clk","u_dut/u_unified_p4_kernel/reduce_l4_q_reg[0][2][23]","FDRE","u_dut/u_unified_p4_kernel/reduce_l4_q_reg","u_dut/u_unified_p4_kernel/reduce_l5_q_reg[0][39]","FDRE","u_dut/u_unified_p4_kernel/reduce_l5_q_reg","5","0.572000000","1.283000000","1.855000000","0.691644205","SLICE_X59Y66","SLICE_X79Y70","","","SIGNATURE_SKIPPED|FDRE|FDRE","SIGNATURE_SKIPPED|FDRE|FDRE","DUT_INTERNAL","u_dut/u_unified_p4_kernel/reduce_l4_q_reg","u_dut/u_unified_p4_kernel/reduce_l5_q_reg","0.025000000"
"u_dut/u_unified_p4_kernel/reduce_l5_q_reg[1][37]/D","u_dut/u_unified_p4_kernel/reduce_l4_q_reg[1][1][9]/C","-0.026000000","clk","clk","clk","u_dut/u_unified_p4_kernel/reduce_l4_q_reg[1][1][9]","FDRE","u_dut/u_unified_p4_kernel/reduce_l4_q_reg","u_dut/u_unified_p4_kernel/reduce_l5_q_reg[1][37]","FDRE","u_dut/u_unified_p4_kernel/reduce_l5_q_reg","7","0.605000000","1.273000000","1.878000000","0.677848775","SLICE_X91Y63","SLICE_X77Y68","","","SIGNATURE_SKIPPED|FDRE|FDRE","SIGNATURE_SKIPPED|FDRE|FDRE","DUT_INTERNAL","u_dut/u_unified_p4_kernel/reduce_l4_q_reg","u_dut/u_unified_p4_kernel/reduce_l5_q_reg","0.026000000"
"u_dut/u_unified_p4_kernel/reduce_l5_q_reg[1][38]/D","u_dut/u_unified_p4_kernel/reduce_l4_q_reg[1][1][9]/C","-0.014000000","clk","clk","clk","u_dut/u_unified_p4_kernel/reduce_l4_q_reg[1][1][9]","FDRE","u_dut/u_unified_p4_kernel/reduce_l4_q_reg","u_dut/u_unified_p4_kernel/reduce_l5_q_reg[1][38]","FDRE","u_dut/u_unified_p4_kernel/reduce_l5_q_reg","7","0.592000000","1.274000000","1.866000000","0.682743837","SLICE_X91Y63","SLICE_X77Y68","","","SIGNATURE_SKIPPED|FDRE|FDRE","SIGNATURE_SKIPPED|FDRE|FDRE","DUT_INTERNAL","u_dut/u_unified_p4_kernel/reduce_l4_q_reg","u_dut/u_unified_p4_kernel/reduce_l5_q_reg","0.014000000"
"u_dut/u_unified_p4_kernel/reduce_l5_q_reg[1][39]/D","u_dut/u_unified_p4_kernel/reduce_l4_q_reg[1][1][9]/C","-0.027000000","clk","clk","clk","u_dut/u_unified_p4_kernel/reduce_l4_q_reg[1][1][9]","FDRE","u_dut/u_unified_p4_kernel/reduce_l4_q_reg","u_dut/u_unified_p4_kernel/reduce_l5_q_reg[1][39]","FDRE","u_dut/u_unified_p4_kernel/reduce_l5_q_reg","7","0.605000000","1.274000000","1.879000000","0.678020224","SLICE_X91Y63","SLICE_X77Y68","","","SIGNATURE_SKIPPED|FDRE|FDRE","SIGNATURE_SKIPPED|FDRE|FDRE","DUT_INTERNAL","u_dut/u_unified_p4_kernel/reduce_l4_q_reg","u_dut/u_unified_p4_kernel/reduce_l5_q_reg","0.027000000"
