"bucket","source_family","endpoint_family","endpoint_count","tns_ns","tns_share","worst_violation_ns","median_violation_ns","p90_violation_ns","p99_violation_ns"
"DUT_INTERNAL","u_dut/fill_active_reg","u_dut/fill_wr_bank_addr_q_reg","2","-0.048000000","0.001131382","0.024000000","0.024000000","0.024000000","0.024000000"
"DUT_INTERNAL","u_dut/fill_slot_reg","u_dut/fill_wr_bank_addr_q_reg","1","-0.024000000","0.000565691","0.024000000","0.024000000","0.024000000","0.024000000"
"DUT_INTERNAL","u_dut/fill_wr_bank_addr_q_reg","u_dut/input_cache_bank","8","-0.280000000","0.006599727","0.035000000","0.035000000","0.035000000","0.035000000"
"DUT_INTERNAL","u_dut/kernel_cut_h_q_reg","u_dut/kernel_rd_resp_data_q_reg","1","-0.015000000","0.000353557","0.015000000","0.015000000","0.015000000","0.015000000"
"DUT_INTERNAL","u_dut/kernel_cut_h_q_reg","u_dut/vwrite_cmd_data_q_reg","5","-0.217000000","0.005114788","0.090000000","0.024000000","0.090000000","0.090000000"
"DUT_INTERNAL","u_dut/kernel_cut_w_q_reg","u_dut/u_unified_p4_kernel/ingress_data_q_reg","1","-0.023000000","0.000542120","0.023000000","0.023000000","0.023000000","0.023000000"
"DUT_INTERNAL","u_dut/kernel_h_rd_addr_q_reg","u_dut/kernel_h_rd_data_q_reg","41","-2.570000000","0.060576062","0.121000000","0.059000000","0.105000000","0.121000000"
"DUT_INTERNAL","u_dut/kernel_h_rd_addr_q_reg","u_dut/kernel_h_rd_data_tail_q_reg","16","-0.676000000","0.015933626","0.119000000","0.030000000","0.095000000","0.119000000"
"DUT_INTERNAL","u_dut/kernel_h_rd_raw_group_q_reg","u_dut/u_unified_p4_kernel/ingress_data_q_reg","5","-0.257000000","0.006057606","0.079000000","0.046000000","0.079000000","0.079000000"
"DUT_INTERNAL","u_dut/kernel_phase_q_reg","u_dut/output_index_reg_replica_2","1","-0.005000000","0.000117852","0.005000000","0.005000000","0.005000000","0.005000000"
"DUT_INTERNAL","u_dut/kernel_phase_q_reg","u_dut/output_index_reg_replica_3","2","-0.153000000","0.003606279","0.097000000","0.056000000","0.097000000","0.097000000"
"DUT_INTERNAL","u_dut/kernel_phase_q_reg","u_dut/output_index_reg_replica_4","3","-0.209000000","0.004926224","0.097000000","0.056000000","0.097000000","0.097000000"
"DUT_INTERNAL","u_dut/kernel_phase_q_reg","u_dut/output_index_reg_replica_5","1","-0.106000000","0.002498468","0.106000000","0.106000000","0.106000000","0.106000000"
"DUT_INTERNAL","u_dut/kernel_phase_q_reg","u_dut/output_index_reg_replica_8","2","-0.014000000","0.000329986","0.007000000","0.007000000","0.007000000","0.007000000"
"DUT_INTERNAL","u_dut/kernel_phase_q_reg","u_dut/u_unified_p4_kernel/ingress_data_q_reg","5","-0.363000000","0.008556074","0.112000000","0.095000000","0.112000000","0.112000000"
"DUT_INTERNAL","u_dut/kernel_run_q_reg","u_dut/kernel_phase_q_reg","1","-0.002000000","0.000047141","0.002000000","0.002000000","0.002000000","0.002000000"
"DUT_INTERNAL","u_dut/kernel_run_q_reg","u_dut/output_index_reg_replica_7","3","-0.148000000","0.003488427","0.050000000","0.050000000","0.050000000","0.050000000"
"DUT_INTERNAL","u_dut/kernel_run_q_reg","u_dut/result_write_beat_q_reg","4","-0.056000000","0.001319945","0.014000000","0.014000000","0.014000000","0.014000000"
"DUT_INTERNAL","u_dut/kernel_run_q_reg","u_dut/u_unified_p4_kernel/reserved_groups_q_reg","1","-0.045000000","0.001060670","0.045000000","0.045000000","0.045000000","0.045000000"
"DUT_INTERNAL","u_dut/kernel_run_q_reg","u_dut/vwrite_cmd_data_q_reg","1","-0.048000000","0.001131382","0.048000000","0.048000000","0.048000000","0.048000000"
"DUT_INTERNAL","u_dut/kernel_stage_q_reg","u_dut/rd_cmd_addr_q_reg_replica_1","1","-0.028000000","0.000659973","0.028000000","0.028000000","0.028000000","0.028000000"
"DUT_INTERNAL","u_dut/kernel_stage_q_reg","u_dut/rd_cmd_addr_q_reg_replica_3","1","-0.066000000","0.001555650","0.066000000","0.066000000","0.066000000","0.066000000"
"DUT_INTERNAL","u_dut/kernel_stage_q_reg","u_dut/rd_cmd_addr_q_reg_replica_4","1","-0.041000000","0.000966389","0.041000000","0.041000000","0.041000000","0.041000000"
"DUT_INTERNAL","u_dut/kernel_stage_q_reg","u_dut/u_unified_p4_kernel/ingress_data_q_reg","6","-0.446000000","0.010512422","0.123000000","0.036000000","0.123000000","0.123000000"
"DUT_INTERNAL","u_dut/kernel_vector_q_reg_rep__0","u_dut/kernel_vector_q_reg","1","-0.055000000","0.001296375","0.055000000","0.055000000","0.055000000","0.055000000"
"DUT_INTERNAL","u_dut/kernel_vector_q_reg_rep__0","u_dut/u_unified_p4_kernel/ingress_data_q_reg","4","-0.205000000","0.004831943","0.078000000","0.047000000","0.078000000","0.078000000"
"DUT_INTERNAL","u_dut/kernel_vector_q_reg_rep__1","u_dut/u_unified_p4_kernel/ingress_data_q_reg","4","-0.317000000","0.007471833","0.101000000","0.082000000","0.101000000","0.101000000"
"DUT_INTERNAL","u_dut/kernel_vector_q_reg_rep__2","u_dut/u_unified_p4_kernel/ingress_data_q_reg","7","-0.668000000","0.015745062","0.117000000","0.099000000","0.117000000","0.117000000"
"DUT_INTERNAL","u_dut/kernel_vector_q_reg","u_dut/kernel_h_input_commit_wait_q_reg","1","-0.007000000","0.000164993","0.007000000","0.007000000","0.007000000","0.007000000"
"DUT_INTERNAL","u_dut/kernel_vector_q_reg","u_dut/kernel_phase_q_reg","1","-0.100000000","0.002357045","0.100000000","0.100000000","0.100000000","0.100000000"
"DUT_INTERNAL","u_dut/kernel_vector_q_reg","u_dut/kernel_rd_raw_pending_q_reg","1","-0.089000000","0.002097770","0.089000000","0.089000000","0.089000000","0.089000000"
"DUT_INTERNAL","u_dut/kernel_vector_q_reg","u_dut/kernel_rd_req_group_q_reg","5","-0.336000000","0.007919672","0.079000000","0.064000000","0.079000000","0.079000000"
"DUT_INTERNAL","u_dut/kernel_vector_q_reg","u_dut/kernel_rd_req_vector_q_reg","3","-0.152000000","0.003582709","0.051000000","0.051000000","0.051000000","0.051000000"
"DUT_INTERNAL","u_dut/kernel_vector_q_reg","u_dut/kernel_rd_resp_valid_q_reg","1","-0.118000000","0.002781313","0.118000000","0.118000000","0.118000000","0.118000000"
"DUT_INTERNAL","u_dut/kernel_vector_q_reg","u_dut/kernel_vector_q_reg","1","-0.040000000","0.000942818","0.040000000","0.040000000","0.040000000","0.040000000"
"DUT_INTERNAL","u_dut/kernel_vector_q_reg","u_dut/kernel_vector_q_reg_rep__2","1","-0.040000000","0.000942818","0.040000000","0.040000000","0.040000000","0.040000000"
"DUT_INTERNAL","u_dut/kernel_vector_q_reg","u_dut/u_unified_p4_kernel/ingress_data_q_reg","9","-0.680000000","0.016027907","0.134000000","0.069000000","0.134000000","0.134000000"
"DUT_INTERNAL","u_dut/lfnst_grid_reg","u_dut/u_unified_p4_kernel/ingress_data_q_reg","3","-0.216000000","0.005091218","0.083000000","0.077000000","0.083000000","0.083000000"
"DUT_INTERNAL","u_dut/lfnst_grid_valid_reg","u_dut/u_unified_p4_kernel/ingress_data_q_reg","11","-0.992000000","0.023381888","0.131000000","0.093000000","0.111000000","0.131000000"
"DUT_INTERNAL","u_dut/lfnst_mem_req_q_reg","u_dut/rd_cmd_addr_q_reg","1","-0.043000000","0.001013529","0.043000000","0.043000000","0.043000000","0.043000000"
"DUT_INTERNAL","u_dut/lfnst_mem_resp_data_q_reg","u_dut/lfnst_grid_reg","8","-0.209000000","0.004926224","0.058000000","0.027000000","0.058000000","0.058000000"
"DUT_INTERNAL","u_dut/lfnst_mem_resp_grid_addr_q_reg","u_dut/lfnst_grid_reg","2","-0.035000000","0.000824966","0.027000000","0.008000000","0.027000000","0.027000000"
"DUT_INTERNAL","u_dut/lfnst_ntrs48_q_reg_rep__0","u_dut/lfnst_grid_reg","1","-0.013000000","0.000306416","0.013000000","0.013000000","0.013000000","0.013000000"
"DUT_INTERNAL","u_dut/lfnst_run_q_reg","u_dut/lfnst_grid_reg","7","-0.190000000","0.004478386","0.050000000","0.032000000","0.050000000","0.050000000"
"DUT_INTERNAL","u_dut/lfnst_run_q_reg","u_dut/lfnst_grid_valid_reg","1","-0.015000000","0.000353557","0.015000000","0.015000000","0.015000000","0.015000000"
"DUT_INTERNAL","u_dut/lfnst_tail_index_q_reg","u_dut/lfnst_mem_req_valid_q_reg","1","-0.106000000","0.002498468","0.106000000","0.106000000","0.106000000","0.106000000"
"DUT_INTERNAL","u_dut/rd_cmd_addr_q_reg_replica_1","u_dut/kernel_rd_raw_data_q_reg","3","-0.225000000","0.005303352","0.123000000","0.088000000","0.123000000","0.123000000"
"DUT_INTERNAL","u_dut/rd_cmd_addr_q_reg_replica_1","u_dut/lfnst_mem_resp_data_q_reg","2","-0.209000000","0.004926224","0.111000000","0.098000000","0.111000000","0.111000000"
"DUT_INTERNAL","u_dut/rd_cmd_addr_q_reg_replica_2","u_dut/kernel_rd_raw_data_q_reg","3","-0.211000000","0.004973365","0.090000000","0.062000000","0.090000000","0.090000000"
"DUT_INTERNAL","u_dut/rd_cmd_addr_q_reg_replica_4","u_dut/kernel_rd_raw_data_q_reg","2","-0.181000000","0.004266252","0.131000000","0.050000000","0.131000000","0.131000000"
"DUT_INTERNAL","u_dut/rd_cmd_addr_q_reg_replica_4","u_dut/lfnst_mem_resp_data_q_reg","2","-0.208000000","0.004902654","0.107000000","0.101000000","0.107000000","0.107000000"
"DUT_INTERNAL","u_dut/rd_cmd_addr_q_reg_replica_5","u_dut/kernel_rd_raw_data_q_reg","4","-0.228000000","0.005374063","0.079000000","0.047000000","0.079000000","0.079000000"
"DUT_INTERNAL","u_dut/rd_cmd_addr_q_reg_replica_5","u_dut/lfnst_mem_resp_data_q_reg","2","-0.153000000","0.003606279","0.108000000","0.045000000","0.108000000","0.108000000"
"DUT_INTERNAL","u_dut/rd_cmd_addr_q_reg_replica","u_dut/kernel_rd_raw_data_q_reg","3","-0.116000000","0.002734172","0.073000000","0.040000000","0.073000000","0.073000000"
"DUT_INTERNAL","u_dut/rd_cmd_addr_q_reg_replica","u_dut/lfnst_mem_resp_valid_q_reg","1","-0.026000000","0.000612832","0.026000000","0.026000000","0.026000000","0.026000000"
"DUT_INTERNAL","u_dut/rd_cmd_addr_q_reg","u_dut/kernel_rd_raw_data_q_reg","31","-2.161000000","0.050935747","0.121000000","0.073000000","0.106000000","0.121000000"
"DUT_INTERNAL","u_dut/rd_cmd_addr_q_reg","u_dut/lfnst_mem_resp_data_q_reg","8","-0.526000000","0.012398058","0.109000000","0.069000000","0.109000000","0.109000000"
"DUT_INTERNAL","u_dut/rd_cmd_addr_q_reg","u_dut/lfnst_mem_resp_valid_q_reg_rep__2","1","-0.072000000","0.001697073","0.072000000","0.072000000","0.072000000","0.072000000"
"DUT_INTERNAL","u_dut/slot_state_reg","u_dut/kernel_ctx_active_size_q_reg","2","-0.104000000","0.002451327","0.071000000","0.033000000","0.071000000","0.071000000"
"DUT_INTERNAL","u_dut/slot_state_reg","u_dut/kernel_ctx_output_size_q_reg","2","-0.104000000","0.002451327","0.089000000","0.015000000","0.089000000","0.089000000"
"DUT_INTERNAL","u_dut/slot_state_reg","u_dut/kernel_ctx_output_size_q_reg_replica","1","-0.015000000","0.000353557","0.015000000","0.015000000","0.015000000","0.015000000"
"DUT_INTERNAL","u_dut/slot_state_reg","u_dut/kernel_drain_group_q_reg","5","-0.530000000","0.012492340","0.106000000","0.106000000","0.106000000","0.106000000"
"DUT_INTERNAL","u_dut/slot_state_reg","u_dut/kernel_feed_group_q_reg","5","-0.295000000","0.006953283","0.079000000","0.054000000","0.079000000","0.079000000"
"DUT_INTERNAL","u_dut/slot_state_reg","u_dut/kernel_feed_group_q_reg_replica","1","-0.079000000","0.001862066","0.079000000","0.079000000","0.079000000","0.079000000"
"DUT_INTERNAL","u_dut/slot_state_reg","u_dut/kernel_h_groups_left_q_reg","3","-0.141000000","0.003323434","0.068000000","0.041000000","0.068000000","0.068000000"
"DUT_INTERNAL","u_dut/slot_state_reg","u_dut/kernel_stage_q_reg","1","-0.019000000","0.000447839","0.019000000","0.019000000","0.019000000","0.019000000"
"DUT_INTERNAL","u_dut/slot_state_reg","u_dut/kernel_start_sent_q_reg","1","-0.065000000","0.001532079","0.065000000","0.065000000","0.065000000","0.065000000"
"DUT_INTERNAL","u_dut/slot_state_reg","u_dut/lfnst_input_terms_q_reg","47","-1.014000000","0.023900438","0.064000000","0.021000000","0.039000000","0.064000000"
"DUT_INTERNAL","u_dut/slot_state_reg","u_dut/output_index_reg_replica","1","-0.040000000","0.000942818","0.040000000","0.040000000","0.040000000","0.040000000"
"DUT_INTERNAL","u_dut/slot_state_reg","u_dut/output_index_reg_replica_2","1","-0.012000000","0.000282845","0.012000000","0.012000000","0.012000000","0.012000000"
"DUT_INTERNAL","u_dut/slot_state_reg","u_dut/output_index_reg_replica_3","1","-0.011000000","0.000259275","0.011000000","0.011000000","0.011000000","0.011000000"
"DUT_INTERNAL","u_dut/slot_state_reg","u_dut/output_index_reg_replica_4","1","-0.013000000","0.000306416","0.013000000","0.013000000","0.013000000","0.013000000"
"DUT_INTERNAL","u_dut/slot_state_reg","u_dut/output_index_reg_replica_5","1","-0.032000000","0.000754254","0.032000000","0.032000000","0.032000000","0.032000000"
"DUT_INTERNAL","u_dut/slot_state_reg","u_dut/output_index_reg_replica_6","1","-0.047000000","0.001107811","0.047000000","0.047000000","0.047000000","0.047000000"
"DUT_INTERNAL","u_dut/u_bounded_lfnst_engine/coeff_fetch_addr_q_reg_rep","u_dut/u_bounded_lfnst_engine/coeff_bundle_q_reg","1","-0.002000000","0.000047141","0.002000000","0.002000000","0.002000000","0.002000000"
"DUT_INTERNAL","u_dut/u_bounded_lfnst_engine/out_group_reg","u_dut/lfnst_grid_reg","5","-0.161000000","0.003794843","0.048000000","0.041000000","0.048000000","0.048000000"
"DUT_INTERNAL","u_dut/u_bounded_lfnst_engine/red1_valid_q_reg_replica","u_dut/u_bounded_lfnst_engine/reduce_l2_q_reg","4","-0.052000000","0.001225664","0.013000000","0.013000000","0.013000000","0.013000000"
"DUT_INTERNAL","u_dut/u_bounded_lfnst_engine/red4_valid_q_reg","u_dut/u_bounded_lfnst_engine/reduce_l5_q_reg","1","-0.017000000","0.000400698","0.017000000","0.017000000","0.017000000","0.017000000"
"DUT_INTERNAL","u_dut/u_bounded_lfnst_engine/reduce_l5_q_reg","u_dut/u_bounded_lfnst_engine/out_data_reg","9","-0.260000000","0.006128318","0.050000000","0.028000000","0.050000000","0.050000000"
"DUT_INTERNAL","u_dut/u_unified_p4_kernel/done_reg","u_dut/kernel_vector_q_reg","2","-0.060000000","0.001414227","0.031000000","0.029000000","0.031000000","0.031000000"
"DUT_INTERNAL","u_dut/u_unified_p4_kernel/fifo_count_q_reg","u_dut/u_unified_p4_kernel/fifo_data_q_reg","12","-0.382000000","0.009003913","0.057000000","0.029000000","0.045000000","0.057000000"
"DUT_INTERNAL","u_dut/u_unified_p4_kernel/fifo_data_q_reg","u_dut/vwrite_cmd_data_q_reg","1","-0.121000000","0.002852025","0.121000000","0.121000000","0.121000000","0.121000000"
"DUT_INTERNAL","u_dut/u_unified_p4_kernel/fifo_rd_ptr_q_reg_rep__0","u_dut/result_cmd_data_q_reg","1","-0.047000000","0.001107811","0.047000000","0.047000000","0.047000000","0.047000000"
"DUT_INTERNAL","u_dut/u_unified_p4_kernel/fifo_rd_ptr_q_reg_rep__0","u_dut/vwrite_cmd_data_q_reg","4","-0.340000000","0.008013954","0.132000000","0.059000000","0.132000000","0.132000000"
"DUT_INTERNAL","u_dut/u_unified_p4_kernel/fifo_rd_ptr_q_reg_rep__1","u_dut/vwrite_cmd_data_q_reg","8","-0.325000000","0.007660397","0.086000000","0.040000000","0.086000000","0.086000000"
"DUT_INTERNAL","u_dut/u_unified_p4_kernel/fifo_rd_ptr_q_reg_rep__2","u_dut/vwrite_cmd_data_q_reg","2","-0.125000000","0.002946307","0.110000000","0.015000000","0.110000000","0.110000000"
"DUT_INTERNAL","u_dut/u_unified_p4_kernel/fifo_rd_ptr_q_reg_rep__3","u_dut/vwrite_cmd_data_q_reg","3","-0.188000000","0.004431245","0.103000000","0.051000000","0.103000000","0.103000000"
"DUT_INTERNAL","u_dut/u_unified_p4_kernel/fifo_rd_ptr_q_reg_rep__4","u_dut/result_cmd_data_q_reg","1","-0.017000000","0.000400698","0.017000000","0.017000000","0.017000000","0.017000000"
"DUT_INTERNAL","u_dut/u_unified_p4_kernel/fifo_rd_ptr_q_reg_rep__4","u_dut/vwrite_cmd_data_q_reg","3","-0.216000000","0.005091218","0.088000000","0.086000000","0.088000000","0.088000000"
"DUT_INTERNAL","u_dut/u_unified_p4_kernel/fifo_rd_ptr_q_reg_rep__5","u_dut/vwrite_cmd_data_q_reg","3","-0.229000000","0.005397634","0.096000000","0.075000000","0.096000000","0.096000000"
"DUT_INTERNAL","u_dut/u_unified_p4_kernel/fifo_rd_ptr_q_reg_rep__6","u_dut/result_cmd_data_q_reg","1","-0.083000000","0.001956348","0.083000000","0.083000000","0.083000000","0.083000000"
"DUT_INTERNAL","u_dut/u_unified_p4_kernel/fifo_rd_ptr_q_reg_rep__6","u_dut/vwrite_cmd_data_q_reg","4","-0.319000000","0.007518974","0.122000000","0.056000000","0.122000000","0.122000000"
"DUT_INTERNAL","u_dut/u_unified_p4_kernel/fifo_rd_ptr_q_reg_rep__7","u_dut/u_unified_p4_kernel/done_reg","1","-0.041000000","0.000966389","0.041000000","0.041000000","0.041000000","0.041000000"
"DUT_INTERNAL","u_dut/u_unified_p4_kernel/fifo_rd_ptr_q_reg_rep","u_dut/result_cmd_data_q_reg","3","-0.100000000","0.002357045","0.046000000","0.040000000","0.046000000","0.046000000"
"DUT_INTERNAL","u_dut/u_unified_p4_kernel/fifo_rd_ptr_q_reg_rep","u_dut/vwrite_cmd_data_q_reg","7","-0.689000000","0.016240041","0.123000000","0.101000000","0.123000000","0.123000000"
"DUT_INTERNAL","u_dut/u_unified_p4_kernel/fifo_rd_ptr_q_reg","u_dut/result_cmd_data_q_reg","2","-0.041000000","0.000966389","0.024000000","0.017000000","0.024000000","0.024000000"
"DUT_INTERNAL","u_dut/u_unified_p4_kernel/fifo_rd_ptr_q_reg","u_dut/vwrite_cmd_data_q_reg","5","-0.295000000","0.006953283","0.089000000","0.071000000","0.089000000","0.089000000"
"DUT_INTERNAL","u_dut/u_unified_p4_kernel/fifo_wr_ptr_q_reg","u_dut/u_unified_p4_kernel/fifo_data_q_reg","2","-0.058000000","0.001367086","0.036000000","0.022000000","0.036000000","0.036000000"
"DUT_INTERNAL","u_dut/u_unified_p4_kernel/ingress_data_q_reg","u_dut/u_unified_p4_kernel/input_mem_reg","80","-2.385000000","0.056215528","0.107000000","0.027000000","0.059000000","0.107000000"
"DUT_INTERNAL","u_dut/u_unified_p4_kernel/ingress_group_q_reg","u_dut/u_unified_p4_kernel/input_mem_reg","40","-0.874000000","0.020600575","0.062000000","0.017000000","0.052000000","0.062000000"
"DUT_INTERNAL","u_dut/u_unified_p4_kernel/ingress_slot_q_reg","u_dut/u_unified_p4_kernel/input_mem_reg","52","-2.170000000","0.051147881","0.113000000","0.044000000","0.072000000","0.113000000"
"DUT_INTERNAL","u_dut/u_unified_p4_kernel/ingress_valid_q_reg","u_dut/u_unified_p4_kernel/input_mem_reg","67","-2.058000000","0.048507990","0.108000000","0.020000000","0.057000000","0.108000000"
"DUT_INTERNAL","u_dut/u_unified_p4_kernel/issue_desc_active_size_q_reg","u_dut/u_unified_p4_kernel/s0_input_q_reg","6","-0.112000000","0.002639891","0.024000000","0.016000000","0.024000000","0.024000000"
"DUT_INTERNAL","u_dut/u_unified_p4_kernel/issue_desc_bundle_addr_q_reg_rep__13","u_dut/u_unified_p4_kernel/product_q_reg_i_4_psdsp","1","-0.033000000","0.000777825","0.033000000","0.033000000","0.033000000","0.033000000"
"DUT_INTERNAL","u_dut/u_unified_p4_kernel/issue_desc_bundle_addr_q_reg_rep__15","u_dut/u_unified_p4_kernel/product_q_reg_i_4_psdsp","1","-0.027000000","0.000636402","0.027000000","0.027000000","0.027000000","0.027000000"
"DUT_INTERNAL","u_dut/u_unified_p4_kernel/issue_desc_bundle_addr_q_reg_rep__15","u_dut/u_unified_p4_kernel/product_q_reg_i_6_psdsp","1","-0.022000000","0.000518550","0.022000000","0.022000000","0.022000000","0.022000000"
"DUT_INTERNAL","u_dut/u_unified_p4_kernel/issue_desc_bundle_addr_q_reg_rep__2","u_dut/u_unified_p4_kernel/product_q_reg","1","-0.020000000","0.000471409","0.020000000","0.020000000","0.020000000","0.020000000"
"DUT_INTERNAL","u_dut/u_unified_p4_kernel/issue_desc_bundle_addr_q_reg_rep__4","u_dut/u_unified_p4_kernel/product_q_reg_i_2_psdsp","1","-0.014000000","0.000329986","0.014000000","0.014000000","0.014000000","0.014000000"
"DUT_INTERNAL","u_dut/u_unified_p4_kernel/issue_desc_bundle_addr_q_reg_rep__5","u_dut/u_unified_p4_kernel/product_q_reg_i_1_psdsp","4","-0.149000000","0.003511997","0.063000000","0.033000000","0.063000000","0.063000000"
"DUT_INTERNAL","u_dut/u_unified_p4_kernel/issue_desc_bundle_addr_q_reg_rep__5","u_dut/u_unified_p4_kernel/product_q_reg_i_2_psdsp","3","-0.186000000","0.004384104","0.082000000","0.054000000","0.082000000","0.082000000"
"DUT_INTERNAL","u_dut/u_unified_p4_kernel/issue_desc_bundle_addr_q_reg_rep__5","u_dut/u_unified_p4_kernel/product_q_reg_i_3_psdsp","4","-0.263000000","0.006199029","0.080000000","0.056000000","0.080000000","0.080000000"
"DUT_INTERNAL","u_dut/u_unified_p4_kernel/issue_desc_bundle_addr_q_reg_rep__5","u_dut/u_unified_p4_kernel/product_q_reg_i_3_psdsp_1","1","-0.096000000","0.002262763","0.096000000","0.096000000","0.096000000","0.096000000"
"DUT_INTERNAL","u_dut/u_unified_p4_kernel/issue_desc_bundle_addr_q_reg_rep__5","u_dut/u_unified_p4_kernel/product_q_reg_i_3_psdsp_3","1","-0.078000000","0.001838495","0.078000000","0.078000000","0.078000000","0.078000000"
"DUT_INTERNAL","u_dut/u_unified_p4_kernel/issue_desc_bundle_addr_q_reg_rep__5","u_dut/u_unified_p4_kernel/product_q_reg_i_7_psdsp","2","-0.119000000","0.002804884","0.062000000","0.057000000","0.062000000","0.062000000"
"DUT_INTERNAL","u_dut/u_unified_p4_kernel/issue_desc_bundle_addr_q_reg_rep__6","u_dut/u_unified_p4_kernel/product_q_reg_i_2_psdsp","1","-0.010000000","0.000235705","0.010000000","0.010000000","0.010000000","0.010000000"
"DUT_INTERNAL","u_dut/u_unified_p4_kernel/issue_desc_bundle_addr_q_reg_rep__6","u_dut/u_unified_p4_kernel/product_q_reg_i_5_psdsp","2","-0.017000000","0.000400698","0.009000000","0.008000000","0.009000000","0.009000000"
"DUT_INTERNAL","u_dut/u_unified_p4_kernel/issue_desc_bundle_addr_q_reg_rep__6","u_dut/u_unified_p4_kernel/product_q_reg_i_8_psdsp","1","-0.095000000","0.002239193","0.095000000","0.095000000","0.095000000","0.095000000"
"DUT_INTERNAL","u_dut/u_unified_p4_kernel/issue_desc_bundle_addr_q_reg_rep__7","u_dut/u_unified_p4_kernel/product_q_reg_i_7_psdsp","1","-0.038000000","0.000895677","0.038000000","0.038000000","0.038000000","0.038000000"
"DUT_INTERNAL","u_dut/u_unified_p4_kernel/issue_desc_bundle_addr_q_reg_rep__8","u_dut/u_unified_p4_kernel/product_q_reg_i_5_psdsp","1","-0.005000000","0.000117852","0.005000000","0.005000000","0.005000000","0.005000000"
"DUT_INTERNAL","u_dut/u_unified_p4_kernel/issue_desc_bundle_addr_q_reg_rep__8","u_dut/u_unified_p4_kernel/product_q_reg_i_6_psdsp","1","-0.021000000","0.000494979","0.021000000","0.021000000","0.021000000","0.021000000"
"DUT_INTERNAL","u_dut/u_unified_p4_kernel/issue_desc_bundle_addr_q_reg_rep__9","u_dut/u_unified_p4_kernel/product_q_reg_i_5_psdsp","1","-0.007000000","0.000164993","0.007000000","0.007000000","0.007000000","0.007000000"
"DUT_INTERNAL","u_dut/u_unified_p4_kernel/issue_desc_bundle_addr_q_reg","u_dut/u_unified_p4_kernel/product_q_reg_i_6_psdsp","1","-0.053000000","0.001249234","0.053000000","0.053000000","0.053000000","0.053000000"
"DUT_INTERNAL","u_dut/u_unified_p4_kernel/issue_desc_slot_q_reg_rep__2","u_dut/u_unified_p4_kernel/s0_input_q_reg","1","-0.020000000","0.000471409","0.020000000","0.020000000","0.020000000","0.020000000"
"DUT_INTERNAL","u_dut/u_unified_p4_kernel/issue_desc_slot_q_reg_rep__3","u_dut/u_unified_p4_kernel/s0_input_q_reg","1","-0.013000000","0.000306416","0.013000000","0.013000000","0.013000000","0.013000000"
"DUT_INTERNAL","u_dut/u_unified_p4_kernel/issue_desc_slot_q_reg","u_dut/u_unified_p4_kernel/slot_state_q_reg","1","-0.001000000","0.000023570","0.001000000","0.001000000","0.001000000","0.001000000"
"DUT_INTERNAL","u_dut/u_unified_p4_kernel/issue_desc_valid_q_reg_rep__9","u_dut/u_unified_p4_kernel/s0_input_q_reg","4","-0.100000000","0.002357045","0.025000000","0.025000000","0.025000000","0.025000000"
"DUT_INTERNAL","u_dut/u_unified_p4_kernel/pipe_out_data_q_reg","u_dut/u_unified_p4_kernel/fifo_data_q_reg","15","-0.414000000","0.009758167","0.061000000","0.019000000","0.056000000","0.061000000"
"DUT_INTERNAL","u_dut/u_unified_p4_kernel/pipe_out_valid_q_reg","u_dut/u_unified_p4_kernel/fifo_data_q_reg","7","-0.205000000","0.004831943","0.060000000","0.029000000","0.060000000","0.060000000"
"DUT_INTERNAL","u_dut/u_unified_p4_kernel/ready_count_q_reg","u_dut/u_unified_p4_kernel/issue_desc_bundle_addr_q_reg_rep__1","1","-0.011000000","0.000259275","0.011000000","0.011000000","0.011000000","0.011000000"
"DUT_INTERNAL","u_dut/u_unified_p4_kernel/ready_count_q_reg","u_dut/u_unified_p4_kernel/issue_desc_bundle_addr_q_reg_rep__13","1","-0.004000000","0.000094282","0.004000000","0.004000000","0.004000000","0.004000000"
"DUT_INTERNAL","u_dut/u_unified_p4_kernel/ready_count_q_reg","u_dut/u_unified_p4_kernel/issue_desc_bundle_addr_q_reg_rep__5","1","-0.052000000","0.001225664","0.052000000","0.052000000","0.052000000","0.052000000"
"DUT_INTERNAL","u_dut/u_unified_p4_kernel/ready_count_q_reg","u_dut/u_unified_p4_kernel/issue_desc_bundle_addr_q_reg_rep__6","1","-0.012000000","0.000282845","0.012000000","0.012000000","0.012000000","0.012000000"
"DUT_INTERNAL","u_dut/u_unified_p4_kernel/ready_count_q_reg","u_dut/u_unified_p4_kernel/issue_desc_bundle_addr_q_reg_rep__7","1","-0.013000000","0.000306416","0.013000000","0.013000000","0.013000000","0.013000000"
"DUT_INTERNAL","u_dut/u_unified_p4_kernel/ready_count_q_reg","u_dut/u_unified_p4_kernel/issue_desc_valid_q_reg_rep__3","1","-0.019000000","0.000447839","0.019000000","0.019000000","0.019000000","0.019000000"
"DUT_INTERNAL","u_dut/u_unified_p4_kernel/ready_fifo_mem_reg","u_dut/u_unified_p4_kernel/issue_desc_active_size_q_reg","1","-0.048000000","0.001131382","0.048000000","0.048000000","0.048000000","0.048000000"
"DUT_INTERNAL","u_dut/u_unified_p4_kernel/ready_fifo_mem_reg","u_dut/u_unified_p4_kernel/issue_desc_bundle_addr_q_reg_rep","1","-0.001000000","0.000023570","0.001000000","0.001000000","0.001000000","0.001000000"
"DUT_INTERNAL","u_dut/u_unified_p4_kernel/ready_fifo_mem_reg","u_dut/u_unified_p4_kernel/issue_desc_bundle_addr_q_reg_rep__0","2","-0.110000000","0.002592750","0.060000000","0.050000000","0.060000000","0.060000000"
"DUT_INTERNAL","u_dut/u_unified_p4_kernel/ready_fifo_mem_reg","u_dut/u_unified_p4_kernel/issue_desc_bundle_addr_q_reg_rep__1","2","-0.052000000","0.001225664","0.042000000","0.010000000","0.042000000","0.042000000"
"DUT_INTERNAL","u_dut/u_unified_p4_kernel/ready_fifo_mem_reg","u_dut/u_unified_p4_kernel/issue_desc_bundle_addr_q_reg_rep__10","2","-0.078000000","0.001838495","0.068000000","0.010000000","0.068000000","0.068000000"
"DUT_INTERNAL","u_dut/u_unified_p4_kernel/ready_fifo_mem_reg","u_dut/u_unified_p4_kernel/issue_desc_bundle_addr_q_reg_rep__15","1","-0.048000000","0.001131382","0.048000000","0.048000000","0.048000000","0.048000000"
"DUT_INTERNAL","u_dut/u_unified_p4_kernel/ready_fifo_mem_reg","u_dut/u_unified_p4_kernel/issue_desc_bundle_addr_q_reg_rep__2","1","-0.050000000","0.001178523","0.050000000","0.050000000","0.050000000","0.050000000"
"DUT_INTERNAL","u_dut/u_unified_p4_kernel/ready_fifo_mem_reg","u_dut/u_unified_p4_kernel/issue_desc_bundle_addr_q_reg_rep__3","1","-0.019000000","0.000447839","0.019000000","0.019000000","0.019000000","0.019000000"
"DUT_INTERNAL","u_dut/u_unified_p4_kernel/ready_fifo_mem_reg","u_dut/u_unified_p4_kernel/issue_desc_bundle_addr_q_reg_rep__4","1","-0.071000000","0.001673502","0.071000000","0.071000000","0.071000000","0.071000000"
"DUT_INTERNAL","u_dut/u_unified_p4_kernel/ready_fifo_mem_reg","u_dut/u_unified_p4_kernel/issue_desc_bundle_addr_q_reg_rep__5","1","-0.116000000","0.002734172","0.116000000","0.116000000","0.116000000","0.116000000"
"DUT_INTERNAL","u_dut/u_unified_p4_kernel/ready_fifo_mem_reg","u_dut/u_unified_p4_kernel/issue_desc_bundle_addr_q_reg_rep__6","2","-0.074000000","0.001744213","0.070000000","0.004000000","0.070000000","0.070000000"
"DUT_INTERNAL","u_dut/u_unified_p4_kernel/ready_fifo_mem_reg","u_dut/u_unified_p4_kernel/issue_desc_bundle_addr_q_reg_rep__7","2","-0.101000000","0.002380616","0.085000000","0.016000000","0.085000000","0.085000000"
"DUT_INTERNAL","u_dut/u_unified_p4_kernel/ready_fifo_mem_reg","u_dut/u_unified_p4_kernel/issue_desc_bundle_addr_q_reg_rep__8","2","-0.184000000","0.004336963","0.125000000","0.059000000","0.125000000","0.125000000"
"DUT_INTERNAL","u_dut/u_unified_p4_kernel/ready_fifo_mem_reg","u_dut/u_unified_p4_kernel/issue_desc_bundle_addr_q_reg_rep__9","1","-0.009000000","0.000212134","0.009000000","0.009000000","0.009000000","0.009000000"
"DUT_INTERNAL","u_dut/u_unified_p4_kernel/ready_fifo_mem_reg","u_dut/u_unified_p4_kernel/issue_desc_last_q_reg","1","-0.013000000","0.000306416","0.013000000","0.013000000","0.013000000","0.013000000"
"DUT_INTERNAL","u_dut/u_unified_p4_kernel/ready_fifo_mem_reg","u_dut/u_unified_p4_kernel/slot_state_q_reg","5","-0.290000000","0.006835431","0.082000000","0.066000000","0.082000000","0.082000000"
"DUT_INTERNAL","u_dut/u_unified_p4_kernel/reduce_l4_q_reg","u_dut/u_unified_p4_kernel/reduce_l5_q_reg","8","-0.152000000","0.003582709","0.033000000","0.020000000","0.033000000","0.033000000"
"DUT_INTERNAL","u_dut/u_unified_p4_kernel/s0_input_q_reg","u_dut/u_unified_p4_kernel/product_q_reg","1","-0.037000000","0.000872107","0.037000000","0.037000000","0.037000000","0.037000000"
"DUT_INTERNAL","u_dut/u_unified_p4_kernel/s5_valid_q_reg","u_dut/u_unified_p4_kernel/reduce_l5_q_reg","4","-0.160000000","0.003771272","0.040000000","0.040000000","0.040000000","0.040000000"
"DUT_INTERNAL","u_dut/u_unified_p4_kernel/slot_state_q_reg","u_dut/kernel_feed_group_q_reg","2","-0.130000000","0.003064159","0.076000000","0.054000000","0.076000000","0.076000000"
"DUT_INTERNAL","u_dut/u_unified_p4_kernel/slot_state_q_reg","u_dut/kernel_h_rd_data_q_reg","9","-0.304000000","0.007165417","0.062000000","0.038000000","0.062000000","0.062000000"
"DUT_INTERNAL","u_dut/u_unified_p4_kernel/slot_state_q_reg","u_dut/kernel_h_rd_data_tail_q_reg","27","-1.548000000","0.036487060","0.126000000","0.052000000","0.121000000","0.126000000"
"DUT_INTERNAL","u_dut/u_unified_p4_kernel/slot_state_q_reg","u_dut/kernel_h_rd_raw_tail_vector_q_reg","2","-0.066000000","0.001555650","0.033000000","0.033000000","0.033000000","0.033000000"
"DUT_INTERNAL","u_dut/u_unified_p4_kernel/slot_state_q_reg","u_dut/kernel_rd_resp_data_q_reg","16","-0.362000000","0.008532504","0.035000000","0.026000000","0.035000000","0.035000000"
"DUT_INTERNAL","u_dut/u_unified_p4_kernel/slot_state_q_reg","u_dut/lfnst_tail_index_q_reg","4","-0.032000000","0.000754254","0.009000000","0.008000000","0.009000000","0.009000000"
"DUT_INTERNAL","u_dut/u_unified_p4_kernel/slot_state_q_reg","u_dut/rd_cmd_addr_q_reg","21","-0.698000000","0.016452176","0.074000000","0.029000000","0.057000000","0.074000000"
"DUT_INTERNAL","u_dut/u_unified_p4_kernel/slot_state_q_reg","u_dut/rd_cmd_addr_q_reg_replica","3","-0.076000000","0.001791354","0.055000000","0.011000000","0.055000000","0.055000000"
"DUT_INTERNAL","u_dut/u_unified_p4_kernel/slot_state_q_reg","u_dut/rd_cmd_addr_q_reg_replica_1","3","-0.211000000","0.004973365","0.086000000","0.064000000","0.086000000","0.086000000"
"DUT_INTERNAL","u_dut/u_unified_p4_kernel/slot_state_q_reg","u_dut/rd_cmd_addr_q_reg_replica_2","2","-0.094000000","0.002215622","0.049000000","0.045000000","0.049000000","0.049000000"
"DUT_INTERNAL","u_dut/u_unified_p4_kernel/slot_state_q_reg","u_dut/rd_cmd_addr_q_reg_replica_3","1","-0.064000000","0.001508509","0.064000000","0.064000000","0.064000000","0.064000000"
"DUT_INTERNAL","u_dut/u_unified_p4_kernel/slot_state_q_reg","u_dut/rd_cmd_addr_q_reg_replica_4","3","-0.024000000","0.000565691","0.012000000","0.009000000","0.012000000","0.012000000"
"DUT_INTERNAL","u_dut/u_unified_p4_kernel/slot_state_q_reg","u_dut/rd_cmd_addr_q_reg_replica_5","5","-0.358000000","0.008438222","0.086000000","0.086000000","0.086000000","0.086000000"
"DUT_INTERNAL","u_dut/u_unified_p4_kernel/slot_state_q_reg","u_dut/rd_cmd_group_q_reg","1","-0.025000000","0.000589261","0.025000000","0.025000000","0.025000000","0.025000000"
"DUT_INTERNAL","u_dut/u_unified_p4_kernel/slot_state_q_reg","u_dut/rd_cmd_lfnst_bank_q_reg","1","-0.007000000","0.000164993","0.007000000","0.007000000","0.007000000","0.007000000"
"DUT_INTERNAL","u_dut/u_unified_p4_kernel/slot_state_q_reg","u_dut/rd_cmd_lfnst_index_q_reg","1","-0.007000000","0.000164993","0.007000000","0.007000000","0.007000000","0.007000000"
"DUT_INTERNAL","u_dut/u_unified_p4_kernel/slot_state_q_reg","u_dut/u_unified_p4_kernel/load_group_q_reg","1","-0.013000000","0.000306416","0.013000000","0.013000000","0.013000000","0.013000000"
"DUT_INTERNAL","u_dut/u_unified_p4_kernel/slot_state_q_reg","u_dut/u_unified_p4_kernel/slot_bundle_base_q_reg","14","-0.502000000","0.011832367","0.081000000","0.031000000","0.079000000","0.081000000"
"DUT_INTERNAL","u_dut/u_unified_p4_kernel/slot_state_q_reg","u_dut/u_unified_p4_kernel/slot_group_count_q_reg","6","-0.304000000","0.007165417","0.068000000","0.049000000","0.068000000","0.068000000"
"DUT_INTERNAL","u_dut/u_unified_p4_kernel/slot_state_q_reg","u_dut/u_unified_p4_kernel/slot_shift_q_reg","2","-0.128000000","0.003017018","0.064000000","0.064000000","0.064000000","0.064000000"
"DUT_INTERNAL","u_dut/u_unified_p4_kernel/slot_state_q_reg","u_dut/u_unified_p4_kernel/slot_size_q_reg","8","-0.270000000","0.006364022","0.068000000","0.022000000","0.068000000","0.068000000"
"DUT_INTERNAL","u_dut/vwrite_cmd_bank_mask_q_reg","u_dut/temp_bank","76","-2.644000000","0.062320275","0.082000000","0.035000000","0.082000000","0.082000000"
"DUT_INTERNAL","u_dut/vwrite_cmd_data_q_reg","u_dut/temp_bank","5","-0.135000000","0.003182011","0.048000000","0.026000000","0.048000000","0.048000000"
"DUT_INTERNAL","u_dut/vwrite_cmd_valid_q_reg","u_dut/kernel_phase_q_reg","2","-0.112000000","0.002639891","0.057000000","0.055000000","0.057000000","0.057000000"
"DUT_INTERNAL","u_dut/vwrite_cmd_valid_q_reg","u_dut/kernel_phase_q_reg_replica_2","1","-0.057000000","0.001343516","0.057000000","0.057000000","0.057000000","0.057000000"
"DUT_TO_SINK_BOUNDARY","u_dut/output_index_reg_replica_1","harness/sink_boundary","5","-0.328000000","0.007731108","0.099000000","0.064000000","0.099000000","0.099000000"
"DUT_TO_SINK_BOUNDARY","u_dut/output_index_reg_replica_2","harness/sink_boundary","1","-0.042000000","0.000989959","0.042000000","0.042000000","0.042000000","0.042000000"
"DUT_TO_SINK_BOUNDARY","u_dut/output_index_reg_replica_3","harness/sink_boundary","2","-0.081000000","0.001909207","0.057000000","0.024000000","0.057000000","0.057000000"
"DUT_TO_SINK_BOUNDARY","u_dut/output_index_reg_replica_4","harness/sink_boundary","2","-0.109000000","0.002569179","0.075000000","0.034000000","0.075000000","0.075000000"
"DUT_TO_SINK_BOUNDARY","u_dut/output_index_reg_replica_5","harness/sink_boundary","4","-0.246000000","0.005798331","0.104000000","0.053000000","0.104000000","0.104000000"
"DUT_TO_SINK_BOUNDARY","u_dut/output_index_reg_replica_6","harness/sink_boundary","2","-0.149000000","0.003511997","0.116000000","0.033000000","0.116000000","0.116000000"
"DUT_TO_SINK_BOUNDARY","u_dut/output_index_reg_replica_7","harness/sink_boundary","2","-0.039000000","0.000919248","0.024000000","0.015000000","0.024000000","0.024000000"
"DUT_TO_SINK_BOUNDARY","u_dut/output_index_reg_replica_8","harness/sink_boundary","4","-0.121000000","0.002852025","0.070000000","0.006000000","0.070000000","0.070000000"
"DUT_TO_SINK_BOUNDARY","u_dut/output_index_reg_replica","harness/sink_boundary","2","-0.112000000","0.002639891","0.069000000","0.043000000","0.069000000","0.069000000"
"SOURCE_BOUNDARY_TO_DUT","harness/source_boundary","u_dut/output_index_reg_replica_2","1","-0.025000000","0.000589261","0.025000000","0.025000000","0.025000000","0.025000000"
"SOURCE_BOUNDARY_TO_DUT","harness/source_boundary","u_dut/output_index_reg_replica_3","2","-0.080000000","0.001885636","0.054000000","0.026000000","0.054000000","0.054000000"
"SOURCE_BOUNDARY_TO_DUT","harness/source_boundary","u_dut/output_index_reg_replica_5","1","-0.032000000","0.000754254","0.032000000","0.032000000","0.032000000","0.032000000"
"SOURCE_BOUNDARY_TO_DUT","harness/source_boundary","u_dut/output_index_reg_replica_8","1","-0.001000000","0.000023570","0.001000000","0.001000000","0.001000000","0.001000000"
"SOURCE_BOUNDARY_TO_DUT","harness/source_boundary","u_dut/slot_state_reg","5","-0.090000000","0.002121341","0.023000000","0.016000000","0.023000000","0.023000000"
