endpoint,startpoint,slack,classification_bucket,source_family,endpoint_family,logic_levels,logic_delay_ns,routing_delay_ns,datapath_delay_ns,routing_fraction,start_loc,end_loc,start_ref,end_ref,coarse_primitive_signature
sink_it_data_out_q_reg[0]/D,u_dut/output_index_reg[1]_replica_5/C,-0.004000000,DUT_TO_SINK_BOUNDARY,u_dut/output_index_reg_replica_5,harness/sink_boundary,5,0.504000000,1.378000000,1.882000000,0.732199787,SLICE_X59Y126,SLICE_X63Y132,FDCE,FDCE,FDCE->FDCE|logic_levels=5
sink_it_data_out_q_reg[10]/D,u_dut/output_index_reg[0]_replica_1/C,-0.008000000,DUT_TO_SINK_BOUNDARY,u_dut/output_index_reg_replica_1,harness/sink_boundary,5,0.383000000,1.522000000,1.905000000,0.798950131,SLICE_X68Y114,SLICE_X59Y132,FDCE,FDCE,FDCE->FDCE|logic_levels=5
sink_it_data_out_q_reg[16]/D,u_dut/output_index_reg[0]_replica/C,-0.011000000,DUT_TO_SINK_BOUNDARY,u_dut/output_index_reg_replica,harness/sink_boundary,5,0.463000000,1.442000000,1.905000000,0.756955381,SLICE_X59Y132,SLICE_X64Y120,FDCE,FDCE,FDCE->FDCE|logic_levels=5
sink_it_data_out_q_reg[18]/D,u_dut/output_index_reg[4]_replica_3/C,-0.010000000,DUT_TO_SINK_BOUNDARY,u_dut/output_index_reg_replica_3,harness/sink_boundary,5,0.452000000,1.468000000,1.920000000,0.764583333,SLICE_X60Y116,SLICE_X64Y120,FDCE,FDCE,FDCE->FDCE|logic_levels=5
sink_it_data_out_q_reg[24]/D,u_dut/output_index_reg[5]_replica/C,-0.003000000,DUT_TO_SINK_BOUNDARY,u_dut/output_index_reg_replica,harness/sink_boundary,5,0.324000000,1.584000000,1.908000000,0.830188679,SLICE_X59Y94,SLICE_X56Y123,FDCE,FDCE,FDCE->FDCE|logic_levels=5
sink_it_data_out_q_reg[38]/D,u_dut/output_index_reg[6]/C,-0.002000000,DUT_TO_SINK_BOUNDARY,u_dut/output_index_reg,harness/sink_boundary,4,0.346000000,1.445000000,1.791000000,0.806811837,SLICE_X59Y97,SLICE_X67Y132,FDCE,FDCE,FDCE->FDCE|logic_levels=4
sink_it_data_out_q_reg[6]/D,u_dut/output_index_reg[0]_replica_5/C,-0.018000000,DUT_TO_SINK_BOUNDARY,u_dut/output_index_reg_replica_5,harness/sink_boundary,5,0.532000000,1.421000000,1.953000000,0.727598566,SLICE_X59Y107,SLICE_X54Y128,FDCE,FDCE,FDCE->FDCE|logic_levels=5
u_dut/desc_count_reg[0]/CE,src_it_info_q_reg[3]/C,-0.001000000,SOURCE_BOUNDARY_TO_DUT,harness/source_boundary,u_dut/desc_count_reg,5,0.615000000,1.216000000,1.831000000,0.664117968,SLICE_X48Y87,SLICE_X53Y82,FDCE,FDCE,FDCE->FDCE|logic_levels=5
u_dut/desc_count_reg[1]/CE,src_it_info_q_reg[3]/C,-0.001000000,SOURCE_BOUNDARY_TO_DUT,harness/source_boundary,u_dut/desc_count_reg,5,0.615000000,1.216000000,1.831000000,0.664117968,SLICE_X48Y87,SLICE_X53Y82,FDCE,FDCE,FDCE->FDCE|logic_levels=5
u_dut/gen_result_slots[1].gen_result_banks[1].u_result_bank/mem_reg_64_127_7_9/RAMA/WE,u_dut/result_cmd_slot_q_reg/C,-0.007000000,DUT_INTERNAL,u_dut/result_cmd_slot_q_reg,u_dut/result_bank,2,0.255000000,1.321000000,1.576000000,0.838197970,SLICE_X58Y136,SLICE_X75Y116,FDCE,RAMD64E,FDCE->RAMD64E|logic_levels=2
u_dut/gen_result_slots[1].gen_result_banks[1].u_result_bank/mem_reg_64_127_7_9/RAMB/WE,u_dut/result_cmd_slot_q_reg/C,-0.007000000,DUT_INTERNAL,u_dut/result_cmd_slot_q_reg,u_dut/result_bank,2,0.255000000,1.321000000,1.576000000,0.838197970,SLICE_X58Y136,SLICE_X75Y116,FDCE,RAMD64E,FDCE->RAMD64E|logic_levels=2
u_dut/gen_result_slots[1].gen_result_banks[1].u_result_bank/mem_reg_64_127_7_9/RAMC/WE,u_dut/result_cmd_slot_q_reg/C,-0.007000000,DUT_INTERNAL,u_dut/result_cmd_slot_q_reg,u_dut/result_bank,2,0.255000000,1.321000000,1.576000000,0.838197970,SLICE_X58Y136,SLICE_X75Y116,FDCE,RAMD64E,FDCE->RAMD64E|logic_levels=2
u_dut/gen_result_slots[1].gen_result_banks[1].u_result_bank/mem_reg_64_127_7_9/RAMD/WE,u_dut/result_cmd_slot_q_reg/C,-0.007000000,DUT_INTERNAL,u_dut/result_cmd_slot_q_reg,u_dut/result_bank,2,0.255000000,1.321000000,1.576000000,0.838197970,SLICE_X58Y136,SLICE_X75Y116,FDCE,RAMD64E,FDCE->RAMD64E|logic_levels=2
u_dut/kernel_h_rd_data_q_reg[11]/CE,u_dut/u_unified_p4_kernel/slot_state_q_reg[0][1]/C,-0.039000000,DUT_INTERNAL,u_dut/u_unified_p4_kernel/slot_state_q_reg,u_dut/kernel_h_rd_data_q_reg,6,0.628000000,1.220000000,1.848000000,0.660173160,SLICE_X65Y102,SLICE_X56Y107,FDCE,FDCE,FDCE->FDCE|logic_levels=6
u_dut/kernel_h_rd_data_q_reg[15]/CE,u_dut/u_unified_p4_kernel/slot_state_q_reg[0][1]/C,-0.004000000,DUT_INTERNAL,u_dut/u_unified_p4_kernel/slot_state_q_reg,u_dut/kernel_h_rd_data_q_reg,6,0.628000000,1.194000000,1.822000000,0.655323820,SLICE_X65Y102,SLICE_X58Y108,FDCE,FDCE,FDCE->FDCE|logic_levels=6
u_dut/kernel_h_rd_data_q_reg[19]/CE,u_dut/u_unified_p4_kernel/slot_state_q_reg[0][1]/C,-0.040000000,DUT_INTERNAL,u_dut/u_unified_p4_kernel/slot_state_q_reg,u_dut/kernel_h_rd_data_q_reg,6,0.628000000,1.211000000,1.839000000,0.658510060,SLICE_X65Y102,SLICE_X60Y105,FDCE,FDCE,FDCE->FDCE|logic_levels=6
u_dut/kernel_h_rd_data_q_reg[23]/CE,u_dut/u_unified_p4_kernel/slot_state_q_reg[0][1]/C,-0.012000000,DUT_INTERNAL,u_dut/u_unified_p4_kernel/slot_state_q_reg,u_dut/kernel_h_rd_data_q_reg,6,0.628000000,1.176000000,1.804000000,0.651884701,SLICE_X65Y102,SLICE_X57Y101,FDCE,FDCE,FDCE->FDCE|logic_levels=6
u_dut/kernel_h_rd_data_q_reg[28]/CE,u_dut/u_unified_p4_kernel/slot_state_q_reg[0][1]/C,-0.004000000,DUT_INTERNAL,u_dut/u_unified_p4_kernel/slot_state_q_reg,u_dut/kernel_h_rd_data_q_reg,6,0.628000000,1.223000000,1.851000000,0.660723933,SLICE_X65Y102,SLICE_X60Y104,FDCE,FDCE,FDCE->FDCE|logic_levels=6
u_dut/kernel_h_rd_data_q_reg[29]/CE,u_dut/u_unified_p4_kernel/slot_state_q_reg[0][1]/C,-0.001000000,DUT_INTERNAL,u_dut/u_unified_p4_kernel/slot_state_q_reg,u_dut/kernel_h_rd_data_q_reg,6,0.628000000,1.178000000,1.806000000,0.652270210,SLICE_X65Y102,SLICE_X58Y103,FDCE,FDCE,FDCE->FDCE|logic_levels=6
u_dut/kernel_h_rd_data_q_reg[30]/CE,u_dut/u_unified_p4_kernel/slot_state_q_reg[0][1]/C,-0.005000000,DUT_INTERNAL,u_dut/u_unified_p4_kernel/slot_state_q_reg,u_dut/kernel_h_rd_data_q_reg,6,0.628000000,1.191000000,1.819000000,0.654755360,SLICE_X65Y102,SLICE_X59Y108,FDCE,FDCE,FDCE->FDCE|logic_levels=6
u_dut/kernel_h_rd_data_q_reg[32]/CE,u_dut/u_unified_p4_kernel/slot_state_q_reg[0][1]/C,-0.008000000,DUT_INTERNAL,u_dut/u_unified_p4_kernel/slot_state_q_reg,u_dut/kernel_h_rd_data_q_reg,6,0.628000000,1.247000000,1.875000000,0.665066667,SLICE_X65Y102,SLICE_X51Y99,FDCE,FDCE,FDCE->FDCE|logic_levels=6
u_dut/kernel_h_rd_data_q_reg[33]/CE,u_dut/u_unified_p4_kernel/slot_state_q_reg[0][1]/C,-0.008000000,DUT_INTERNAL,u_dut/u_unified_p4_kernel/slot_state_q_reg,u_dut/kernel_h_rd_data_q_reg,6,0.628000000,1.247000000,1.875000000,0.665066667,SLICE_X65Y102,SLICE_X51Y99,FDCE,FDCE,FDCE->FDCE|logic_levels=6
u_dut/kernel_h_rd_data_q_reg[34]/CE,u_dut/u_unified_p4_kernel/slot_state_q_reg[0][1]/C,-0.008000000,DUT_INTERNAL,u_dut/u_unified_p4_kernel/slot_state_q_reg,u_dut/kernel_h_rd_data_q_reg,6,0.628000000,1.247000000,1.875000000,0.665066667,SLICE_X65Y102,SLICE_X51Y99,FDCE,FDCE,FDCE->FDCE|logic_levels=6
u_dut/kernel_h_rd_data_q_reg[35]/CE,u_dut/u_unified_p4_kernel/slot_state_q_reg[0][1]/C,-0.019000000,DUT_INTERNAL,u_dut/u_unified_p4_kernel/slot_state_q_reg,u_dut/kernel_h_rd_data_q_reg,6,0.628000000,1.231000000,1.859000000,0.662183970,SLICE_X65Y102,SLICE_X59Y98,FDCE,FDCE,FDCE->FDCE|logic_levels=6
u_dut/kernel_h_rd_data_q_reg[36]/CE,u_dut/u_unified_p4_kernel/slot_state_q_reg[0][1]/C,-0.009000000,DUT_INTERNAL,u_dut/u_unified_p4_kernel/slot_state_q_reg,u_dut/kernel_h_rd_data_q_reg,6,0.628000000,1.233000000,1.861000000,0.662547018,SLICE_X65Y102,SLICE_X54Y93,FDCE,FDCE,FDCE->FDCE|logic_levels=6
u_dut/kernel_h_rd_data_q_reg[37]/CE,u_dut/u_unified_p4_kernel/slot_state_q_reg[0][1]/C,-0.038000000,DUT_INTERNAL,u_dut/u_unified_p4_kernel/slot_state_q_reg,u_dut/kernel_h_rd_data_q_reg,6,0.628000000,1.274000000,1.902000000,0.669821241,SLICE_X65Y102,SLICE_X51Y101,FDCE,FDCE,FDCE->FDCE|logic_levels=6
u_dut/kernel_h_rd_data_q_reg[41]/CE,u_dut/u_unified_p4_kernel/slot_state_q_reg[0][1]/C,-0.027000000,DUT_INTERNAL,u_dut/u_unified_p4_kernel/slot_state_q_reg,u_dut/kernel_h_rd_data_q_reg,6,0.628000000,1.270000000,1.898000000,0.669125395,SLICE_X65Y102,SLICE_X51Y102,FDCE,FDCE,FDCE->FDCE|logic_levels=6
u_dut/kernel_h_rd_data_q_reg[43]/CE,u_dut/u_unified_p4_kernel/slot_state_q_reg[0][1]/C,-0.027000000,DUT_INTERNAL,u_dut/u_unified_p4_kernel/slot_state_q_reg,u_dut/kernel_h_rd_data_q_reg,6,0.628000000,1.270000000,1.898000000,0.669125395,SLICE_X65Y102,SLICE_X51Y102,FDCE,FDCE,FDCE->FDCE|logic_levels=6
u_dut/kernel_h_rd_data_q_reg[44]/CE,u_dut/u_unified_p4_kernel/slot_state_q_reg[0][1]/C,-0.038000000,DUT_INTERNAL,u_dut/u_unified_p4_kernel/slot_state_q_reg,u_dut/kernel_h_rd_data_q_reg,6,0.628000000,1.274000000,1.902000000,0.669821241,SLICE_X65Y102,SLICE_X51Y101,FDCE,FDCE,FDCE->FDCE|logic_levels=6
u_dut/kernel_h_rd_data_q_reg[45]/CE,u_dut/u_unified_p4_kernel/slot_state_q_reg[0][1]/C,-0.027000000,DUT_INTERNAL,u_dut/u_unified_p4_kernel/slot_state_q_reg,u_dut/kernel_h_rd_data_q_reg,6,0.628000000,1.261000000,1.889000000,0.667548968,SLICE_X65Y102,SLICE_X54Y100,FDCE,FDCE,FDCE->FDCE|logic_levels=6
u_dut/kernel_h_rd_data_q_reg[48]/CE,u_dut/u_unified_p4_kernel/slot_state_q_reg[0][1]/C,-0.019000000,DUT_INTERNAL,u_dut/u_unified_p4_kernel/slot_state_q_reg,u_dut/kernel_h_rd_data_q_reg,6,0.628000000,1.231000000,1.859000000,0.662183970,SLICE_X65Y102,SLICE_X59Y98,FDCE,FDCE,FDCE->FDCE|logic_levels=6
u_dut/kernel_h_rd_data_q_reg[49]/CE,u_dut/u_unified_p4_kernel/slot_state_q_reg[0][1]/C,-0.012000000,DUT_INTERNAL,u_dut/u_unified_p4_kernel/slot_state_q_reg,u_dut/kernel_h_rd_data_q_reg,6,0.628000000,1.176000000,1.804000000,0.651884701,SLICE_X65Y102,SLICE_X57Y101,FDCE,FDCE,FDCE->FDCE|logic_levels=6
u_dut/kernel_h_rd_data_q_reg[53]/CE,u_dut/u_unified_p4_kernel/slot_state_q_reg[0][1]/C,-0.015000000,DUT_INTERNAL,u_dut/u_unified_p4_kernel/slot_state_q_reg,u_dut/kernel_h_rd_data_q_reg,6,0.628000000,1.222000000,1.850000000,0.660540541,SLICE_X65Y102,SLICE_X57Y96,FDCE,FDCE,FDCE->FDCE|logic_levels=6
u_dut/kernel_h_rd_data_q_reg[58]/D,u_dut/kernel_h_rd_addr_q_reg[3][0]/C,-0.003000000,DUT_INTERNAL,u_dut/kernel_h_rd_addr_q_reg,u_dut/kernel_h_rd_data_q_reg,5,0.515000000,1.328000000,1.843000000,0.720564297,SLICE_X54Y108,SLICE_X57Y100,FDCE,FDCE,FDCE->FDCE|logic_levels=5
u_dut/kernel_h_rd_data_q_reg[59]/CE,u_dut/u_unified_p4_kernel/slot_state_q_reg[0][1]/C,-0.015000000,DUT_INTERNAL,u_dut/u_unified_p4_kernel/slot_state_q_reg,u_dut/kernel_h_rd_data_q_reg,6,0.628000000,1.222000000,1.850000000,0.660540541,SLICE_X65Y102,SLICE_X57Y96,FDCE,FDCE,FDCE->FDCE|logic_levels=6
u_dut/kernel_h_rd_data_q_reg[8]/CE,u_dut/u_unified_p4_kernel/slot_state_q_reg[0][1]/C,-0.040000000,DUT_INTERNAL,u_dut/u_unified_p4_kernel/slot_state_q_reg,u_dut/kernel_h_rd_data_q_reg,6,0.628000000,1.211000000,1.839000000,0.658510060,SLICE_X65Y102,SLICE_X60Y105,FDCE,FDCE,FDCE->FDCE|logic_levels=6
u_dut/kernel_h_rd_data_tail_q_reg[19]/CE,u_dut/u_unified_p4_kernel/slot_state_q_reg[0][1]/C,-0.003000000,DUT_INTERNAL,u_dut/u_unified_p4_kernel/slot_state_q_reg,u_dut/kernel_h_rd_data_tail_q_reg,6,0.573000000,1.227000000,1.800000000,0.681666667,SLICE_X65Y102,SLICE_X60Y105,FDCE,FDCE,FDCE->FDCE|logic_levels=6
u_dut/kernel_h_rd_data_tail_q_reg[30]/CE,u_dut/u_unified_p4_kernel/slot_state_q_reg[0][1]/C,-0.015000000,DUT_INTERNAL,u_dut/u_unified_p4_kernel/slot_state_q_reg,u_dut/kernel_h_rd_data_tail_q_reg,6,0.573000000,1.245000000,1.818000000,0.684818482,SLICE_X65Y102,SLICE_X57Y110,FDCE,FDCE,FDCE->FDCE|logic_levels=6
u_dut/kernel_h_rd_data_tail_q_reg[35]/CE,u_dut/u_unified_p4_kernel/slot_state_q_reg[0][1]/C,-0.018000000,DUT_INTERNAL,u_dut/u_unified_p4_kernel/slot_state_q_reg,u_dut/kernel_h_rd_data_tail_q_reg,6,0.573000000,1.309000000,1.882000000,0.695536663,SLICE_X65Y102,SLICE_X51Y96,FDCE,FDCE,FDCE->FDCE|logic_levels=6
u_dut/kernel_h_rd_data_tail_q_reg[41]/CE,u_dut/u_unified_p4_kernel/slot_state_q_reg[0][1]/C,-0.014000000,DUT_INTERNAL,u_dut/u_unified_p4_kernel/slot_state_q_reg,u_dut/kernel_h_rd_data_tail_q_reg,6,0.573000000,1.317000000,1.890000000,0.696825397,SLICE_X65Y102,SLICE_X48Y102,FDCE,FDCE,FDCE->FDCE|logic_levels=6
u_dut/kernel_h_rd_data_tail_q_reg[43]/CE,u_dut/u_unified_p4_kernel/slot_state_q_reg[0][1]/C,-0.017000000,DUT_INTERNAL,u_dut/u_unified_p4_kernel/slot_state_q_reg,u_dut/kernel_h_rd_data_tail_q_reg,6,0.573000000,1.321000000,1.894000000,0.697465681,SLICE_X65Y102,SLICE_X48Y101,FDCE,FDCE,FDCE->FDCE|logic_levels=6
u_dut/kernel_h_rd_data_tail_q_reg[44]/CE,u_dut/u_unified_p4_kernel/slot_state_q_reg[0][1]/C,-0.017000000,DUT_INTERNAL,u_dut/u_unified_p4_kernel/slot_state_q_reg,u_dut/kernel_h_rd_data_tail_q_reg,6,0.573000000,1.323000000,1.896000000,0.697784810,SLICE_X65Y102,SLICE_X48Y101,FDCE,FDCE,FDCE->FDCE|logic_levels=6
u_dut/kernel_h_rd_data_tail_q_reg[47]/CE,u_dut/u_unified_p4_kernel/slot_state_q_reg[0][1]/C,-0.030000000,DUT_INTERNAL,u_dut/u_unified_p4_kernel/slot_state_q_reg,u_dut/kernel_h_rd_data_tail_q_reg,6,0.573000000,1.322000000,1.895000000,0.697625330,SLICE_X65Y102,SLICE_X51Y98,FDCE,FDCE,FDCE->FDCE|logic_levels=6
u_dut/kernel_h_rd_data_tail_q_reg[60]/CE,u_dut/u_unified_p4_kernel/slot_state_q_reg[0][1]/C,-0.013000000,DUT_INTERNAL,u_dut/u_unified_p4_kernel/slot_state_q_reg,u_dut/kernel_h_rd_data_tail_q_reg,6,0.573000000,1.237000000,1.810000000,0.683425414,SLICE_X65Y102,SLICE_X57Y93,FDCE,FDCE,FDCE->FDCE|logic_levels=6
u_dut/kernel_h_rd_data_tail_q_reg[61]/CE,u_dut/u_unified_p4_kernel/slot_state_q_reg[0][1]/C,-0.008000000,DUT_INTERNAL,u_dut/u_unified_p4_kernel/slot_state_q_reg,u_dut/kernel_h_rd_data_tail_q_reg,6,0.573000000,1.289000000,1.862000000,0.692266380,SLICE_X65Y102,SLICE_X54Y93,FDCE,FDCE,FDCE->FDCE|logic_levels=6
u_dut/kernel_h_rd_data_tail_q_reg[9]/CE,u_dut/u_unified_p4_kernel/slot_state_q_reg[0][1]/C,-0.024000000,DUT_INTERNAL,u_dut/u_unified_p4_kernel/slot_state_q_reg,u_dut/kernel_h_rd_data_tail_q_reg,6,0.573000000,1.317000000,1.890000000,0.696825397,SLICE_X65Y102,SLICE_X51Y105,FDCE,FDCE,FDCE->FDCE|logic_levels=6
u_dut/kernel_h_rd_raw_group_q_reg[0]/CE,u_dut/u_unified_p4_kernel/slot_state_q_reg[0][1]/C,-0.005000000,DUT_INTERNAL,u_dut/u_unified_p4_kernel/slot_state_q_reg,u_dut/kernel_h_rd_raw_group_q_reg,6,0.628000000,1.169000000,1.797000000,0.650528659,SLICE_X65Y102,SLICE_X60Y99,FDCE,FDCE,FDCE->FDCE|logic_levels=6
u_dut/kernel_h_rd_raw_group_q_reg[3]/CE,u_dut/u_unified_p4_kernel/slot_state_q_reg[0][1]/C,-0.005000000,DUT_INTERNAL,u_dut/u_unified_p4_kernel/slot_state_q_reg,u_dut/kernel_h_rd_raw_group_q_reg,6,0.628000000,1.169000000,1.797000000,0.650528659,SLICE_X65Y102,SLICE_X60Y99,FDCE,FDCE,FDCE->FDCE|logic_levels=6
u_dut/kernel_h_rd_raw_vector_q_reg[0]/CE,u_dut/u_unified_p4_kernel/slot_state_q_reg[0][1]/C,-0.012000000,DUT_INTERNAL,u_dut/u_unified_p4_kernel/slot_state_q_reg,u_dut/kernel_h_rd_raw_vector_q_reg,6,0.628000000,1.176000000,1.804000000,0.651884701,SLICE_X65Y102,SLICE_X57Y101,FDCE,FDCE,FDCE->FDCE|logic_levels=6
u_dut/kernel_h_rd_raw_vector_q_reg[1]/CE,u_dut/u_unified_p4_kernel/slot_state_q_reg[0][1]/C,-0.012000000,DUT_INTERNAL,u_dut/u_unified_p4_kernel/slot_state_q_reg,u_dut/kernel_h_rd_raw_vector_q_reg,6,0.628000000,1.176000000,1.804000000,0.651884701,SLICE_X65Y102,SLICE_X57Y101,FDCE,FDCE,FDCE->FDCE|logic_levels=6
u_dut/kernel_h_rd_raw_vector_q_reg[2]/CE,u_dut/u_unified_p4_kernel/slot_state_q_reg[0][1]/C,-0.001000000,DUT_INTERNAL,u_dut/u_unified_p4_kernel/slot_state_q_reg,u_dut/kernel_h_rd_raw_vector_q_reg,6,0.628000000,1.178000000,1.806000000,0.652270210,SLICE_X65Y102,SLICE_X58Y103,FDCE,FDCE,FDCE->FDCE|logic_levels=6
u_dut/kernel_h_rd_raw_vector_q_reg[3]/CE,u_dut/u_unified_p4_kernel/slot_state_q_reg[0][1]/C,-0.001000000,DUT_INTERNAL,u_dut/u_unified_p4_kernel/slot_state_q_reg,u_dut/kernel_h_rd_raw_vector_q_reg,6,0.628000000,1.178000000,1.806000000,0.652270210,SLICE_X65Y102,SLICE_X58Y103,FDCE,FDCE,FDCE->FDCE|logic_levels=6
u_dut/kernel_phase_q_reg[3]/CE,u_dut/slot_state_reg[1][0]/C,-0.020000000,DUT_INTERNAL,u_dut/slot_state_reg,u_dut/kernel_phase_q_reg,4,0.550000000,1.259000000,1.809000000,0.695964621,SLICE_X57Y86,SLICE_X61Y102,FDCE,FDCE,FDCE->FDCE|logic_levels=4
u_dut/kernel_rd_raw_data_q_reg[11]/CE,u_dut/u_unified_p4_kernel/slot_state_q_reg[0][1]/C,-0.026000000,DUT_INTERNAL,u_dut/u_unified_p4_kernel/slot_state_q_reg,u_dut/kernel_rd_raw_data_q_reg,5,0.536000000,1.264000000,1.800000000,0.702222222,SLICE_X65Y102,SLICE_X72Y87,FDCE,FDCE,FDCE->FDCE|logic_levels=5
u_dut/kernel_rd_raw_data_q_reg[13]/CE,u_dut/u_unified_p4_kernel/slot_state_q_reg[0][1]/C,-0.026000000,DUT_INTERNAL,u_dut/u_unified_p4_kernel/slot_state_q_reg,u_dut/kernel_rd_raw_data_q_reg,5,0.536000000,1.264000000,1.800000000,0.702222222,SLICE_X65Y102,SLICE_X72Y87,FDCE,FDCE,FDCE->FDCE|logic_levels=5
u_dut/kernel_rd_raw_data_q_reg[17]/D,u_dut/rd_cmd_addr_q_reg[1][1][0]/C,-0.032000000,DUT_INTERNAL,u_dut/rd_cmd_addr_q_reg,u_dut/kernel_rd_raw_data_q_reg,5,0.463000000,1.421000000,1.884000000,0.754246285,SLICE_X52Y90,SLICE_X62Y95,FDCE,FDCE,FDCE->FDCE|logic_levels=5
u_dut/kernel_rd_raw_data_q_reg[1]/D,u_dut/rd_cmd_addr_q_reg[1][0][2]_replica_3/C,-0.022000000,DUT_INTERNAL,u_dut/rd_cmd_addr_q_reg_replica_3,u_dut/kernel_rd_raw_data_q_reg,5,0.362000000,1.567000000,1.929000000,0.812337999,SLICE_X66Y88,SLICE_X62Y96,FDCE,FDCE,FDCE->FDCE|logic_levels=5
u_dut/kernel_rd_raw_data_q_reg[21]/D,u_dut/rd_cmd_addr_q_reg[1][0][1]_replica_4/C,-0.005000000,DUT_INTERNAL,u_dut/rd_cmd_addr_q_reg_replica_4,u_dut/kernel_rd_raw_data_q_reg,5,0.486000000,1.383000000,1.869000000,0.739967897,SLICE_X54Y85,SLICE_X64Y96,FDCE,FDCE,FDCE->FDCE|logic_levels=5
u_dut/kernel_rd_raw_data_q_reg[22]/D,u_dut/rd_cmd_addr_q_reg[1][1][0]/C,-0.001000000,DUT_INTERNAL,u_dut/rd_cmd_addr_q_reg,u_dut/kernel_rd_raw_data_q_reg,5,0.445000000,1.400000000,1.845000000,0.758807588,SLICE_X52Y90,SLICE_X62Y92,FDCE,FDCE,FDCE->FDCE|logic_levels=5
u_dut/kernel_rd_raw_data_q_reg[23]/D,u_dut/rd_cmd_addr_q_reg[0][1][0]/C,-0.023000000,DUT_INTERNAL,u_dut/rd_cmd_addr_q_reg,u_dut/kernel_rd_raw_data_q_reg,5,0.523000000,1.380000000,1.903000000,0.725170783,SLICE_X61Y61,SLICE_X65Y83,FDCE,FDCE,FDCE->FDCE|logic_levels=5
u_dut/kernel_rd_raw_data_q_reg[24]/D,u_dut/rd_cmd_addr_q_reg[1][0][2]_replica_1/C,-0.012000000,DUT_INTERNAL,u_dut/rd_cmd_addr_q_reg_replica_1,u_dut/kernel_rd_raw_data_q_reg,5,0.361000000,1.467000000,1.828000000,0.802516411,SLICE_X53Y92,SLICE_X68Y87,FDCE,FDCE,FDCE->FDCE|logic_levels=5
u_dut/kernel_rd_raw_data_q_reg[31]/CE,u_dut/u_unified_p4_kernel/slot_state_q_reg[0][1]/C,-0.010000000,DUT_INTERNAL,u_dut/u_unified_p4_kernel/slot_state_q_reg,u_dut/kernel_rd_raw_data_q_reg,5,0.536000000,1.287000000,1.823000000,0.705979155,SLICE_X65Y102,SLICE_X63Y70,FDCE,FDCE,FDCE->FDCE|logic_levels=5
u_dut/kernel_rd_raw_data_q_reg[33]/CE,u_dut/u_unified_p4_kernel/slot_state_q_reg[0][1]/C,-0.004000000,DUT_INTERNAL,u_dut/u_unified_p4_kernel/slot_state_q_reg,u_dut/kernel_rd_raw_data_q_reg,5,0.536000000,1.358000000,1.894000000,0.717001056,SLICE_X65Y102,SLICE_X45Y82,FDCE,FDCE,FDCE->FDCE|logic_levels=5
u_dut/kernel_rd_raw_data_q_reg[35]/D,u_dut/rd_cmd_addr_q_reg[1][0][2]_replica_1/C,-0.036000000,DUT_INTERNAL,u_dut/rd_cmd_addr_q_reg_replica_1,u_dut/kernel_rd_raw_data_q_reg,5,0.517000000,1.339000000,1.856000000,0.721443966,SLICE_X53Y92,SLICE_X61Y94,FDCE,FDCE,FDCE->FDCE|logic_levels=5
u_dut/kernel_rd_raw_data_q_reg[37]/CE,u_dut/u_unified_p4_kernel/slot_state_q_reg[0][1]/C,-0.027000000,DUT_INTERNAL,u_dut/u_unified_p4_kernel/slot_state_q_reg,u_dut/kernel_rd_raw_data_q_reg,5,0.536000000,1.295000000,1.831000000,0.707263790,SLICE_X65Y102,SLICE_X59Y80,FDCE,FDCE,FDCE->FDCE|logic_levels=5
u_dut/kernel_rd_raw_data_q_reg[38]/CE,u_dut/u_unified_p4_kernel/slot_state_q_reg[0][1]/C,-0.004000000,DUT_INTERNAL,u_dut/u_unified_p4_kernel/slot_state_q_reg,u_dut/kernel_rd_raw_data_q_reg,5,0.536000000,1.334000000,1.870000000,0.713368984,SLICE_X65Y102,SLICE_X51Y84,FDCE,FDCE,FDCE->FDCE|logic_levels=5
u_dut/kernel_rd_raw_data_q_reg[39]/CE,u_dut/u_unified_p4_kernel/slot_state_q_reg[0][1]/C,-0.022000000,DUT_INTERNAL,u_dut/u_unified_p4_kernel/slot_state_q_reg,u_dut/kernel_rd_raw_data_q_reg,5,0.536000000,1.405000000,1.941000000,0.723853684,SLICE_X65Y102,SLICE_X51Y77,FDCE,FDCE,FDCE->FDCE|logic_levels=5
u_dut/kernel_rd_raw_data_q_reg[3]/D,u_dut/rd_cmd_addr_q_reg[0][0][1]_replica_4/C,-0.005000000,DUT_INTERNAL,u_dut/rd_cmd_addr_q_reg_replica_4,u_dut/kernel_rd_raw_data_q_reg,5,0.414000000,1.462000000,1.876000000,0.779317697,SLICE_X59Y77,SLICE_X63Y84,FDCE,FDCE,FDCE->FDCE|logic_levels=5
u_dut/kernel_rd_raw_data_q_reg[40]/D,u_dut/rd_cmd_addr_q_reg[0][0][3]_replica_1/C,-0.001000000,DUT_INTERNAL,u_dut/rd_cmd_addr_q_reg_replica_1,u_dut/kernel_rd_raw_data_q_reg,5,0.342000000,1.596000000,1.938000000,0.823529412,SLICE_X58Y85,SLICE_X55Y75,FDCE,FDCE,FDCE->FDCE|logic_levels=5
u_dut/kernel_rd_raw_data_q_reg[41]/D,u_dut/rd_cmd_addr_q_reg[0][2][0]/C,-0.040000000,DUT_INTERNAL,u_dut/rd_cmd_addr_q_reg,u_dut/kernel_rd_raw_data_q_reg,5,0.466000000,1.423000000,1.889000000,0.753308629,SLICE_X56Y77,SLICE_X65Y91,FDCE,FDCE,FDCE->FDCE|logic_levels=5
u_dut/kernel_rd_raw_data_q_reg[42]/D,u_dut/rd_cmd_addr_q_reg[0][2][0]/C,-0.010000000,DUT_INTERNAL,u_dut/rd_cmd_addr_q_reg,u_dut/kernel_rd_raw_data_q_reg,5,0.463000000,1.406000000,1.869000000,0.752273943,SLICE_X56Y77,SLICE_X63Y95,FDCE,FDCE,FDCE->FDCE|logic_levels=5
u_dut/kernel_rd_raw_data_q_reg[45]/D,u_dut/rd_cmd_addr_q_reg[1][2][0]/C,-0.001000000,DUT_INTERNAL,u_dut/rd_cmd_addr_q_reg,u_dut/kernel_rd_raw_data_q_reg,5,0.435000000,1.591000000,2.026000000,0.785291214,SLICE_X61Y82,SLICE_X48Y78,FDCE,FDCE,FDCE->FDCE|logic_levels=5
u_dut/kernel_rd_raw_data_q_reg[46]/D,u_dut/rd_cmd_addr_q_reg[1][0][1]/C,-0.017000000,DUT_INTERNAL,u_dut/rd_cmd_addr_q_reg,u_dut/kernel_rd_raw_data_q_reg,5,0.500000000,1.446000000,1.946000000,0.743062693,SLICE_X63Y93,SLICE_X60Y92,FDCE,FDCE,FDCE->FDCE|logic_levels=5
u_dut/kernel_rd_raw_data_q_reg[4]/D,u_dut/rd_cmd_addr_q_reg[0][0][5]/C,-0.012000000,DUT_INTERNAL,u_dut/rd_cmd_addr_q_reg,u_dut/kernel_rd_raw_data_q_reg,5,0.390000000,1.537000000,1.927000000,0.797612870,SLICE_X59Y93,SLICE_X64Y93,FDCE,FDCE,FDCE->FDCE|logic_levels=5
u_dut/kernel_rd_raw_data_q_reg[50]/CE,u_dut/u_unified_p4_kernel/slot_state_q_reg[0][1]/C,-0.018000000,DUT_INTERNAL,u_dut/u_unified_p4_kernel/slot_state_q_reg,u_dut/kernel_rd_raw_data_q_reg,5,0.536000000,1.291000000,1.827000000,0.706622879,SLICE_X65Y102,SLICE_X65Y73,FDCE,FDCE,FDCE->FDCE|logic_levels=5
u_dut/kernel_rd_raw_data_q_reg[51]/CE,u_dut/u_unified_p4_kernel/slot_state_q_reg[0][1]/C,-0.031000000,DUT_INTERNAL,u_dut/u_unified_p4_kernel/slot_state_q_reg,u_dut/kernel_rd_raw_data_q_reg,5,0.536000000,1.300000000,1.836000000,0.708061002,SLICE_X65Y102,SLICE_X60Y71,FDCE,FDCE,FDCE->FDCE|logic_levels=5
u_dut/kernel_rd_raw_data_q_reg[54]/CE,u_dut/u_unified_p4_kernel/slot_state_q_reg[0][1]/C,-0.001000000,DUT_INTERNAL,u_dut/u_unified_p4_kernel/slot_state_q_reg,u_dut/kernel_rd_raw_data_q_reg,5,0.536000000,1.314000000,1.850000000,0.710270270,SLICE_X65Y102,SLICE_X60Y72,FDCE,FDCE,FDCE->FDCE|logic_levels=5
u_dut/kernel_rd_raw_data_q_reg[55]/D,u_dut/rd_cmd_addr_q_reg[0][0][3]_replica_3/C,-0.007000000,DUT_INTERNAL,u_dut/rd_cmd_addr_q_reg_replica_3,u_dut/kernel_rd_raw_data_q_reg,5,0.387000000,1.449000000,1.836000000,0.789215686,SLICE_X62Y65,SLICE_X65Y96,FDCE,FDCE,FDCE->FDCE|logic_levels=5
u_dut/kernel_rd_raw_data_q_reg[5]/CE,u_dut/u_unified_p4_kernel/slot_state_q_reg[0][1]/C,-0.010000000,DUT_INTERNAL,u_dut/u_unified_p4_kernel/slot_state_q_reg,u_dut/kernel_rd_raw_data_q_reg,5,0.536000000,1.273000000,1.809000000,0.703703704,SLICE_X65Y102,SLICE_X60Y79,FDCE,FDCE,FDCE->FDCE|logic_levels=5
u_dut/kernel_rd_raw_data_q_reg[5]/D,u_dut/rd_cmd_addr_q_reg[1][0][3]/C,-0.001000000,DUT_INTERNAL,u_dut/rd_cmd_addr_q_reg,u_dut/kernel_rd_raw_data_q_reg,5,0.521000000,1.374000000,1.895000000,0.725065963,SLICE_X63Y93,SLICE_X60Y79,FDCE,FDCE,FDCE->FDCE|logic_levels=5
u_dut/kernel_rd_raw_data_q_reg[61]/CE,u_dut/u_unified_p4_kernel/slot_state_q_reg[0][1]/C,-0.010000000,DUT_INTERNAL,u_dut/u_unified_p4_kernel/slot_state_q_reg,u_dut/kernel_rd_raw_data_q_reg,5,0.536000000,1.287000000,1.823000000,0.705979155,SLICE_X65Y102,SLICE_X63Y70,FDCE,FDCE,FDCE->FDCE|logic_levels=5
u_dut/kernel_rd_raw_data_q_reg[7]/CE,u_dut/u_unified_p4_kernel/slot_state_q_reg[0][1]/C,-0.026000000,DUT_INTERNAL,u_dut/u_unified_p4_kernel/slot_state_q_reg,u_dut/kernel_rd_raw_data_q_reg,5,0.536000000,1.264000000,1.800000000,0.702222222,SLICE_X65Y102,SLICE_X72Y87,FDCE,FDCE,FDCE->FDCE|logic_levels=5
u_dut/kernel_rd_raw_data_q_reg[8]/CE,u_dut/u_unified_p4_kernel/slot_state_q_reg[0][1]/C,-0.026000000,DUT_INTERNAL,u_dut/u_unified_p4_kernel/slot_state_q_reg,u_dut/kernel_rd_raw_data_q_reg,5,0.536000000,1.264000000,1.800000000,0.702222222,SLICE_X65Y102,SLICE_X72Y87,FDCE,FDCE,FDCE->FDCE|logic_levels=5
u_dut/kernel_rd_raw_data_q_reg[9]/CE,u_dut/u_unified_p4_kernel/slot_state_q_reg[0][1]/C,-0.018000000,DUT_INTERNAL,u_dut/u_unified_p4_kernel/slot_state_q_reg,u_dut/kernel_rd_raw_data_q_reg,5,0.536000000,1.315000000,1.851000000,0.710426796,SLICE_X65Y102,SLICE_X70Y76,FDCE,FDCE,FDCE->FDCE|logic_levels=5
u_dut/kernel_rd_raw_valid_q_reg[0]/D,u_dut/rd_cmd_addr_q_reg[0][0][0]/C,-0.025000000,DUT_INTERNAL,u_dut/rd_cmd_addr_q_reg,u_dut/kernel_rd_raw_valid_q_reg,5,0.578000000,1.302000000,1.880000000,0.692553191,SLICE_X57Y77,SLICE_X64Y87,FDCE,FDCE,FDCE->FDCE|logic_levels=5
u_dut/kernel_rd_req_group_q_reg[0]/CE,u_dut/kernel_vector_q_reg[2]_replica_1/C,-0.020000000,DUT_INTERNAL,u_dut/kernel_vector_q_reg_replica_1,u_dut/kernel_rd_req_group_q_reg,5,0.564000000,1.263000000,1.827000000,0.691297209,SLICE_X57Y90,SLICE_X60Y88,FDCE,FDCE,FDCE->FDCE|logic_levels=5
u_dut/kernel_rd_req_group_q_reg[1]/CE,u_dut/kernel_vector_q_reg[2]_replica_1/C,-0.020000000,DUT_INTERNAL,u_dut/kernel_vector_q_reg_replica_1,u_dut/kernel_rd_req_group_q_reg,5,0.564000000,1.262000000,1.826000000,0.691128149,SLICE_X57Y90,SLICE_X60Y88,FDCE,FDCE,FDCE->FDCE|logic_levels=5
u_dut/kernel_rd_req_group_q_reg[2]/CE,u_dut/kernel_vector_q_reg[2]_replica_1/C,-0.039000000,DUT_INTERNAL,u_dut/kernel_vector_q_reg_replica_1,u_dut/kernel_rd_req_group_q_reg,5,0.564000000,1.291000000,1.855000000,0.695956873,SLICE_X57Y90,SLICE_X61Y88,FDCE,FDCE,FDCE->FDCE|logic_levels=5
u_dut/kernel_rd_req_group_q_reg[3]/CE,u_dut/kernel_vector_q_reg[2]_replica_1/C,-0.020000000,DUT_INTERNAL,u_dut/kernel_vector_q_reg_replica_1,u_dut/kernel_rd_req_group_q_reg,5,0.564000000,1.263000000,1.827000000,0.691297209,SLICE_X57Y90,SLICE_X60Y88,FDCE,FDCE,FDCE->FDCE|logic_levels=5
u_dut/kernel_rd_req_group_q_reg[4]/CE,u_dut/kernel_vector_q_reg[2]_replica_1/C,-0.020000000,DUT_INTERNAL,u_dut/kernel_vector_q_reg_replica_1,u_dut/kernel_rd_req_group_q_reg,5,0.564000000,1.262000000,1.826000000,0.691128149,SLICE_X57Y90,SLICE_X60Y88,FDCE,FDCE,FDCE->FDCE|logic_levels=5
u_dut/kernel_rd_resp_data_q_reg[16]/D,u_dut/kernel_cut_h_q_reg[3]/C,-0.005000000,DUT_INTERNAL,u_dut/kernel_cut_h_q_reg,u_dut/kernel_rd_resp_data_q_reg,4,0.563000000,1.323000000,1.886000000,0.701484624,SLICE_X59Y95,SLICE_X69Y97,FDCE,FDCE,FDCE->FDCE|logic_levels=4
u_dut/kernel_vector_q_reg[0]_rep__1_replica_1/D,u_dut/kernel_vector_q_reg[2]_replica_1/C,-0.008000000,DUT_INTERNAL,u_dut/kernel_vector_q_reg_replica_1,u_dut/kernel_vector_q_reg_rep__1_replica_1,5,0.605000000,1.341000000,1.946000000,0.689105858,SLICE_X57Y90,SLICE_X60Y92,FDCE,FDCE,FDCE->FDCE|logic_levels=5
u_dut/kernel_vector_q_reg[1]_rep__0/D,u_dut/kernel_vector_q_reg[2]_replica_1/C,-0.001000000,DUT_INTERNAL,u_dut/kernel_vector_q_reg_replica_1,u_dut/kernel_vector_q_reg_rep__0,5,0.621000000,1.300000000,1.921000000,0.676730869,SLICE_X57Y90,SLICE_X57Y78,FDCE,FDCE,FDCE->FDCE|logic_levels=5
u_dut/kernel_vector_q_reg[2]/D,u_dut/kernel_vector_q_reg[2]_replica_1/C,-0.020000000,DUT_INTERNAL,u_dut/kernel_vector_q_reg_replica_1,u_dut/kernel_vector_q_reg,5,0.682000000,1.296000000,1.978000000,0.655207280,SLICE_X57Y90,SLICE_X58Y81,FDCE,FDCE,FDCE->FDCE|logic_levels=5
u_dut/lfnst_gather_index_q_reg[1]/CE,u_dut/u_unified_p4_kernel/slot_state_q_reg[0][1]/C,-0.034000000,DUT_INTERNAL,u_dut/u_unified_p4_kernel/slot_state_q_reg,u_dut/lfnst_gather_index_q_reg,6,0.609000000,1.218000000,1.827000000,0.666666667,SLICE_X65Y102,SLICE_X63Y86,FDCE,FDCE,FDCE->FDCE|logic_levels=6
u_dut/lfnst_gather_index_q_reg[4]/CE,u_dut/u_unified_p4_kernel/slot_state_q_reg[0][1]/C,-0.029000000,DUT_INTERNAL,u_dut/u_unified_p4_kernel/slot_state_q_reg,u_dut/lfnst_gather_index_q_reg,6,0.609000000,1.211000000,1.820000000,0.665384615,SLICE_X65Y102,SLICE_X63Y86,FDCE,FDCE,FDCE->FDCE|logic_levels=6
u_dut/lfnst_grid_reg[0][0]/D,u_dut/kernel_run_q_reg_replica/C,-0.015000000,DUT_INTERNAL,u_dut/kernel_run_q_reg_replica,u_dut/lfnst_grid_reg,6,0.521000000,1.414000000,1.935000000,0.730749354,SLICE_X58Y87,SLICE_X61Y73,FDCE,FDCE,FDCE->FDCE|logic_levels=6
u_dut/lfnst_grid_reg[0][10]/CE,u_dut/lfnst_ntrs48_q_reg_rep__1/C,-0.014000000,DUT_INTERNAL,u_dut/lfnst_ntrs48_q_reg_rep__1,u_dut/lfnst_grid_reg,4,0.375000000,1.466000000,1.841000000,0.796306355,SLICE_X56Y75,SLICE_X63Y74,FDCE,FDCE,FDCE->FDCE|logic_levels=4
u_dut/lfnst_grid_reg[0][11]/CE,u_dut/lfnst_ntrs48_q_reg_rep__1/C,-0.014000000,DUT_INTERNAL,u_dut/lfnst_ntrs48_q_reg_rep__1,u_dut/lfnst_grid_reg,4,0.375000000,1.466000000,1.841000000,0.796306355,SLICE_X56Y75,SLICE_X63Y74,FDCE,FDCE,FDCE->FDCE|logic_levels=4
u_dut/lfnst_grid_reg[0][13]/CE,u_dut/lfnst_ntrs48_q_reg_rep__1/C,-0.005000000,DUT_INTERNAL,u_dut/lfnst_ntrs48_q_reg_rep__1,u_dut/lfnst_grid_reg,4,0.375000000,1.406000000,1.781000000,0.789444133,SLICE_X56Y75,SLICE_X60Y74,FDCE,FDCE,FDCE->FDCE|logic_levels=4
u_dut/lfnst_grid_reg[0][14]/CE,u_dut/lfnst_ntrs48_q_reg_rep__1/C,-0.005000000,DUT_INTERNAL,u_dut/lfnst_ntrs48_q_reg_rep__1,u_dut/lfnst_grid_reg,4,0.375000000,1.406000000,1.781000000,0.789444133,SLICE_X56Y75,SLICE_X60Y74,FDCE,FDCE,FDCE->FDCE|logic_levels=4
u_dut/lfnst_grid_reg[0][15]/CE,u_dut/lfnst_ntrs48_q_reg_rep__1/C,-0.014000000,DUT_INTERNAL,u_dut/lfnst_ntrs48_q_reg_rep__1,u_dut/lfnst_grid_reg,4,0.375000000,1.466000000,1.841000000,0.796306355,SLICE_X56Y75,SLICE_X63Y74,FDCE,FDCE,FDCE->FDCE|logic_levels=4
u_dut/lfnst_grid_reg[0][1]/CE,u_dut/lfnst_ntrs48_q_reg_rep__1/C,-0.010000000,DUT_INTERNAL,u_dut/lfnst_ntrs48_q_reg_rep__1,u_dut/lfnst_grid_reg,4,0.375000000,1.460000000,1.835000000,0.795640327,SLICE_X56Y75,SLICE_X63Y74,FDCE,FDCE,FDCE->FDCE|logic_levels=4
u_dut/lfnst_grid_reg[0][2]/CE,u_dut/lfnst_ntrs48_q_reg_rep__1/C,-0.010000000,DUT_INTERNAL,u_dut/lfnst_ntrs48_q_reg_rep__1,u_dut/lfnst_grid_reg,4,0.375000000,1.460000000,1.835000000,0.795640327,SLICE_X56Y75,SLICE_X63Y74,FDCE,FDCE,FDCE->FDCE|logic_levels=4
u_dut/lfnst_grid_reg[0][5]/D,u_dut/u_bounded_lfnst_engine/out_group_reg[2]/C,-0.021000000,DUT_INTERNAL,u_dut/u_bounded_lfnst_engine/out_group_reg,u_dut/lfnst_grid_reg,5,0.608000000,1.285000000,1.893000000,0.678816693,SLICE_X56Y73,SLICE_X61Y72,FDCE,FDCE,FDCE->FDCE|logic_levels=5
u_dut/lfnst_grid_reg[0][6]/D,u_dut/kernel_run_q_reg_replica/C,-0.024000000,DUT_INTERNAL,u_dut/kernel_run_q_reg_replica,u_dut/lfnst_grid_reg,6,0.519000000,1.382000000,1.901000000,0.726985797,SLICE_X58Y87,SLICE_X61Y72,FDCE,FDCE,FDCE->FDCE|logic_levels=6
u_dut/lfnst_grid_reg[11][12]/CE,u_dut/slot_state_reg[1][2]/C,-0.024000000,DUT_INTERNAL,u_dut/slot_state_reg,u_dut/lfnst_grid_reg,5,0.514000000,1.319000000,1.833000000,0.719585379,SLICE_X57Y85,SLICE_X60Y60,FDCE,FDCE,FDCE->FDCE|logic_levels=5
u_dut/lfnst_grid_reg[11][15]/D,u_dut/slot_state_reg[1][2]/C,-0.003000000,DUT_INTERNAL,u_dut/slot_state_reg,u_dut/lfnst_grid_reg,4,0.407000000,1.488000000,1.895000000,0.785224274,SLICE_X57Y85,SLICE_X60Y61,FDCE,FDCE,FDCE->FDCE|logic_levels=4
u_dut/lfnst_grid_reg[11][3]/CE,u_dut/slot_state_reg[1][2]/C,-0.024000000,DUT_INTERNAL,u_dut/slot_state_reg,u_dut/lfnst_grid_reg,5,0.514000000,1.319000000,1.833000000,0.719585379,SLICE_X57Y85,SLICE_X60Y60,FDCE,FDCE,FDCE->FDCE|logic_levels=5
u_dut/lfnst_grid_reg[11][4]/D,u_dut/slot_state_reg[1][2]/C,-0.021000000,DUT_INTERNAL,u_dut/slot_state_reg,u_dut/lfnst_grid_reg,4,0.485000000,1.448000000,1.933000000,0.749094671,SLICE_X57Y85,SLICE_X58Y61,FDCE,FDCE,FDCE->FDCE|logic_levels=4
u_dut/lfnst_grid_reg[11][7]/D,u_dut/kernel_run_q_reg_replica/C,-0.021000000,DUT_INTERNAL,u_dut/kernel_run_q_reg_replica,u_dut/lfnst_grid_reg,5,0.445000000,1.428000000,1.873000000,0.762413241,SLICE_X58Y87,SLICE_X59Y59,FDCE,FDCE,FDCE->FDCE|logic_levels=5
u_dut/lfnst_grid_reg[11][9]/CE,u_dut/slot_state_reg[1][2]/C,-0.020000000,DUT_INTERNAL,u_dut/slot_state_reg,u_dut/lfnst_grid_reg,5,0.514000000,1.314000000,1.828000000,0.718818381,SLICE_X57Y85,SLICE_X60Y60,FDCE,FDCE,FDCE->FDCE|logic_levels=5
u_dut/lfnst_grid_reg[14][0]/CE,u_dut/kernel_run_q_reg_replica/C,-0.001000000,DUT_INTERNAL,u_dut/kernel_run_q_reg_replica,u_dut/lfnst_grid_reg,5,0.405000000,1.379000000,1.784000000,0.772982063,SLICE_X58Y87,SLICE_X68Y70,FDCE,FDCE,FDCE->FDCE|logic_levels=5
u_dut/lfnst_grid_reg[14][10]/CE,u_dut/kernel_run_q_reg_replica/C,-0.001000000,DUT_INTERNAL,u_dut/kernel_run_q_reg_replica,u_dut/lfnst_grid_reg,5,0.405000000,1.379000000,1.784000000,0.772982063,SLICE_X58Y87,SLICE_X68Y70,FDCE,FDCE,FDCE->FDCE|logic_levels=5
u_dut/lfnst_grid_reg[14][15]/CE,u_dut/kernel_run_q_reg_replica/C,-0.005000000,DUT_INTERNAL,u_dut/kernel_run_q_reg_replica,u_dut/lfnst_grid_reg,5,0.405000000,1.377000000,1.782000000,0.772727273,SLICE_X58Y87,SLICE_X70Y71,FDCE,FDCE,FDCE->FDCE|logic_levels=5
u_dut/lfnst_grid_reg[14][6]/CE,u_dut/kernel_run_q_reg_replica/C,-0.005000000,DUT_INTERNAL,u_dut/kernel_run_q_reg_replica,u_dut/lfnst_grid_reg,5,0.405000000,1.377000000,1.782000000,0.772727273,SLICE_X58Y87,SLICE_X69Y71,FDCE,FDCE,FDCE->FDCE|logic_levels=5
u_dut/lfnst_grid_reg[18][0]/CE,u_dut/slot_state_reg[1][2]/C,-0.013000000,DUT_INTERNAL,u_dut/slot_state_reg,u_dut/lfnst_grid_reg,5,0.428000000,1.397000000,1.825000000,0.765479452,SLICE_X57Y85,SLICE_X67Y68,FDCE,FDCE,FDCE->FDCE|logic_levels=5
u_dut/lfnst_grid_reg[18][12]/CE,u_dut/slot_state_reg[1][2]/C,-0.014000000,DUT_INTERNAL,u_dut/slot_state_reg,u_dut/lfnst_grid_reg,5,0.428000000,1.392000000,1.820000000,0.764835165,SLICE_X57Y85,SLICE_X68Y68,FDCE,FDCE,FDCE->FDCE|logic_levels=5
u_dut/lfnst_grid_reg[18][15]/D,u_dut/slot_state_reg[1][2]/C,-0.005000000,DUT_INTERNAL,u_dut/slot_state_reg,u_dut/lfnst_grid_reg,5,0.543000000,1.353000000,1.896000000,0.713607595,SLICE_X57Y85,SLICE_X66Y68,FDCE,FDCE,FDCE->FDCE|logic_levels=5
u_dut/lfnst_grid_reg[18][4]/CE,u_dut/slot_state_reg[1][2]/C,-0.014000000,DUT_INTERNAL,u_dut/slot_state_reg,u_dut/lfnst_grid_reg,5,0.428000000,1.392000000,1.820000000,0.764835165,SLICE_X57Y85,SLICE_X68Y68,FDCE,FDCE,FDCE->FDCE|logic_levels=5
u_dut/lfnst_grid_reg[22][0]/CE,u_dut/lfnst_run_q_reg_replica/C,-0.024000000,DUT_INTERNAL,u_dut/lfnst_run_q_reg_replica,u_dut/lfnst_grid_reg,3,0.307000000,1.519000000,1.826000000,0.831872946,SLICE_X59Y87,SLICE_X60Y64,FDCE,FDCE,FDCE->FDCE|logic_levels=3
u_dut/lfnst_grid_reg[22][12]/CE,u_dut/lfnst_run_q_reg_replica/C,-0.022000000,DUT_INTERNAL,u_dut/lfnst_run_q_reg_replica,u_dut/lfnst_grid_reg,3,0.307000000,1.519000000,1.826000000,0.831872946,SLICE_X59Y87,SLICE_X61Y63,FDCE,FDCE,FDCE->FDCE|logic_levels=3
u_dut/lfnst_grid_reg[22][14]/CE,u_dut/lfnst_run_q_reg_replica/C,-0.001000000,DUT_INTERNAL,u_dut/lfnst_run_q_reg_replica,u_dut/lfnst_grid_reg,3,0.307000000,1.491000000,1.798000000,0.829254727,SLICE_X59Y87,SLICE_X64Y61,FDCE,FDCE,FDCE->FDCE|logic_levels=3
u_dut/lfnst_grid_reg[22][1]/CE,u_dut/lfnst_run_q_reg_replica/C,-0.022000000,DUT_INTERNAL,u_dut/lfnst_run_q_reg_replica,u_dut/lfnst_grid_reg,3,0.307000000,1.517000000,1.824000000,0.831688596,SLICE_X59Y87,SLICE_X60Y64,FDCE,FDCE,FDCE->FDCE|logic_levels=3
u_dut/lfnst_grid_reg[22][3]/CE,u_dut/lfnst_run_q_reg_replica/C,-0.022000000,DUT_INTERNAL,u_dut/lfnst_run_q_reg_replica,u_dut/lfnst_grid_reg,3,0.307000000,1.517000000,1.824000000,0.831688596,SLICE_X59Y87,SLICE_X60Y64,FDCE,FDCE,FDCE->FDCE|logic_levels=3
u_dut/lfnst_grid_reg[22][6]/CE,u_dut/lfnst_run_q_reg_replica/C,-0.022000000,DUT_INTERNAL,u_dut/lfnst_run_q_reg_replica,u_dut/lfnst_grid_reg,3,0.307000000,1.519000000,1.826000000,0.831872946,SLICE_X59Y87,SLICE_X61Y63,FDCE,FDCE,FDCE->FDCE|logic_levels=3
u_dut/lfnst_grid_reg[22][7]/CE,u_dut/lfnst_run_q_reg_replica/C,-0.022000000,DUT_INTERNAL,u_dut/lfnst_run_q_reg_replica,u_dut/lfnst_grid_reg,3,0.307000000,1.519000000,1.826000000,0.831872946,SLICE_X59Y87,SLICE_X61Y63,FDCE,FDCE,FDCE->FDCE|logic_levels=3
u_dut/lfnst_grid_reg[22][8]/CE,u_dut/lfnst_run_q_reg_replica/C,-0.022000000,DUT_INTERNAL,u_dut/lfnst_run_q_reg_replica,u_dut/lfnst_grid_reg,3,0.307000000,1.519000000,1.826000000,0.831872946,SLICE_X59Y87,SLICE_X61Y63,FDCE,FDCE,FDCE->FDCE|logic_levels=3
u_dut/lfnst_grid_reg[22][9]/CE,u_dut/lfnst_run_q_reg_replica/C,-0.022000000,DUT_INTERNAL,u_dut/lfnst_run_q_reg_replica,u_dut/lfnst_grid_reg,3,0.307000000,1.517000000,1.824000000,0.831688596,SLICE_X59Y87,SLICE_X60Y64,FDCE,FDCE,FDCE->FDCE|logic_levels=3
u_dut/lfnst_grid_reg[27][7]/D,u_dut/kernel_run_q_reg_replica/C,-0.006000000,DUT_INTERNAL,u_dut/kernel_run_q_reg_replica,u_dut/lfnst_grid_reg,6,0.492000000,1.435000000,1.927000000,0.744680851,SLICE_X58Y87,SLICE_X61Y71,FDCE,FDCE,FDCE->FDCE|logic_levels=6
u_dut/lfnst_grid_reg[27][9]/D,u_dut/slot_state_reg[1][2]/C,-0.006000000,DUT_INTERNAL,u_dut/slot_state_reg,u_dut/lfnst_grid_reg,5,0.493000000,1.416000000,1.909000000,0.741749607,SLICE_X57Y85,SLICE_X62Y71,FDCE,FDCE,FDCE->FDCE|logic_levels=5
u_dut/lfnst_grid_reg[30][1]/CE,u_dut/slot_state_reg[1][2]/C,-0.002000000,DUT_INTERNAL,u_dut/slot_state_reg,u_dut/lfnst_grid_reg,4,0.440000000,1.369000000,1.809000000,0.756771697,SLICE_X57Y85,SLICE_X60Y66,FDCE,FDCE,FDCE->FDCE|logic_levels=4
u_dut/lfnst_grid_reg[37][13]/CE,u_dut/slot_state_reg[1][2]/C,-0.035000000,DUT_INTERNAL,u_dut/slot_state_reg,u_dut/lfnst_grid_reg,5,0.432000000,1.406000000,1.838000000,0.764961915,SLICE_X57Y85,SLICE_X65Y60,FDCE,FDCE,FDCE->FDCE|logic_levels=5
u_dut/lfnst_grid_reg[37][15]/D,u_dut/slot_state_reg[1][2]/C,-0.045000000,DUT_INTERNAL,u_dut/slot_state_reg,u_dut/lfnst_grid_reg,4,0.407000000,1.538000000,1.945000000,0.790745501,SLICE_X57Y85,SLICE_X63Y59,FDCE,FDCE,FDCE->FDCE|logic_levels=4
u_dut/lfnst_grid_reg[37][1]/CE,u_dut/slot_state_reg[1][2]/C,-0.035000000,DUT_INTERNAL,u_dut/slot_state_reg,u_dut/lfnst_grid_reg,5,0.432000000,1.406000000,1.838000000,0.764961915,SLICE_X57Y85,SLICE_X65Y60,FDCE,FDCE,FDCE->FDCE|logic_levels=5
u_dut/lfnst_grid_reg[37][2]/D,u_dut/kernel_run_q_reg_replica/C,-0.002000000,DUT_INTERNAL,u_dut/kernel_run_q_reg_replica,u_dut/lfnst_grid_reg,5,0.444000000,1.438000000,1.882000000,0.764080765,SLICE_X58Y87,SLICE_X63Y60,FDCE,FDCE,FDCE->FDCE|logic_levels=5
u_dut/lfnst_grid_reg[37][3]/CE,u_dut/slot_state_reg[1][2]/C,-0.035000000,DUT_INTERNAL,u_dut/slot_state_reg,u_dut/lfnst_grid_reg,5,0.432000000,1.406000000,1.838000000,0.764961915,SLICE_X57Y85,SLICE_X65Y60,FDCE,FDCE,FDCE->FDCE|logic_levels=5
u_dut/lfnst_grid_reg[37][5]/D,u_dut/kernel_run_q_reg_replica/C,-0.007000000,DUT_INTERNAL,u_dut/kernel_run_q_reg_replica,u_dut/lfnst_grid_reg,5,0.395000000,1.530000000,1.925000000,0.794805195,SLICE_X58Y87,SLICE_X62Y61,FDCE,FDCE,FDCE->FDCE|logic_levels=5
u_dut/lfnst_grid_reg[37][6]/D,u_dut/kernel_run_q_reg_replica/C,-0.002000000,DUT_INTERNAL,u_dut/kernel_run_q_reg_replica,u_dut/lfnst_grid_reg,5,0.493000000,1.387000000,1.880000000,0.737765957,SLICE_X58Y87,SLICE_X63Y61,FDCE,FDCE,FDCE->FDCE|logic_levels=5
u_dut/lfnst_grid_reg[37][9]/CE,u_dut/slot_state_reg[1][2]/C,-0.035000000,DUT_INTERNAL,u_dut/slot_state_reg,u_dut/lfnst_grid_reg,5,0.432000000,1.406000000,1.838000000,0.764961915,SLICE_X57Y85,SLICE_X65Y60,FDCE,FDCE,FDCE->FDCE|logic_levels=5
u_dut/lfnst_grid_reg[3][13]/CE,u_dut/slot_state_reg[1][2]/C,-0.020000000,DUT_INTERNAL,u_dut/slot_state_reg,u_dut/lfnst_grid_reg,4,0.489000000,1.341000000,1.830000000,0.732786885,SLICE_X57Y85,SLICE_X65Y70,FDCE,FDCE,FDCE->FDCE|logic_levels=4
u_dut/lfnst_grid_reg[3][15]/CE,u_dut/slot_state_reg[1][2]/C,-0.011000000,DUT_INTERNAL,u_dut/slot_state_reg,u_dut/lfnst_grid_reg,4,0.489000000,1.327000000,1.816000000,0.730726872,SLICE_X57Y85,SLICE_X63Y73,FDCE,FDCE,FDCE->FDCE|logic_levels=4
u_dut/lfnst_grid_reg[3][1]/CE,u_dut/slot_state_reg[1][2]/C,-0.020000000,DUT_INTERNAL,u_dut/slot_state_reg,u_dut/lfnst_grid_reg,4,0.489000000,1.341000000,1.830000000,0.732786885,SLICE_X57Y85,SLICE_X64Y70,FDCE,FDCE,FDCE->FDCE|logic_levels=4
u_dut/lfnst_grid_reg[3][9]/CE,u_dut/slot_state_reg[1][2]/C,-0.020000000,DUT_INTERNAL,u_dut/slot_state_reg,u_dut/lfnst_grid_reg,4,0.489000000,1.341000000,1.830000000,0.732786885,SLICE_X57Y85,SLICE_X65Y70,FDCE,FDCE,FDCE->FDCE|logic_levels=4
u_dut/lfnst_grid_reg[43][14]/CE,u_dut/slot_state_reg[1][2]/C,-0.038000000,DUT_INTERNAL,u_dut/slot_state_reg,u_dut/lfnst_grid_reg,5,0.467000000,1.391000000,1.858000000,0.748654467,SLICE_X57Y85,SLICE_X62Y60,FDCE,FDCE,FDCE->FDCE|logic_levels=5
u_dut/lfnst_grid_reg[43][15]/CE,u_dut/slot_state_reg[1][2]/C,-0.038000000,DUT_INTERNAL,u_dut/slot_state_reg,u_dut/lfnst_grid_reg,5,0.467000000,1.391000000,1.858000000,0.748654467,SLICE_X57Y85,SLICE_X62Y60,FDCE,FDCE,FDCE->FDCE|logic_levels=5
u_dut/lfnst_grid_reg[43][4]/CE,u_dut/slot_state_reg[1][2]/C,-0.005000000,DUT_INTERNAL,u_dut/slot_state_reg,u_dut/lfnst_grid_reg,5,0.467000000,1.353000000,1.820000000,0.743406593,SLICE_X57Y85,SLICE_X62Y61,FDCE,FDCE,FDCE->FDCE|logic_levels=5
u_dut/lfnst_grid_reg[43][9]/CE,u_dut/slot_state_reg[1][2]/C,-0.038000000,DUT_INTERNAL,u_dut/slot_state_reg,u_dut/lfnst_grid_reg,5,0.467000000,1.391000000,1.858000000,0.748654467,SLICE_X57Y85,SLICE_X62Y60,FDCE,FDCE,FDCE->FDCE|logic_levels=5
u_dut/lfnst_grid_reg[4][10]/CE,u_dut/lfnst_ntrs48_q_reg_rep__3/C,-0.018000000,DUT_INTERNAL,u_dut/lfnst_ntrs48_q_reg_rep__3,u_dut/lfnst_grid_reg,2,0.206000000,1.605000000,1.811000000,0.886250690,SLICE_X57Y73,SLICE_X65Y65,FDCE,FDCE,FDCE->FDCE|logic_levels=2
u_dut/lfnst_grid_reg[4][12]/CE,u_dut/lfnst_ntrs48_q_reg_rep__3/C,-0.014000000,DUT_INTERNAL,u_dut/lfnst_ntrs48_q_reg_rep__3,u_dut/lfnst_grid_reg,2,0.206000000,1.597000000,1.803000000,0.885745979,SLICE_X57Y73,SLICE_X66Y64,FDCE,FDCE,FDCE->FDCE|logic_levels=2
u_dut/lfnst_grid_reg[4][3]/CE,u_dut/lfnst_ntrs48_q_reg_rep__3/C,-0.014000000,DUT_INTERNAL,u_dut/lfnst_ntrs48_q_reg_rep__3,u_dut/lfnst_grid_reg,2,0.206000000,1.597000000,1.803000000,0.885745979,SLICE_X57Y73,SLICE_X66Y64,FDCE,FDCE,FDCE->FDCE|logic_levels=2
u_dut/lfnst_grid_reg[4][5]/CE,u_dut/lfnst_ntrs48_q_reg_rep__3/C,-0.018000000,DUT_INTERNAL,u_dut/lfnst_ntrs48_q_reg_rep__3,u_dut/lfnst_grid_reg,2,0.206000000,1.605000000,1.811000000,0.886250690,SLICE_X57Y73,SLICE_X65Y65,FDCE,FDCE,FDCE->FDCE|logic_levels=2
u_dut/lfnst_grid_reg[4][6]/CE,u_dut/lfnst_ntrs48_q_reg_rep__3/C,-0.018000000,DUT_INTERNAL,u_dut/lfnst_ntrs48_q_reg_rep__3,u_dut/lfnst_grid_reg,2,0.206000000,1.605000000,1.811000000,0.886250690,SLICE_X57Y73,SLICE_X65Y65,FDCE,FDCE,FDCE->FDCE|logic_levels=2
u_dut/lfnst_grid_reg[4][8]/CE,u_dut/lfnst_ntrs48_q_reg_rep__3/C,-0.031000000,DUT_INTERNAL,u_dut/lfnst_ntrs48_q_reg_rep__3,u_dut/lfnst_grid_reg,2,0.206000000,1.608000000,1.814000000,0.886438809,SLICE_X57Y73,SLICE_X68Y69,FDCE,FDCE,FDCE->FDCE|logic_levels=2
u_dut/lfnst_grid_reg[4][9]/CE,u_dut/lfnst_ntrs48_q_reg_rep__3/C,-0.018000000,DUT_INTERNAL,u_dut/lfnst_ntrs48_q_reg_rep__3,u_dut/lfnst_grid_reg,2,0.206000000,1.605000000,1.811000000,0.886250690,SLICE_X57Y73,SLICE_X65Y65,FDCE,FDCE,FDCE->FDCE|logic_levels=2
u_dut/lfnst_grid_reg[54][9]/D,u_dut/slot_state_reg[1][2]/C,-0.009000000,DUT_INTERNAL,u_dut/slot_state_reg,u_dut/lfnst_grid_reg,4,0.506000000,1.407000000,1.913000000,0.735493988,SLICE_X57Y85,SLICE_X62Y66,FDCE,FDCE,FDCE->FDCE|logic_levels=4
u_dut/lfnst_grid_reg[55][14]/CE,u_dut/slot_state_reg[1][2]/C,-0.012000000,DUT_INTERNAL,u_dut/slot_state_reg,u_dut/lfnst_grid_reg,4,0.440000000,1.391000000,1.831000000,0.759694156,SLICE_X57Y85,SLICE_X62Y62,FDCE,FDCE,FDCE->FDCE|logic_levels=4
u_dut/lfnst_grid_reg[57][12]/CE,u_dut/slot_state_reg[1][2]/C,-0.016000000,DUT_INTERNAL,u_dut/slot_state_reg,u_dut/lfnst_grid_reg,5,0.469000000,1.358000000,1.827000000,0.743295019,SLICE_X57Y85,SLICE_X61Y63,FDCE,FDCE,FDCE->FDCE|logic_levels=5
u_dut/lfnst_grid_reg[57][13]/D,u_dut/scrub_active_reg_replica/C,-0.008000000,DUT_INTERNAL,u_dut/scrub_active_reg_replica,u_dut/lfnst_grid_reg,4,0.488000000,1.411000000,1.899000000,0.743022643,SLICE_X57Y86,SLICE_X59Y67,FDCE,FDCE,FDCE->FDCE|logic_levels=4
u_dut/lfnst_grid_reg[57][3]/CE,u_dut/slot_state_reg[1][2]/C,-0.016000000,DUT_INTERNAL,u_dut/slot_state_reg,u_dut/lfnst_grid_reg,5,0.469000000,1.358000000,1.827000000,0.743295019,SLICE_X57Y85,SLICE_X61Y63,FDCE,FDCE,FDCE->FDCE|logic_levels=5
u_dut/lfnst_grid_reg[57][4]/D,u_dut/slot_state_reg[1][2]/C,-0.004000000,DUT_INTERNAL,u_dut/slot_state_reg,u_dut/lfnst_grid_reg,4,0.444000000,1.462000000,1.906000000,0.767051417,SLICE_X57Y85,SLICE_X59Y68,FDCE,FDCE,FDCE->FDCE|logic_levels=4
u_dut/lfnst_grid_reg[57][6]/CE,u_dut/slot_state_reg[1][2]/C,-0.016000000,DUT_INTERNAL,u_dut/slot_state_reg,u_dut/lfnst_grid_reg,5,0.469000000,1.358000000,1.827000000,0.743295019,SLICE_X57Y85,SLICE_X61Y63,FDCE,FDCE,FDCE->FDCE|logic_levels=5
u_dut/lfnst_grid_reg[57][8]/CE,u_dut/slot_state_reg[1][2]/C,-0.016000000,DUT_INTERNAL,u_dut/slot_state_reg,u_dut/lfnst_grid_reg,5,0.469000000,1.358000000,1.827000000,0.743295019,SLICE_X57Y85,SLICE_X61Y63,FDCE,FDCE,FDCE->FDCE|logic_levels=5
u_dut/lfnst_grid_reg[57][9]/CE,u_dut/slot_state_reg[1][2]/C,-0.025000000,DUT_INTERNAL,u_dut/slot_state_reg,u_dut/lfnst_grid_reg,5,0.469000000,1.325000000,1.794000000,0.738573021,SLICE_X57Y85,SLICE_X65Y59,FDCE,FDCE,FDCE->FDCE|logic_levels=5
u_dut/lfnst_grid_reg[59][7]/CE,u_dut/slot_state_reg[1][2]/C,-0.002000000,DUT_INTERNAL,u_dut/slot_state_reg,u_dut/lfnst_grid_reg,4,0.432000000,1.377000000,1.809000000,0.761194030,SLICE_X57Y85,SLICE_X66Y63,FDCE,FDCE,FDCE->FDCE|logic_levels=4
u_dut/lfnst_grid_reg[59][8]/CE,u_dut/slot_state_reg[1][2]/C,-0.002000000,DUT_INTERNAL,u_dut/slot_state_reg,u_dut/lfnst_grid_reg,4,0.432000000,1.377000000,1.809000000,0.761194030,SLICE_X57Y85,SLICE_X66Y63,FDCE,FDCE,FDCE->FDCE|logic_levels=4
u_dut/lfnst_grid_reg[5][12]/CE,u_dut/slot_state_reg[1][2]/C,-0.039000000,DUT_INTERNAL,u_dut/slot_state_reg,u_dut/lfnst_grid_reg,5,0.543000000,1.302000000,1.845000000,0.705691057,SLICE_X57Y85,SLICE_X66Y66,FDCE,FDCE,FDCE->FDCE|logic_levels=5
u_dut/lfnst_grid_reg[5][14]/CE,u_dut/slot_state_reg[1][2]/C,-0.031000000,DUT_INTERNAL,u_dut/slot_state_reg,u_dut/lfnst_grid_reg,5,0.543000000,1.338000000,1.881000000,0.711323764,SLICE_X57Y85,SLICE_X62Y65,FDCE,FDCE,FDCE->FDCE|logic_levels=5
u_dut/lfnst_grid_reg[5][15]/CE,u_dut/slot_state_reg[1][2]/C,-0.012000000,DUT_INTERNAL,u_dut/slot_state_reg,u_dut/lfnst_grid_reg,5,0.543000000,1.282000000,1.825000000,0.702465753,SLICE_X57Y85,SLICE_X63Y68,FDCE,FDCE,FDCE->FDCE|logic_levels=5
u_dut/lfnst_grid_reg[5][1]/CE,u_dut/slot_state_reg[1][2]/C,-0.039000000,DUT_INTERNAL,u_dut/slot_state_reg,u_dut/lfnst_grid_reg,5,0.543000000,1.302000000,1.845000000,0.705691057,SLICE_X57Y85,SLICE_X66Y66,FDCE,FDCE,FDCE->FDCE|logic_levels=5
u_dut/lfnst_grid_reg[5][4]/CE,u_dut/slot_state_reg[1][2]/C,-0.019000000,DUT_INTERNAL,u_dut/slot_state_reg,u_dut/lfnst_grid_reg,5,0.543000000,1.279000000,1.822000000,0.701975851,SLICE_X57Y85,SLICE_X68Y70,FDCE,FDCE,FDCE->FDCE|logic_levels=5
u_dut/lfnst_grid_reg[5][7]/CE,u_dut/slot_state_reg[1][2]/C,-0.025000000,DUT_INTERNAL,u_dut/slot_state_reg,u_dut/lfnst_grid_reg,5,0.543000000,1.293000000,1.836000000,0.704248366,SLICE_X57Y85,SLICE_X65Y67,FDCE,FDCE,FDCE->FDCE|logic_levels=5
u_dut/lfnst_grid_reg[5][9]/CE,u_dut/slot_state_reg[1][2]/C,-0.031000000,DUT_INTERNAL,u_dut/slot_state_reg,u_dut/lfnst_grid_reg,5,0.543000000,1.338000000,1.881000000,0.711323764,SLICE_X57Y85,SLICE_X62Y65,FDCE,FDCE,FDCE->FDCE|logic_levels=5
u_dut/lfnst_grid_reg[63][9]/D,u_dut/slot_state_reg[1][2]/C,-0.017000000,DUT_INTERNAL,u_dut/slot_state_reg,u_dut/lfnst_grid_reg,4,0.506000000,1.416000000,1.922000000,0.736732570,SLICE_X57Y85,SLICE_X62Y60,FDCE,FDCE,FDCE->FDCE|logic_levels=4
u_dut/lfnst_grid_reg[6][1]/CE,u_dut/kernel_run_q_reg_replica/C,-0.023000000,DUT_INTERNAL,u_dut/kernel_run_q_reg_replica,u_dut/lfnst_grid_reg,5,0.390000000,1.424000000,1.814000000,0.785005513,SLICE_X58Y87,SLICE_X65Y71,FDCE,FDCE,FDCE->FDCE|logic_levels=5
u_dut/lfnst_grid_reg[7][11]/CE,u_dut/slot_state_reg[1][2]/C,-0.023000000,DUT_INTERNAL,u_dut/slot_state_reg,u_dut/lfnst_grid_reg,4,0.490000000,1.345000000,1.835000000,0.732970027,SLICE_X57Y85,SLICE_X64Y69,FDCE,FDCE,FDCE->FDCE|logic_levels=4
u_dut/lfnst_grid_reg[7][8]/CE,u_dut/slot_state_reg[1][2]/C,-0.023000000,DUT_INTERNAL,u_dut/slot_state_reg,u_dut/lfnst_grid_reg,4,0.490000000,1.345000000,1.835000000,0.732970027,SLICE_X57Y85,SLICE_X64Y69,FDCE,FDCE,FDCE->FDCE|logic_levels=4
u_dut/lfnst_grid_reg[8][9]/D,u_dut/slot_state_reg[1][2]/C,-0.016000000,DUT_INTERNAL,u_dut/slot_state_reg,u_dut/lfnst_grid_reg,4,0.481000000,1.430000000,1.911000000,0.748299320,SLICE_X57Y85,SLICE_X63Y65,FDCE,FDCE,FDCE->FDCE|logic_levels=4
u_dut/lfnst_grid_valid_reg[25]/D,u_dut/lfnst_mem_resp_is_tail_q_reg/C,-0.013000000,DUT_INTERNAL,u_dut/lfnst_mem_resp_is_tail_q_reg,u_dut/lfnst_grid_valid_reg,3,0.327000000,1.644000000,1.971000000,0.834094368,SLICE_X60Y65,SLICE_X55Y81,FDCE,FDCE,FDCE->FDCE|logic_levels=3
u_dut/lfnst_mem_req_valid_q_reg/D,u_dut/lfnst_gather_q_reg/C,-0.015000000,DUT_INTERNAL,u_dut/lfnst_gather_q_reg,u_dut/lfnst_mem_req_valid_q_reg,6,0.747000000,1.252000000,1.999000000,0.626313157,SLICE_X62Y85,SLICE_X60Y83,FDCE,FDCE,FDCE->FDCE|logic_levels=6
u_dut/lfnst_mem_resp_data_q_reg[0]/D,u_dut/rd_cmd_addr_q_reg[1][1][0]/C,-0.022000000,DUT_INTERNAL,u_dut/rd_cmd_addr_q_reg,u_dut/lfnst_mem_resp_data_q_reg,6,0.619000000,1.294000000,1.913000000,0.676424464,SLICE_X52Y90,SLICE_X64Y82,FDCE,FDCE,FDCE->FDCE|logic_levels=6
u_dut/lfnst_mem_resp_data_q_reg[10]/D,u_dut/rd_cmd_addr_q_reg[1][0][2]_replica_1/C,-0.037000000,DUT_INTERNAL,u_dut/rd_cmd_addr_q_reg_replica_1,u_dut/lfnst_mem_resp_data_q_reg,6,0.567000000,1.299000000,1.866000000,0.696141479,SLICE_X53Y92,SLICE_X64Y83,FDCE,FDCE,FDCE->FDCE|logic_levels=6
u_dut/lfnst_mem_resp_data_q_reg[11]/D,u_dut/rd_cmd_addr_q_reg[0][2][0]/C,-0.020000000,DUT_INTERNAL,u_dut/rd_cmd_addr_q_reg,u_dut/lfnst_mem_resp_data_q_reg,6,0.529000000,1.388000000,1.917000000,0.724047992,SLICE_X56Y77,SLICE_X64Y84,FDCE,FDCE,FDCE->FDCE|logic_levels=6
u_dut/lfnst_mem_resp_data_q_reg[13]/D,u_dut/rd_cmd_addr_q_reg[0][2][0]/C,-0.009000000,DUT_INTERNAL,u_dut/rd_cmd_addr_q_reg,u_dut/lfnst_mem_resp_data_q_reg,6,0.558000000,1.356000000,1.914000000,0.708463950,SLICE_X56Y77,SLICE_X64Y78,FDCE,FDCE,FDCE->FDCE|logic_levels=6
u_dut/lfnst_mem_resp_data_q_reg[1]/D,u_dut/rd_cmd_addr_q_reg[1][2][0]/C,-0.016000000,DUT_INTERNAL,u_dut/rd_cmd_addr_q_reg,u_dut/lfnst_mem_resp_data_q_reg,6,0.544000000,1.367000000,1.911000000,0.715332287,SLICE_X61Y82,SLICE_X64Y78,FDCE,FDCE,FDCE->FDCE|logic_levels=6
u_dut/lfnst_mem_resp_data_q_reg[4]/D,u_dut/rd_cmd_addr_q_reg[1][0][3]/C,-0.031000000,DUT_INTERNAL,u_dut/rd_cmd_addr_q_reg,u_dut/lfnst_mem_resp_data_q_reg,6,0.488000000,1.431000000,1.919000000,0.745700886,SLICE_X63Y93,SLICE_X60Y78,FDCE,FDCE,FDCE->FDCE|logic_levels=6
u_dut/lfnst_mem_resp_data_q_reg[5]/D,u_dut/rd_cmd_addr_q_reg[1][0][1]_replica_4/C,-0.007000000,DUT_INTERNAL,u_dut/rd_cmd_addr_q_reg_replica_4,u_dut/lfnst_mem_resp_data_q_reg,6,0.597000000,1.281000000,1.878000000,0.682108626,SLICE_X54Y85,SLICE_X64Y79,FDCE,FDCE,FDCE->FDCE|logic_levels=6
u_dut/lfnst_mem_resp_data_q_reg[6]/D,u_dut/rd_cmd_addr_q_reg[1][2][0]/C,-0.033000000,DUT_INTERNAL,u_dut/rd_cmd_addr_q_reg,u_dut/lfnst_mem_resp_data_q_reg,6,0.620000000,1.347000000,1.967000000,0.684799187,SLICE_X61Y82,SLICE_X64Y81,FDCE,FDCE,FDCE->FDCE|logic_levels=6
u_dut/lfnst_mem_resp_data_q_reg[7]/D,u_dut/rd_cmd_addr_q_reg[1][0][0]/C,-0.024000000,DUT_INTERNAL,u_dut/rd_cmd_addr_q_reg,u_dut/lfnst_mem_resp_data_q_reg,6,0.475000000,1.469000000,1.944000000,0.755658436,SLICE_X65Y72,SLICE_X64Y78,FDCE,FDCE,FDCE->FDCE|logic_levels=6
u_dut/lfnst_mem_resp_data_q_reg[8]/D,u_dut/rd_cmd_addr_q_reg[1][2][0]/C,-0.027000000,DUT_INTERNAL,u_dut/rd_cmd_addr_q_reg,u_dut/lfnst_mem_resp_data_q_reg,6,0.597000000,1.345000000,1.942000000,0.692584964,SLICE_X61Y82,SLICE_X62Y72,FDCE,FDCE,FDCE->FDCE|logic_levels=6
u_dut/lfnst_mem_resp_valid_q_reg/D,u_dut/rd_cmd_addr_q_reg[0][0][0]/C,-0.029000000,DUT_INTERNAL,u_dut/rd_cmd_addr_q_reg,u_dut/lfnst_mem_resp_valid_q_reg,6,0.600000000,1.293000000,1.893000000,0.683042789,SLICE_X57Y77,SLICE_X63Y83,FDCE,FDCE,FDCE->FDCE|logic_levels=6
u_dut/lfnst_tail_index_q_reg[0]/CE,u_dut/u_unified_p4_kernel/slot_state_q_reg[0][1]/C,-0.031000000,DUT_INTERNAL,u_dut/u_unified_p4_kernel/slot_state_q_reg,u_dut/lfnst_tail_index_q_reg,7,0.656000000,1.208000000,1.864000000,0.648068670,SLICE_X65Y102,SLICE_X62Y86,FDCE,FDCE,FDCE->FDCE|logic_levels=7
u_dut/lfnst_tail_index_q_reg[1]/CE,u_dut/u_unified_p4_kernel/slot_state_q_reg[0][1]/C,-0.032000000,DUT_INTERNAL,u_dut/u_unified_p4_kernel/slot_state_q_reg,u_dut/lfnst_tail_index_q_reg,7,0.656000000,1.172000000,1.828000000,0.641137856,SLICE_X65Y102,SLICE_X62Y86,FDCE,FDCE,FDCE->FDCE|logic_levels=7
u_dut/lfnst_tail_index_q_reg[2]/CE,u_dut/u_unified_p4_kernel/slot_state_q_reg[0][1]/C,-0.031000000,DUT_INTERNAL,u_dut/u_unified_p4_kernel/slot_state_q_reg,u_dut/lfnst_tail_index_q_reg,7,0.656000000,1.208000000,1.864000000,0.648068670,SLICE_X65Y102,SLICE_X62Y86,FDCE,FDCE,FDCE->FDCE|logic_levels=7
u_dut/lfnst_tail_index_q_reg[3]/CE,u_dut/u_unified_p4_kernel/slot_state_q_reg[0][1]/C,-0.032000000,DUT_INTERNAL,u_dut/u_unified_p4_kernel/slot_state_q_reg,u_dut/lfnst_tail_index_q_reg,7,0.656000000,1.172000000,1.828000000,0.641137856,SLICE_X65Y102,SLICE_X62Y86,FDCE,FDCE,FDCE->FDCE|logic_levels=7
u_dut/output_index_reg[0]_replica/D,u_dut/output_index_reg[10]/C,-0.008000000,DUT_INTERNAL,u_dut/output_index_reg,u_dut/output_index_reg_replica,5,0.479000000,1.423000000,1.902000000,0.748159832,SLICE_X59Y96,SLICE_X59Y132,FDCE,FDCE,FDCE->FDCE|logic_levels=5
u_dut/output_index_reg[0]_replica_3/D,u_dut/output_index_reg[10]/C,-0.021000000,DUT_INTERNAL,u_dut/output_index_reg,u_dut/output_index_reg_replica_3,5,0.479000000,1.440000000,1.919000000,0.750390829,SLICE_X59Y96,SLICE_X56Y133,FDCE,FDCE,FDCE->FDCE|logic_levels=5
u_dut/output_index_reg[0]_replica_6/CE,u_dut/slot_state_reg[1][0]/C,-0.001000000,DUT_INTERNAL,u_dut/slot_state_reg,u_dut/output_index_reg_replica_6,3,0.375000000,1.418000000,1.793000000,0.790853318,SLICE_X57Y86,SLICE_X63Y119,FDCE,FDCE,FDCE->FDCE|logic_levels=3
u_dut/output_index_reg[1]_replica_1/CE,u_dut/slot_state_reg[1][0]/C,-0.016000000,DUT_INTERNAL,u_dut/slot_state_reg,u_dut/output_index_reg_replica_1,3,0.375000000,1.420000000,1.795000000,0.791086351,SLICE_X57Y86,SLICE_X69Y121,FDCE,FDCE,FDCE->FDCE|logic_levels=3
u_dut/output_index_reg[1]_replica_1/D,u_dut/output_index_reg[10]/C,-0.008000000,DUT_INTERNAL,u_dut/output_index_reg,u_dut/output_index_reg_replica_1,5,0.479000000,1.405000000,1.884000000,0.745753715,SLICE_X59Y96,SLICE_X69Y121,FDCE,FDCE,FDCE->FDCE|logic_levels=5
u_dut/output_index_reg[3]_replica_6/CE,u_dut/slot_state_reg[1][0]/C,-0.016000000,DUT_INTERNAL,u_dut/slot_state_reg,u_dut/output_index_reg_replica_6,3,0.375000000,1.421000000,1.796000000,0.791202673,SLICE_X57Y86,SLICE_X69Y121,FDCE,FDCE,FDCE->FDCE|logic_levels=3
u_dut/output_index_reg[4]_replica_2/D,u_dut/output_index_reg[10]/C,-0.013000000,DUT_INTERNAL,u_dut/output_index_reg,u_dut/output_index_reg_replica_2,5,0.479000000,1.442000000,1.921000000,0.750650703,SLICE_X59Y96,SLICE_X58Y131,FDCE,FDCE,FDCE->FDCE|logic_levels=5
u_dut/output_index_reg[4]_replica_5/CE,u_dut/slot_state_reg[1][0]/C,-0.016000000,DUT_INTERNAL,u_dut/slot_state_reg,u_dut/output_index_reg_replica_5,3,0.375000000,1.420000000,1.795000000,0.791086351,SLICE_X57Y86,SLICE_X69Y121,FDCE,FDCE,FDCE->FDCE|logic_levels=3
u_dut/output_index_reg[4]_replica_6/D,u_dut/output_index_reg[10]/C,-0.009000000,DUT_INTERNAL,u_dut/output_index_reg,u_dut/output_index_reg_replica_6,5,0.479000000,1.423000000,1.902000000,0.748159832,SLICE_X59Y96,SLICE_X67Y111,FDCE,FDCE,FDCE->FDCE|logic_levels=5
u_dut/output_index_reg[5]_replica_5/CE,u_dut/slot_state_reg[1][0]/C,-0.003000000,DUT_INTERNAL,u_dut/slot_state_reg,u_dut/output_index_reg_replica_5,3,0.375000000,1.421000000,1.796000000,0.791202673,SLICE_X57Y86,SLICE_X66Y113,FDCE,FDCE,FDCE->FDCE|logic_levels=3
u_dut/output_index_reg[5]_replica_6/CE,u_dut/slot_state_reg[1][0]/C,-0.016000000,DUT_INTERNAL,u_dut/slot_state_reg,u_dut/output_index_reg_replica_6,3,0.375000000,1.421000000,1.796000000,0.791202673,SLICE_X57Y86,SLICE_X69Y121,FDCE,FDCE,FDCE->FDCE|logic_levels=3
u_dut/output_index_reg[5]_replica_6/D,u_dut/slot_state_reg[1][0]/C,-0.017000000,DUT_INTERNAL,u_dut/slot_state_reg,u_dut/output_index_reg_replica_6,3,0.373000000,1.508000000,1.881000000,0.801701223,SLICE_X57Y86,SLICE_X69Y121,FDCE,FDCE,FDCE->FDCE|logic_levels=3
u_dut/rd_cmd_addr_q_reg[0][0][2]_replica_1/CE,u_dut/u_unified_p4_kernel/slot_state_q_reg[0][1]/C,-0.004000000,DUT_INTERNAL,u_dut/u_unified_p4_kernel/slot_state_q_reg,u_dut/rd_cmd_addr_q_reg_replica_1,6,0.570000000,1.239000000,1.809000000,0.684908789,SLICE_X65Y102,SLICE_X60Y69,FDCE,FDCE,FDCE->FDCE|logic_levels=6
u_dut/rd_cmd_addr_q_reg[0][0][2]_replica_4/CE,u_dut/u_unified_p4_kernel/slot_state_q_reg[0][1]/C,-0.014000000,DUT_INTERNAL,u_dut/u_unified_p4_kernel/slot_state_q_reg,u_dut/rd_cmd_addr_q_reg_replica_4,6,0.570000000,1.261000000,1.831000000,0.688694702,SLICE_X65Y102,SLICE_X56Y77,FDCE,FDCE,FDCE->FDCE|logic_levels=6
u_dut/rd_cmd_addr_q_reg[0][2][0]/CE,u_dut/u_unified_p4_kernel/slot_state_q_reg[0][1]/C,-0.014000000,DUT_INTERNAL,u_dut/u_unified_p4_kernel/slot_state_q_reg,u_dut/rd_cmd_addr_q_reg,6,0.570000000,1.261000000,1.831000000,0.688694702,SLICE_X65Y102,SLICE_X56Y77,FDCE,FDCE,FDCE->FDCE|logic_levels=6
u_dut/rd_cmd_addr_q_reg[0][2][5]/CE,u_dut/u_unified_p4_kernel/slot_state_q_reg[0][1]/C,-0.007000000,DUT_INTERNAL,u_dut/u_unified_p4_kernel/slot_state_q_reg,u_dut/rd_cmd_addr_q_reg,6,0.570000000,1.246000000,1.816000000,0.686123348,SLICE_X65Y102,SLICE_X63Y65,FDCE,FDCE,FDCE->FDCE|logic_levels=6
u_dut/rd_cmd_addr_q_reg[1][3][0]/CE,u_dut/u_unified_p4_kernel/slot_state_q_reg[0][1]/C,-0.028000000,DUT_INTERNAL,u_dut/u_unified_p4_kernel/slot_state_q_reg,u_dut/rd_cmd_addr_q_reg,6,0.570000000,1.226000000,1.796000000,0.682628062,SLICE_X65Y102,SLICE_X73Y83,FDCE,FDCE,FDCE->FDCE|logic_levels=6
u_dut/slot_state_reg[1][1]/CE,u_dut/output_index_reg[10]/C,-0.003000000,DUT_INTERNAL,u_dut/output_index_reg,u_dut/slot_state_reg,5,0.495000000,1.313000000,1.808000000,0.726216814,SLICE_X59Y96,SLICE_X57Y87,FDCE,FDCE,FDCE->FDCE|logic_levels=5
u_dut/u_unified_p4_kernel/ingress_data_q_reg[10]/D,u_dut/kernel_vector_q_reg[0]_rep__0/C,-0.021000000,DUT_INTERNAL,u_dut/kernel_vector_q_reg_rep__0,u_dut/u_unified_p4_kernel/ingress_data_q_reg,5,0.486000000,1.411000000,1.897000000,0.743806009,SLICE_X57Y78,SLICE_X62Y95,FDCE,FDRE,FDCE->FDRE|logic_levels=5
u_dut/u_unified_p4_kernel/ingress_data_q_reg[15]/D,u_dut/kernel_feed_group_q_reg[0]/C,-0.010000000,DUT_INTERNAL,u_dut/kernel_feed_group_q_reg,u_dut/u_unified_p4_kernel/ingress_data_q_reg,5,0.572000000,1.384000000,1.956000000,0.707566462,SLICE_X60Y102,SLICE_X61Y93,FDCE,FDRE,FDCE->FDRE|logic_levels=5
u_dut/u_unified_p4_kernel/ingress_data_q_reg[17]/D,u_dut/lfnst_grid_reg[29][1]/C,-0.013000000,DUT_INTERNAL,u_dut/lfnst_grid_reg,u_dut/u_unified_p4_kernel/ingress_data_q_reg,5,0.541000000,1.418000000,1.959000000,0.723838693,SLICE_X69Y75,SLICE_X62Y96,FDCE,FDRE,FDCE->FDRE|logic_levels=5
u_dut/u_unified_p4_kernel/ingress_data_q_reg[18]/D,u_dut/kernel_cut_h_q_reg[2]/C,-0.041000000,DUT_INTERNAL,u_dut/kernel_cut_h_q_reg,u_dut/u_unified_p4_kernel/ingress_data_q_reg,5,0.701000000,1.213000000,1.914000000,0.633751306,SLICE_X58Y93,SLICE_X60Y100,FDCE,FDRE,FDCE->FDRE|logic_levels=5
u_dut/u_unified_p4_kernel/ingress_data_q_reg[19]/D,u_dut/kernel_vector_q_reg[1]_rep__0/C,-0.030000000,DUT_INTERNAL,u_dut/kernel_vector_q_reg_rep__0,u_dut/u_unified_p4_kernel/ingress_data_q_reg,5,0.518000000,1.423000000,1.941000000,0.733127254,SLICE_X57Y78,SLICE_X60Y97,FDCE,FDRE,FDCE->FDRE|logic_levels=5
u_dut/u_unified_p4_kernel/ingress_data_q_reg[20]/D,u_dut/kernel_feed_group_q_reg[3]/C,-0.002000000,DUT_INTERNAL,u_dut/kernel_feed_group_q_reg,u_dut/u_unified_p4_kernel/ingress_data_q_reg,5,0.629000000,1.319000000,1.948000000,0.677104723,SLICE_X60Y103,SLICE_X61Y93,FDCE,FDRE,FDCE->FDRE|logic_levels=5
u_dut/u_unified_p4_kernel/ingress_data_q_reg[23]/D,u_dut/kernel_feed_group_q_reg[3]/C,-0.013000000,DUT_INTERNAL,u_dut/kernel_feed_group_q_reg,u_dut/u_unified_p4_kernel/ingress_data_q_reg,5,0.692000000,1.220000000,1.912000000,0.638075314,SLICE_X60Y103,SLICE_X65Y97,FDCE,FDRE,FDCE->FDRE|logic_levels=5
u_dut/u_unified_p4_kernel/ingress_data_q_reg[25]/D,u_dut/kernel_vector_q_reg[0]_rep__0/C,-0.021000000,DUT_INTERNAL,u_dut/kernel_vector_q_reg_rep__0,u_dut/u_unified_p4_kernel/ingress_data_q_reg,5,0.487000000,1.405000000,1.892000000,0.742600423,SLICE_X57Y78,SLICE_X65Y95,FDCE,FDRE,FDCE->FDRE|logic_levels=5
u_dut/u_unified_p4_kernel/ingress_data_q_reg[30]/D,u_dut/kernel_vector_q_reg[2]/C,-0.004000000,DUT_INTERNAL,u_dut/kernel_vector_q_reg,u_dut/u_unified_p4_kernel/ingress_data_q_reg,4,0.343000000,1.505000000,1.848000000,0.814393939,SLICE_X58Y81,SLICE_X63Y100,FDCE,FDRE,FDCE->FDRE|logic_levels=4
u_dut/u_unified_p4_kernel/ingress_data_q_reg[32]/D,u_dut/kernel_feed_group_q_reg[0]/C,-0.031000000,DUT_INTERNAL,u_dut/kernel_feed_group_q_reg,u_dut/u_unified_p4_kernel/ingress_data_q_reg,5,0.599000000,1.336000000,1.935000000,0.690439276,SLICE_X60Y102,SLICE_X64Y83,FDCE,FDRE,FDCE->FDRE|logic_levels=5
u_dut/u_unified_p4_kernel/ingress_data_q_reg[34]/D,u_dut/kernel_vector_q_reg[0]_rep__0/C,-0.022000000,DUT_INTERNAL,u_dut/kernel_vector_q_reg_rep__0,u_dut/u_unified_p4_kernel/ingress_data_q_reg,5,0.476000000,1.421000000,1.897000000,0.749077491,SLICE_X57Y78,SLICE_X62Y95,FDCE,FDRE,FDCE->FDRE|logic_levels=5
u_dut/u_unified_p4_kernel/ingress_data_q_reg[35]/D,u_dut/lfnst_grid_reg[5][3]/C,-0.024000000,DUT_INTERNAL,u_dut/lfnst_grid_reg,u_dut/u_unified_p4_kernel/ingress_data_q_reg,5,0.441000000,1.427000000,1.868000000,0.763918630,SLICE_X59Y65,SLICE_X60Y92,FDCE,FDRE,FDCE->FDRE|logic_levels=5
u_dut/u_unified_p4_kernel/ingress_data_q_reg[39]/D,u_dut/lfnst_grid_valid_reg[1]/C,-0.024000000,DUT_INTERNAL,u_dut/lfnst_grid_valid_reg,u_dut/u_unified_p4_kernel/ingress_data_q_reg,6,0.495000000,1.424000000,1.919000000,0.742053153,SLICE_X57Y80,SLICE_X64Y95,FDCE,FDRE,FDCE->FDRE|logic_levels=6
u_dut/u_unified_p4_kernel/ingress_data_q_reg[40]/D,u_dut/lfnst_grid_valid_reg[1]/C,-0.040000000,DUT_INTERNAL,u_dut/lfnst_grid_valid_reg,u_dut/u_unified_p4_kernel/ingress_data_q_reg,6,0.519000000,1.413000000,1.932000000,0.731366460,SLICE_X57Y80,SLICE_X63Y96,FDCE,FDRE,FDCE->FDRE|logic_levels=6
u_dut/u_unified_p4_kernel/ingress_data_q_reg[43]/D,u_dut/lfnst_grid_valid_reg[1]/C,-0.011000000,DUT_INTERNAL,u_dut/lfnst_grid_valid_reg,u_dut/u_unified_p4_kernel/ingress_data_q_reg,6,0.440000000,1.472000000,1.912000000,0.769874477,SLICE_X57Y80,SLICE_X59Y94,FDCE,FDRE,FDCE->FDRE|logic_levels=6
u_dut/u_unified_p4_kernel/ingress_data_q_reg[46]/D,u_dut/lfnst_grid_valid_reg[1]/C,-0.010000000,DUT_INTERNAL,u_dut/lfnst_grid_valid_reg,u_dut/u_unified_p4_kernel/ingress_data_q_reg,6,0.542000000,1.461000000,2.003000000,0.729405891,SLICE_X57Y80,SLICE_X65Y96,FDCE,FDRE,FDCE->FDRE|logic_levels=6
u_dut/u_unified_p4_kernel/ingress_data_q_reg[48]/D,u_dut/kernel_h_rd_raw_group_q_reg[2]/C,-0.020000000,DUT_INTERNAL,u_dut/kernel_h_rd_raw_group_q_reg,u_dut/u_unified_p4_kernel/ingress_data_q_reg,7,0.731000000,1.156000000,1.887000000,0.612612613,SLICE_X59Y101,SLICE_X62Y92,FDCE,FDRE,FDCE->FDRE|logic_levels=7
u_dut/u_unified_p4_kernel/ingress_data_q_reg[51]/D,u_dut/kernel_vector_q_reg[1]_rep__0/C,-0.015000000,DUT_INTERNAL,u_dut/kernel_vector_q_reg_rep__0,u_dut/u_unified_p4_kernel/ingress_data_q_reg,5,0.456000000,1.431000000,1.887000000,0.758346582,SLICE_X57Y78,SLICE_X65Y95,FDCE,FDRE,FDCE->FDRE|logic_levels=5
u_dut/u_unified_p4_kernel/ingress_data_q_reg[54]/D,u_dut/kernel_vector_q_reg[1]_rep__0/C,-0.001000000,DUT_INTERNAL,u_dut/kernel_vector_q_reg_rep__0,u_dut/u_unified_p4_kernel/ingress_data_q_reg,5,0.527000000,1.388000000,1.915000000,0.724804178,SLICE_X57Y78,SLICE_X61Y94,FDCE,FDRE,FDCE->FDRE|logic_levels=5
u_dut/u_unified_p4_kernel/ingress_data_q_reg[57]/D,u_dut/kernel_vector_q_reg[0]_rep__0/C,-0.025000000,DUT_INTERNAL,u_dut/kernel_vector_q_reg_rep__0,u_dut/u_unified_p4_kernel/ingress_data_q_reg,5,0.399000000,1.493000000,1.892000000,0.789112051,SLICE_X57Y78,SLICE_X64Y98,FDCE,FDRE,FDCE->FDRE|logic_levels=5
u_dut/u_unified_p4_kernel/ingress_data_q_reg[5]/D,u_dut/kernel_vector_q_reg[2]/C,-0.005000000,DUT_INTERNAL,u_dut/kernel_vector_q_reg,u_dut/u_unified_p4_kernel/ingress_data_q_reg,4,0.404000000,1.476000000,1.880000000,0.785106383,SLICE_X58Y81,SLICE_X60Y91,FDCE,FDRE,FDCE->FDRE|logic_levels=4
u_dut/u_unified_p4_kernel/ingress_data_q_reg[60]/D,u_dut/kernel_vector_q_reg[0]_rep__1/C,-0.021000000,DUT_INTERNAL,u_dut/kernel_vector_q_reg_rep__1,u_dut/u_unified_p4_kernel/ingress_data_q_reg,5,0.397000000,1.492000000,1.889000000,0.789835892,SLICE_X58Y89,SLICE_X65Y94,FDCE,FDRE,FDCE->FDRE|logic_levels=5
u_dut/u_unified_p4_kernel/ingress_data_q_reg[62]/D,u_dut/kernel_vector_q_reg[2]/C,-0.004000000,DUT_INTERNAL,u_dut/kernel_vector_q_reg,u_dut/u_unified_p4_kernel/ingress_data_q_reg,4,0.315000000,1.522000000,1.837000000,0.828524769,SLICE_X58Y81,SLICE_X65Y90,FDCE,FDRE,FDCE->FDRE|logic_levels=4
u_dut/u_unified_p4_kernel/ingress_data_q_reg[7]/D,u_dut/lfnst_grid_reg[39][7]/C,-0.007000000,DUT_INTERNAL,u_dut/lfnst_grid_reg,u_dut/u_unified_p4_kernel/ingress_data_q_reg,5,0.498000000,1.291000000,1.789000000,0.721632197,SLICE_X53Y66,SLICE_X64Y94,FDCE,FDRE,FDCE->FDRE|logic_levels=5
u_dut/u_unified_p4_kernel/ingress_data_q_reg[9]/D,u_dut/kernel_vector_q_reg[0]_rep__2/C,-0.013000000,DUT_INTERNAL,u_dut/kernel_vector_q_reg_rep__2,u_dut/u_unified_p4_kernel/ingress_data_q_reg,5,0.430000000,1.449000000,1.879000000,0.771154870,SLICE_X59Y77,SLICE_X65Y95,FDCE,FDRE,FDCE->FDRE|logic_levels=5
u_dut/u_unified_p4_kernel/input_mem_reg[0][28][4]/D,u_dut/u_unified_p4_kernel/ingress_data_q_reg[4]/C,-0.005000000,DUT_INTERNAL,u_dut/u_unified_p4_kernel/ingress_data_q_reg,u_dut/u_unified_p4_kernel/input_mem_reg,0,0.079000000,1.783000000,1.862000000,0.957572503,SLICE_X60Y94,SLICE_X69Y134,FDRE,FDRE,FDRE->FDRE|logic_levels=0
u_dut/u_unified_p4_kernel/input_mem_reg[0][2][15]/D,u_dut/u_unified_p4_kernel/ingress_data_q_reg[47]/C,-0.012000000,DUT_INTERNAL,u_dut/u_unified_p4_kernel/ingress_data_q_reg,u_dut/u_unified_p4_kernel/input_mem_reg,0,0.079000000,1.749000000,1.828000000,0.956783370,SLICE_X60Y96,SLICE_X91Y112,FDRE,FDRE,FDRE->FDRE|logic_levels=0
u_dut/u_unified_p4_kernel/input_mem_reg[0][34][15]/D,u_dut/u_unified_p4_kernel/ingress_data_q_reg[47]/C,-0.007000000,DUT_INTERNAL,u_dut/u_unified_p4_kernel/ingress_data_q_reg,u_dut/u_unified_p4_kernel/input_mem_reg,0,0.079000000,1.732000000,1.811000000,0.956377692,SLICE_X60Y96,SLICE_X86Y133,FDRE,FDRE,FDRE->FDRE|logic_levels=0
u_dut/u_unified_p4_kernel/input_mem_reg[0][41][5]/D,u_dut/u_unified_p4_kernel/ingress_data_q_reg[21]/C,-0.005000000,DUT_INTERNAL,u_dut/u_unified_p4_kernel/ingress_data_q_reg,u_dut/u_unified_p4_kernel/input_mem_reg,0,0.079000000,1.672000000,1.751000000,0.954882924,SLICE_X60Y96,SLICE_X89Y141,FDRE,FDRE,FDRE->FDRE|logic_levels=0
u_dut/u_unified_p4_kernel/input_mem_reg[0][41][6]/D,u_dut/u_unified_p4_kernel/ingress_data_q_reg[22]/C,-0.014000000,DUT_INTERNAL,u_dut/u_unified_p4_kernel/ingress_data_q_reg,u_dut/u_unified_p4_kernel/input_mem_reg,0,0.079000000,1.748000000,1.827000000,0.956759715,SLICE_X60Y93,SLICE_X89Y142,FDRE,FDRE,FDRE->FDRE|logic_levels=0
u_dut/u_unified_p4_kernel/input_mem_reg[0][45][6]/D,u_dut/u_unified_p4_kernel/ingress_data_q_reg[22]/C,-0.010000000,DUT_INTERNAL,u_dut/u_unified_p4_kernel/ingress_data_q_reg,u_dut/u_unified_p4_kernel/input_mem_reg,0,0.079000000,1.732000000,1.811000000,0.956377692,SLICE_X60Y93,SLICE_X86Y144,FDRE,FDRE,FDRE->FDRE|logic_levels=0
u_dut/u_unified_p4_kernel/input_mem_reg[0][46][10]/D,u_dut/u_unified_p4_kernel/ingress_data_q_reg[42]/C,-0.013000000,DUT_INTERNAL,u_dut/u_unified_p4_kernel/ingress_data_q_reg,u_dut/u_unified_p4_kernel/input_mem_reg,0,0.078000000,1.732000000,1.810000000,0.956906077,SLICE_X61Y92,SLICE_X86Y144,FDRE,FDRE,FDRE->FDRE|logic_levels=0
u_dut/u_unified_p4_kernel/input_mem_reg[0][46][12]/D,u_dut/u_unified_p4_kernel/ingress_data_q_reg[44]/C,-0.004000000,DUT_INTERNAL,u_dut/u_unified_p4_kernel/ingress_data_q_reg,u_dut/u_unified_p4_kernel/input_mem_reg,0,0.078000000,1.724000000,1.802000000,0.956714761,SLICE_X62Y96,SLICE_X86Y144,FDRE,FDRE,FDRE->FDRE|logic_levels=0
u_dut/u_unified_p4_kernel/input_mem_reg[0][50][4]/D,u_dut/u_unified_p4_kernel/ingress_data_q_reg[36]/C,-0.004000000,DUT_INTERNAL,u_dut/u_unified_p4_kernel/ingress_data_q_reg,u_dut/u_unified_p4_kernel/input_mem_reg,0,0.079000000,1.743000000,1.822000000,0.956641054,SLICE_X60Y96,SLICE_X72Y143,FDRE,FDRE,FDRE->FDRE|logic_levels=0
u_dut/u_unified_p4_kernel/input_mem_reg[0][9][4]/D,u_dut/u_unified_p4_kernel/ingress_data_q_reg[20]/C,-0.009000000,DUT_INTERNAL,u_dut/u_unified_p4_kernel/ingress_data_q_reg,u_dut/u_unified_p4_kernel/input_mem_reg,0,0.078000000,1.814000000,1.892000000,0.958773784,SLICE_X61Y93,SLICE_X98Y110,FDRE,FDRE,FDRE->FDRE|logic_levels=0
u_dut/u_unified_p4_kernel/input_mem_reg[1][44][13]/D,u_dut/u_unified_p4_kernel/ingress_data_q_reg[13]/C,-0.007000000,DUT_INTERNAL,u_dut/u_unified_p4_kernel/ingress_data_q_reg,u_dut/u_unified_p4_kernel/input_mem_reg,0,0.079000000,1.825000000,1.904000000,0.958508403,SLICE_X64Y95,SLICE_X94Y155,FDRE,FDRE,FDRE->FDRE|logic_levels=0
u_dut/u_unified_p4_kernel/input_mem_reg[1][46][9]/D,u_dut/u_unified_p4_kernel/ingress_data_q_reg[41]/C,-0.002000000,DUT_INTERNAL,u_dut/u_unified_p4_kernel/ingress_data_q_reg,u_dut/u_unified_p4_kernel/input_mem_reg,0,0.079000000,1.711000000,1.790000000,0.955865922,SLICE_X65Y96,SLICE_X90Y150,FDRE,FDRE,FDRE->FDRE|logic_levels=0
u_dut/u_unified_p4_kernel/input_mem_reg[1][61][6]/D,u_dut/u_unified_p4_kernel/ingress_data_q_reg[22]/C,-0.014000000,DUT_INTERNAL,u_dut/u_unified_p4_kernel/ingress_data_q_reg,u_dut/u_unified_p4_kernel/input_mem_reg,0,0.079000000,1.834000000,1.913000000,0.958703607,SLICE_X60Y93,SLICE_X96Y135,FDRE,FDRE,FDRE->FDRE|logic_levels=0
u_dut/u_unified_p4_kernel/input_mem_reg[2][10][15]/D,u_dut/u_unified_p4_kernel/ingress_data_q_reg[47]/C,-0.003000000,DUT_INTERNAL,u_dut/u_unified_p4_kernel/ingress_data_q_reg,u_dut/u_unified_p4_kernel/input_mem_reg,0,0.079000000,1.805000000,1.884000000,0.958067941,SLICE_X60Y96,SLICE_X99Y106,FDRE,FDRE,FDRE->FDRE|logic_levels=0
u_dut/u_unified_p4_kernel/input_mem_reg[2][17][10]/CE,u_dut/u_unified_p4_kernel/ingress_group_q_reg[3]/C,-0.013000000,DUT_INTERNAL,u_dut/u_unified_p4_kernel/ingress_group_q_reg,u_dut/u_unified_p4_kernel/input_mem_reg,2,0.205000000,1.498000000,1.703000000,0.879624193,SLICE_X78Y130,SLICE_X82Y108,FDCE,FDRE,FDCE->FDRE|logic_levels=2
u_dut/u_unified_p4_kernel/input_mem_reg[2][17][11]/CE,u_dut/u_unified_p4_kernel/ingress_group_q_reg[3]/C,-0.003000000,DUT_INTERNAL,u_dut/u_unified_p4_kernel/ingress_group_q_reg,u_dut/u_unified_p4_kernel/input_mem_reg,2,0.205000000,1.487000000,1.692000000,0.878841608,SLICE_X78Y130,SLICE_X82Y105,FDCE,FDRE,FDCE->FDRE|logic_levels=2
u_dut/u_unified_p4_kernel/input_mem_reg[2][17][15]/CE,u_dut/u_unified_p4_kernel/ingress_group_q_reg[3]/C,-0.004000000,DUT_INTERNAL,u_dut/u_unified_p4_kernel/ingress_group_q_reg,u_dut/u_unified_p4_kernel/input_mem_reg,2,0.205000000,1.483000000,1.688000000,0.878554502,SLICE_X78Y130,SLICE_X82Y106,FDCE,FDRE,FDCE->FDRE|logic_levels=2
u_dut/u_unified_p4_kernel/input_mem_reg[2][24][4]/D,u_dut/u_unified_p4_kernel/ingress_data_q_reg[4]/C,-0.002000000,DUT_INTERNAL,u_dut/u_unified_p4_kernel/ingress_data_q_reg,u_dut/u_unified_p4_kernel/input_mem_reg,0,0.079000000,1.800000000,1.879000000,0.957956360,SLICE_X60Y94,SLICE_X71Y128,FDRE,FDRE,FDRE->FDRE|logic_levels=0
u_dut/u_unified_p4_kernel/input_mem_reg[2][30][15]/D,u_dut/u_unified_p4_kernel/ingress_data_q_reg[47]/C,-0.001000000,DUT_INTERNAL,u_dut/u_unified_p4_kernel/ingress_data_q_reg,u_dut/u_unified_p4_kernel/input_mem_reg,0,0.079000000,1.667000000,1.746000000,0.954753723,SLICE_X60Y96,SLICE_X88Y126,FDRE,FDRE,FDRE->FDRE|logic_levels=0
u_dut/u_unified_p4_kernel/input_mem_reg[2][42][9]/D,u_dut/u_unified_p4_kernel/ingress_data_q_reg[41]/C,-0.001000000,DUT_INTERNAL,u_dut/u_unified_p4_kernel/ingress_data_q_reg,u_dut/u_unified_p4_kernel/input_mem_reg,0,0.079000000,1.638000000,1.717000000,0.953989517,SLICE_X65Y96,SLICE_X87Y150,FDRE,FDRE,FDRE->FDRE|logic_levels=0
u_dut/u_unified_p4_kernel/input_mem_reg[2][52][3]/D,u_dut/u_unified_p4_kernel/ingress_data_q_reg[3]/C,-0.006000000,DUT_INTERNAL,u_dut/u_unified_p4_kernel/ingress_data_q_reg,u_dut/u_unified_p4_kernel/input_mem_reg,0,0.079000000,1.681000000,1.760000000,0.955113636,SLICE_X60Y96,SLICE_X79Y138,FDRE,FDRE,FDRE->FDRE|logic_levels=0
u_dut/u_unified_p4_kernel/input_mem_reg[3][46][15]/D,u_dut/u_unified_p4_kernel/ingress_data_q_reg[47]/C,-0.012000000,DUT_INTERNAL,u_dut/u_unified_p4_kernel/ingress_data_q_reg,u_dut/u_unified_p4_kernel/input_mem_reg,0,0.079000000,1.842000000,1.921000000,0.958875586,SLICE_X60Y96,SLICE_X90Y148,FDRE,FDRE,FDRE->FDRE|logic_levels=0
u_dut/u_unified_p4_kernel/issue_desc_bundle_addr_q_reg[2]_rep__4/D,u_dut/u_unified_p4_kernel/ready_fifo_mem_reg[0][0]/C,-0.007000000,DUT_INTERNAL,u_dut/u_unified_p4_kernel/ready_fifo_mem_reg,u_dut/u_unified_p4_kernel/issue_desc_bundle_addr_q_reg_rep__4,5,0.553000000,1.304000000,1.857000000,0.702207862,SLICE_X71Y111,SLICE_X77Y131,FDCE,FDCE,FDCE->FDCE|logic_levels=5
u_dut/u_unified_p4_kernel/product_q_reg[0][15]_i_1_psdsp/D,u_dut/u_unified_p4_kernel/issue_desc_bundle_addr_q_reg[4]_rep__8/C,-0.004000000,DUT_INTERNAL,u_dut/u_unified_p4_kernel/issue_desc_bundle_addr_q_reg_rep__8,u_dut/u_unified_p4_kernel/product_q_reg_i_1_psdsp,3,0.368000000,1.378000000,1.746000000,0.789232532,SLICE_X75Y131,SLICE_X81Y102,FDCE,FDRE,FDCE->FDRE|logic_levels=3
u_dut/u_unified_p4_kernel/product_q_reg[0][19]_i_1_psdsp/D,u_dut/u_unified_p4_kernel/issue_desc_bundle_addr_q_reg[4]_rep__8/C,-0.029000000,DUT_INTERNAL,u_dut/u_unified_p4_kernel/issue_desc_bundle_addr_q_reg_rep__8,u_dut/u_unified_p4_kernel/product_q_reg_i_1_psdsp,3,0.363000000,1.415000000,1.778000000,0.795838020,SLICE_X75Y131,SLICE_X81Y115,FDCE,FDRE,FDCE->FDRE|logic_levels=3
u_dut/u_unified_p4_kernel/product_q_reg[0][20]_i_4_psdsp/D,u_dut/u_unified_p4_kernel/issue_desc_bundle_addr_q_reg[4]_rep__8/C,-0.026000000,DUT_INTERNAL,u_dut/u_unified_p4_kernel/issue_desc_bundle_addr_q_reg_rep__8,u_dut/u_unified_p4_kernel/product_q_reg_i_4_psdsp,2,0.347000000,1.481000000,1.828000000,0.810175055,SLICE_X75Y131,SLICE_X72Y111,FDCE,FDRE,FDCE->FDRE|logic_levels=2
u_dut/u_unified_p4_kernel/product_q_reg[0][34]_i_4_psdsp/D,u_dut/u_unified_p4_kernel/issue_desc_bundle_addr_q_reg[0]_rep__8/C,-0.015000000,DUT_INTERNAL,u_dut/u_unified_p4_kernel/issue_desc_bundle_addr_q_reg_rep__8,u_dut/u_unified_p4_kernel/product_q_reg_i_4_psdsp,3,0.351000000,1.514000000,1.865000000,0.811796247,SLICE_X76Y132,SLICE_X89Y165,FDCE,FDRE,FDCE->FDRE|logic_levels=3
u_dut/u_unified_p4_kernel/product_q_reg[2][12]_i_8_psdsp/D,u_dut/u_unified_p4_kernel/issue_desc_bundle_addr_q_reg[4]_rep__8/C,-0.004000000,DUT_INTERNAL,u_dut/u_unified_p4_kernel/issue_desc_bundle_addr_q_reg_rep__8,u_dut/u_unified_p4_kernel/product_q_reg_i_8_psdsp,3,0.291000000,1.465000000,1.756000000,0.834282460,SLICE_X75Y131,SLICE_X88Y105,FDCE,FDRE,FDCE->FDRE|logic_levels=3
u_dut/u_unified_p4_kernel/product_q_reg[3][47]_i_2_psdsp/D,u_dut/u_unified_p4_kernel/issue_desc_bundle_addr_q_reg[2]_rep__8/C,-0.006000000,DUT_INTERNAL,u_dut/u_unified_p4_kernel/issue_desc_bundle_addr_q_reg_rep__8,u_dut/u_unified_p4_kernel/product_q_reg_i_2_psdsp,1,0.169000000,1.674000000,1.843000000,0.908301682,SLICE_X76Y127,SLICE_X84Y153,FDCE,FDRE,FDCE->FDRE|logic_levels=1
u_dut/u_unified_p4_kernel/reduce_l5_q_reg[1][29]/D,u_dut/u_unified_p4_kernel/reduce_l4_q_reg[1][1][19]/C,-0.001000000,DUT_INTERNAL,u_dut/u_unified_p4_kernel/reduce_l4_q_reg,u_dut/u_unified_p4_kernel/reduce_l5_q_reg,5,0.584000000,1.251000000,1.835000000,0.681743869,SLICE_X62Y123,SLICE_X79Y134,FDRE,FDRE,FDRE->FDRE|logic_levels=5
u_dut/u_unified_p4_kernel/reduce_l5_q_reg[1][31]/D,u_dut/u_unified_p4_kernel/reduce_l4_q_reg[1][1][19]/C,-0.002000000,DUT_INTERNAL,u_dut/u_unified_p4_kernel/reduce_l4_q_reg,u_dut/u_unified_p4_kernel/reduce_l5_q_reg,5,0.584000000,1.252000000,1.836000000,0.681917211,SLICE_X62Y123,SLICE_X79Y134,FDRE,FDRE,FDRE->FDRE|logic_levels=5
u_dut/u_unified_p4_kernel/reduce_l5_q_reg[1][33]/D,u_dut/u_unified_p4_kernel/reduce_l4_q_reg[1][1][19]/C,-0.005000000,DUT_INTERNAL,u_dut/u_unified_p4_kernel/reduce_l4_q_reg,u_dut/u_unified_p4_kernel/reduce_l5_q_reg,6,0.559000000,1.277000000,1.836000000,0.695533769,SLICE_X62Y123,SLICE_X79Y135,FDRE,FDRE,FDRE->FDRE|logic_levels=6
u_dut/u_unified_p4_kernel/reduce_l5_q_reg[1][35]/D,u_dut/u_unified_p4_kernel/reduce_l4_q_reg[1][1][19]/C,-0.012000000,DUT_INTERNAL,u_dut/u_unified_p4_kernel/reduce_l4_q_reg,u_dut/u_unified_p4_kernel/reduce_l5_q_reg,6,0.565000000,1.278000000,1.843000000,0.693434617,SLICE_X62Y123,SLICE_X79Y135,FDRE,FDRE,FDRE->FDRE|logic_levels=6
u_dut/u_unified_p4_kernel/s0_input_q_reg[32][1]/R,u_dut/u_unified_p4_kernel/issue_desc_active_size_q_reg[5]/C,-0.025000000,DUT_INTERNAL,u_dut/u_unified_p4_kernel/issue_desc_active_size_q_reg,u_dut/u_unified_p4_kernel/s0_input_q_reg,2,0.214000000,1.593000000,1.807000000,0.881571666,SLICE_X78Y112,SLICE_X89Y136,FDCE,FDRE,FDCE->FDRE|logic_levels=2
u_dut/u_unified_p4_kernel/s0_input_q_reg[32][2]/R,u_dut/u_unified_p4_kernel/issue_desc_active_size_q_reg[5]/C,-0.025000000,DUT_INTERNAL,u_dut/u_unified_p4_kernel/issue_desc_active_size_q_reg,u_dut/u_unified_p4_kernel/s0_input_q_reg,2,0.214000000,1.593000000,1.807000000,0.881571666,SLICE_X78Y112,SLICE_X89Y136,FDCE,FDRE,FDCE->FDRE|logic_levels=2
u_dut/u_unified_p4_kernel/s0_input_q_reg[32][4]/R,u_dut/u_unified_p4_kernel/issue_desc_active_size_q_reg[5]/C,-0.025000000,DUT_INTERNAL,u_dut/u_unified_p4_kernel/issue_desc_active_size_q_reg,u_dut/u_unified_p4_kernel/s0_input_q_reg,2,0.214000000,1.593000000,1.807000000,0.881571666,SLICE_X78Y112,SLICE_X89Y136,FDCE,FDRE,FDCE->FDRE|logic_levels=2
u_dut/u_unified_p4_kernel/s0_input_q_reg[32][5]/R,u_dut/u_unified_p4_kernel/issue_desc_active_size_q_reg[5]/C,-0.025000000,DUT_INTERNAL,u_dut/u_unified_p4_kernel/issue_desc_active_size_q_reg,u_dut/u_unified_p4_kernel/s0_input_q_reg,2,0.214000000,1.593000000,1.807000000,0.881571666,SLICE_X78Y112,SLICE_X89Y136,FDCE,FDRE,FDCE->FDRE|logic_levels=2
u_dut/u_unified_p4_kernel/s0_input_q_reg[40][10]/R,u_dut/u_unified_p4_kernel/issue_desc_active_size_q_reg[5]/C,-0.006000000,DUT_INTERNAL,u_dut/u_unified_p4_kernel/issue_desc_active_size_q_reg,u_dut/u_unified_p4_kernel/s0_input_q_reg,2,0.215000000,1.547000000,1.762000000,0.877979569,SLICE_X78Y112,SLICE_X86Y154,FDCE,FDRE,FDCE->FDRE|logic_levels=2
u_dut/u_unified_p4_kernel/s0_input_q_reg[40][14]/R,u_dut/u_unified_p4_kernel/issue_desc_active_size_q_reg[5]/C,-0.007000000,DUT_INTERNAL,u_dut/u_unified_p4_kernel/issue_desc_active_size_q_reg,u_dut/u_unified_p4_kernel/s0_input_q_reg,2,0.215000000,1.549000000,1.764000000,0.878117914,SLICE_X78Y112,SLICE_X84Y150,FDCE,FDRE,FDCE->FDRE|logic_levels=2
u_dut/u_unified_p4_kernel/s0_input_q_reg[40][15]/R,u_dut/u_unified_p4_kernel/issue_desc_active_size_q_reg[5]/C,-0.007000000,DUT_INTERNAL,u_dut/u_unified_p4_kernel/issue_desc_active_size_q_reg,u_dut/u_unified_p4_kernel/s0_input_q_reg,2,0.215000000,1.549000000,1.764000000,0.878117914,SLICE_X78Y112,SLICE_X84Y150,FDCE,FDRE,FDCE->FDRE|logic_levels=2
u_dut/u_unified_p4_kernel/s0_input_q_reg[40][1]/R,u_dut/u_unified_p4_kernel/issue_desc_active_size_q_reg[5]/C,-0.006000000,DUT_INTERNAL,u_dut/u_unified_p4_kernel/issue_desc_active_size_q_reg,u_dut/u_unified_p4_kernel/s0_input_q_reg,2,0.215000000,1.547000000,1.762000000,0.877979569,SLICE_X78Y112,SLICE_X86Y154,FDCE,FDRE,FDCE->FDRE|logic_levels=2
u_dut/u_unified_p4_kernel/s0_input_q_reg[52][0]/R,u_dut/u_unified_p4_kernel/issue_desc_active_size_q_reg[5]/C,-0.004000000,DUT_INTERNAL,u_dut/u_unified_p4_kernel/issue_desc_active_size_q_reg,u_dut/u_unified_p4_kernel/s0_input_q_reg,2,0.205000000,1.576000000,1.781000000,0.884896126,SLICE_X78Y112,SLICE_X86Y139,FDCE,FDRE,FDCE->FDRE|logic_levels=2
u_dut/u_unified_p4_kernel/s0_input_q_reg[52][6]/R,u_dut/u_unified_p4_kernel/issue_desc_active_size_q_reg[5]/C,-0.004000000,DUT_INTERNAL,u_dut/u_unified_p4_kernel/issue_desc_active_size_q_reg,u_dut/u_unified_p4_kernel/s0_input_q_reg,2,0.205000000,1.576000000,1.781000000,0.884896126,SLICE_X78Y112,SLICE_X86Y139,FDCE,FDRE,FDCE->FDRE|logic_levels=2
u_dut/u_unified_p4_kernel/s0_input_q_reg[52][8]/R,u_dut/u_unified_p4_kernel/issue_desc_active_size_q_reg[5]/C,-0.004000000,DUT_INTERNAL,u_dut/u_unified_p4_kernel/issue_desc_active_size_q_reg,u_dut/u_unified_p4_kernel/s0_input_q_reg,2,0.205000000,1.576000000,1.781000000,0.884896126,SLICE_X78Y112,SLICE_X86Y139,FDCE,FDRE,FDCE->FDRE|logic_levels=2
u_dut/vwrite_cmd_data_q_reg[0][14]/D,u_dut/u_unified_p4_kernel/fifo_data_q_reg[24][46]/C,-0.008000000,DUT_INTERNAL,u_dut/u_unified_p4_kernel/fifo_data_q_reg,u_dut/vwrite_cmd_data_q_reg,7,0.545000000,1.288000000,1.833000000,0.702673213,SLICE_X67Y198,SLICE_X57Y164,FDCE,FDCE,FDCE->FDCE|logic_levels=7
u_dut/vwrite_cmd_data_q_reg[0][15]/D,u_dut/u_unified_p4_kernel/fifo_rd_ptr_q_reg[2]_rep__1/C,-0.014000000,DUT_INTERNAL,u_dut/u_unified_p4_kernel/fifo_rd_ptr_q_reg_rep__1,u_dut/vwrite_cmd_data_q_reg,6,0.541000000,1.312000000,1.853000000,0.708041015,SLICE_X66Y194,SLICE_X59Y164,FDCE,FDCE,FDCE->FDCE|logic_levels=6
u_dut/vwrite_cmd_data_q_reg[0][7]/D,u_dut/u_unified_p4_kernel/fifo_rd_ptr_q_reg[1]_rep__3/C,-0.009000000,DUT_INTERNAL,u_dut/u_unified_p4_kernel/fifo_rd_ptr_q_reg_rep__3,u_dut/vwrite_cmd_data_q_reg,6,0.520000000,1.420000000,1.940000000,0.731958763,SLICE_X57Y175,SLICE_X53Y147,FDCE,FDCE,FDCE->FDCE|logic_levels=6
u_dut/vwrite_cmd_data_q_reg[0][8]/D,u_dut/u_unified_p4_kernel/fifo_rd_ptr_q_reg[1]_rep__5_replica_1/C,-0.017000000,DUT_INTERNAL,u_dut/u_unified_p4_kernel/fifo_rd_ptr_q_reg_rep__5_replica_1,u_dut/vwrite_cmd_data_q_reg,7,0.558000000,1.328000000,1.886000000,0.704135737,SLICE_X56Y193,SLICE_X54Y153,FDCE,FDCE,FDCE->FDCE|logic_levels=7
u_dut/vwrite_cmd_data_q_reg[1][10]/D,u_dut/u_unified_p4_kernel/fifo_rd_ptr_q_reg[0]_rep__3/C,-0.026000000,DUT_INTERNAL,u_dut/u_unified_p4_kernel/fifo_rd_ptr_q_reg_rep__3,u_dut/vwrite_cmd_data_q_reg,7,0.586000000,1.420000000,2.006000000,0.707876371,SLICE_X57Y177,SLICE_X55Y163,FDCE,FDCE,FDCE->FDCE|logic_levels=7
u_dut/vwrite_cmd_data_q_reg[1][12]/D,u_dut/u_unified_p4_kernel/fifo_rd_ptr_q_reg[1]_rep__0/C,-0.027000000,DUT_INTERNAL,u_dut/u_unified_p4_kernel/fifo_rd_ptr_q_reg_rep__0,u_dut/vwrite_cmd_data_q_reg,6,0.545000000,1.329000000,1.874000000,0.709178228,SLICE_X66Y188,SLICE_X57Y160,FDCE,FDCE,FDCE->FDCE|logic_levels=6
u_dut/vwrite_cmd_data_q_reg[1][13]/D,u_dut/u_unified_p4_kernel/fifo_rd_ptr_q_reg[1]_rep__0/C,-0.018000000,DUT_INTERNAL,u_dut/u_unified_p4_kernel/fifo_rd_ptr_q_reg_rep__0,u_dut/vwrite_cmd_data_q_reg,7,0.474000000,1.392000000,1.866000000,0.745980707,SLICE_X66Y188,SLICE_X57Y164,FDCE,FDCE,FDCE->FDCE|logic_levels=7
u_dut/vwrite_cmd_data_q_reg[1][14]/D,u_dut/u_unified_p4_kernel/fifo_rd_ptr_q_reg[0]_rep__1/C,-0.017000000,DUT_INTERNAL,u_dut/u_unified_p4_kernel/fifo_rd_ptr_q_reg_rep__1,u_dut/vwrite_cmd_data_q_reg,6,0.541000000,1.316000000,1.857000000,0.708669898,SLICE_X66Y195,SLICE_X57Y164,FDCE,FDCE,FDCE->FDCE|logic_levels=6
u_dut/vwrite_cmd_data_q_reg[1][15]/D,u_dut/u_unified_p4_kernel/fifo_rd_ptr_q_reg[2]_rep__1/C,-0.006000000,DUT_INTERNAL,u_dut/u_unified_p4_kernel/fifo_rd_ptr_q_reg_rep__1,u_dut/vwrite_cmd_data_q_reg,6,0.478000000,1.367000000,1.845000000,0.740921409,SLICE_X66Y194,SLICE_X57Y164,FDCE,FDCE,FDCE->FDCE|logic_levels=6
u_dut/vwrite_cmd_data_q_reg[1][3]/D,u_dut/u_unified_p4_kernel/fifo_rd_ptr_q_reg[0]_rep/C,-0.037000000,DUT_INTERNAL,u_dut/u_unified_p4_kernel/fifo_rd_ptr_q_reg_rep,u_dut/vwrite_cmd_data_q_reg,7,0.523000000,1.384000000,1.907000000,0.725747247,SLICE_X62Y167,SLICE_X56Y152,FDCE,FDCE,FDCE->FDCE|logic_levels=7
u_dut/vwrite_cmd_data_q_reg[1][4]/D,u_dut/u_unified_p4_kernel/fifo_rd_ptr_q_reg[0]_rep__6/C,-0.008000000,DUT_INTERNAL,u_dut/u_unified_p4_kernel/fifo_rd_ptr_q_reg_rep__6,u_dut/vwrite_cmd_data_q_reg,7,0.489000000,1.409000000,1.898000000,0.742360379,SLICE_X58Y175,SLICE_X57Y157,FDCE,FDCE,FDCE->FDCE|logic_levels=7
u_dut/vwrite_cmd_data_q_reg[1][6]/D,u_dut/u_unified_p4_kernel/fifo_data_q_reg[28][38]/C,-0.039000000,DUT_INTERNAL,u_dut/u_unified_p4_kernel/fifo_data_q_reg,u_dut/vwrite_cmd_data_q_reg,7,0.649000000,1.253000000,1.902000000,0.658780231,SLICE_X64Y185,SLICE_X53Y150,FDCE,FDCE,FDCE->FDCE|logic_levels=7
u_dut/vwrite_cmd_data_q_reg[2][0]/D,u_dut/u_unified_p4_kernel/fifo_rd_ptr_q_reg[0]/C,-0.035000000,DUT_INTERNAL,u_dut/u_unified_p4_kernel/fifo_rd_ptr_q_reg,u_dut/vwrite_cmd_data_q_reg,7,0.566000000,1.323000000,1.889000000,0.700370566,SLICE_X62Y173,SLICE_X60Y150,FDCE,FDCE,FDCE->FDCE|logic_levels=7
u_dut/vwrite_cmd_data_q_reg[2][10]/D,u_dut/u_unified_p4_kernel/fifo_data_q_reg[45][58]/C,-0.034000000,DUT_INTERNAL,u_dut/u_unified_p4_kernel/fifo_data_q_reg,u_dut/vwrite_cmd_data_q_reg,7,0.569000000,1.278000000,1.847000000,0.691932864,SLICE_X54Y196,SLICE_X50Y156,FDCE,FDCE,FDCE->FDCE|logic_levels=7
u_dut/vwrite_cmd_data_q_reg[2][12]/D,u_dut/u_unified_p4_kernel/fifo_rd_ptr_q_reg[1]_rep__0/C,-0.006000000,DUT_INTERNAL,u_dut/u_unified_p4_kernel/fifo_rd_ptr_q_reg_rep__0,u_dut/vwrite_cmd_data_q_reg,7,0.541000000,1.313000000,1.854000000,0.708198490,SLICE_X66Y188,SLICE_X57Y160,FDCE,FDCE,FDCE->FDCE|logic_levels=7
u_dut/vwrite_cmd_data_q_reg[2][13]/D,u_dut/u_unified_p4_kernel/fifo_rd_ptr_q_reg[3]_rep_replica/C,-0.006000000,DUT_INTERNAL,u_dut/u_unified_p4_kernel/fifo_rd_ptr_q_reg_rep_replica,u_dut/vwrite_cmd_data_q_reg,5,0.357000000,1.500000000,1.857000000,0.807754443,SLICE_X67Y182,SLICE_X59Y167,FDCE,FDCE,FDCE->FDCE|logic_levels=5
u_dut/vwrite_cmd_data_q_reg[2][1]/D,u_dut/u_unified_p4_kernel/fifo_rd_ptr_q_reg[0]/C,-0.001000000,DUT_INTERNAL,u_dut/u_unified_p4_kernel/fifo_rd_ptr_q_reg,u_dut/vwrite_cmd_data_q_reg,7,0.577000000,1.307000000,1.884000000,0.693736730,SLICE_X62Y173,SLICE_X58Y157,FDCE,FDCE,FDCE->FDCE|logic_levels=7
u_dut/vwrite_cmd_data_q_reg[2][2]/D,u_dut/u_unified_p4_kernel/fifo_rd_ptr_q_reg[2]/C,-0.024000000,DUT_INTERNAL,u_dut/u_unified_p4_kernel/fifo_rd_ptr_q_reg,u_dut/vwrite_cmd_data_q_reg,6,0.372000000,1.519000000,1.891000000,0.803278689,SLICE_X62Y167,SLICE_X57Y155,FDCE,FDCE,FDCE->FDCE|logic_levels=6
u_dut/vwrite_cmd_data_q_reg[2][3]/D,u_dut/u_unified_p4_kernel/fifo_rd_ptr_q_reg[0]_rep/C,-0.025000000,DUT_INTERNAL,u_dut/u_unified_p4_kernel/fifo_rd_ptr_q_reg_rep,u_dut/vwrite_cmd_data_q_reg,7,0.525000000,1.369000000,1.894000000,0.722808870,SLICE_X62Y167,SLICE_X56Y152,FDCE,FDCE,FDCE->FDCE|logic_levels=7
u_dut/vwrite_cmd_data_q_reg[2][4]/D,u_dut/u_unified_p4_kernel/fifo_rd_ptr_q_reg[3]/C,-0.013000000,DUT_INTERNAL,u_dut/u_unified_p4_kernel/fifo_rd_ptr_q_reg,u_dut/vwrite_cmd_data_q_reg,5,0.367000000,1.553000000,1.920000000,0.808854167,SLICE_X60Y172,SLICE_X57Y163,FDCE,FDCE,FDCE->FDCE|logic_levels=5
u_dut/vwrite_cmd_data_q_reg[3][0]/D,u_dut/u_unified_p4_kernel/fifo_rd_ptr_q_reg[3]/C,-0.031000000,DUT_INTERNAL,u_dut/u_unified_p4_kernel/fifo_rd_ptr_q_reg,u_dut/vwrite_cmd_data_q_reg,5,0.460000000,1.447000000,1.907000000,0.758783429,SLICE_X60Y172,SLICE_X59Y150,FDCE,FDCE,FDCE->FDCE|logic_levels=5
u_dut/vwrite_cmd_data_q_reg[3][10]/D,u_dut/u_unified_p4_kernel/fifo_rd_ptr_q_reg[1]_rep__0/C,-0.029000000,DUT_INTERNAL,u_dut/u_unified_p4_kernel/fifo_rd_ptr_q_reg_rep__0,u_dut/vwrite_cmd_data_q_reg,7,0.384000000,1.485000000,1.869000000,0.794542536,SLICE_X66Y188,SLICE_X56Y156,FDCE,FDCE,FDCE->FDCE|logic_levels=7
u_dut/vwrite_cmd_data_q_reg[3][11]/D,u_dut/u_unified_p4_kernel/fifo_rd_ptr_q_reg[1]_replica/C,-0.005000000,DUT_INTERNAL,u_dut/u_unified_p4_kernel/fifo_rd_ptr_q_reg_replica,u_dut/vwrite_cmd_data_q_reg,7,0.571000000,1.255000000,1.826000000,0.687294633,SLICE_X62Y186,SLICE_X59Y164,FDCE,FDCE,FDCE->FDCE|logic_levels=7
u_dut/vwrite_cmd_data_q_reg[3][12]/D,u_dut/u_unified_p4_kernel/fifo_rd_ptr_q_reg[0]_rep__2_replica_7/C,-0.007000000,DUT_INTERNAL,u_dut/u_unified_p4_kernel/fifo_rd_ptr_q_reg_rep__2_replica_7,u_dut/vwrite_cmd_data_q_reg,7,0.513000000,1.318000000,1.831000000,0.719825232,SLICE_X57Y185,SLICE_X57Y160,FDCE,FDCE,FDCE->FDCE|logic_levels=7
u_dut/vwrite_cmd_data_q_reg[3][13]/D,u_dut/u_unified_p4_kernel/fifo_rd_ptr_q_reg[2]_rep__1/C,-0.027000000,DUT_INTERNAL,u_dut/u_unified_p4_kernel/fifo_rd_ptr_q_reg_rep__1,u_dut/vwrite_cmd_data_q_reg,6,0.463000000,1.405000000,1.868000000,0.752141328,SLICE_X66Y194,SLICE_X59Y167,FDCE,FDCE,FDCE->FDCE|logic_levels=6
u_dut/vwrite_cmd_data_q_reg[3][15]/D,u_dut/u_unified_p4_kernel/fifo_rd_ptr_q_reg[2]_rep__1/C,-0.019000000,DUT_INTERNAL,u_dut/u_unified_p4_kernel/fifo_rd_ptr_q_reg_rep__1,u_dut/vwrite_cmd_data_q_reg,6,0.521000000,1.343000000,1.864000000,0.720493562,SLICE_X66Y194,SLICE_X58Y166,FDCE,FDCE,FDCE->FDCE|logic_levels=6
u_dut/vwrite_cmd_data_q_reg[3][2]/D,u_dut/u_unified_p4_kernel/fifo_rd_ptr_q_reg[2]/C,-0.034000000,DUT_INTERNAL,u_dut/u_unified_p4_kernel/fifo_rd_ptr_q_reg,u_dut/vwrite_cmd_data_q_reg,6,0.471000000,1.440000000,1.911000000,0.753532182,SLICE_X62Y167,SLICE_X57Y157,FDCE,FDCE,FDCE->FDCE|logic_levels=6
u_dut/vwrite_cmd_data_q_reg[3][3]/D,u_dut/u_unified_p4_kernel/fifo_rd_ptr_q_reg[0]_rep/C,-0.011000000,DUT_INTERNAL,u_dut/u_unified_p4_kernel/fifo_rd_ptr_q_reg_rep,u_dut/vwrite_cmd_data_q_reg,7,0.462000000,1.418000000,1.880000000,0.754255319,SLICE_X62Y167,SLICE_X56Y151,FDCE,FDCE,FDCE->FDCE|logic_levels=7
u_dut/vwrite_cmd_data_q_reg[3][8]/D,u_dut/u_unified_p4_kernel/fifo_rd_ptr_q_reg[1]_rep__5_replica_1/C,-0.024000000,DUT_INTERNAL,u_dut/u_unified_p4_kernel/fifo_rd_ptr_q_reg_rep__5_replica_1,u_dut/vwrite_cmd_data_q_reg,7,0.599000000,1.296000000,1.895000000,0.683905013,SLICE_X56Y193,SLICE_X53Y155,FDCE,FDCE,FDCE->FDCE|logic_levels=7
u_dut/vwrite_cmd_data_q_reg[3][9]/D,u_dut/u_unified_p4_kernel/fifo_rd_ptr_q_reg[1]_rep__5_replica/C,-0.004000000,DUT_INTERNAL,u_dut/u_unified_p4_kernel/fifo_rd_ptr_q_reg_rep__5_replica,u_dut/vwrite_cmd_data_q_reg,7,0.496000000,1.313000000,1.809000000,0.725815368,SLICE_X53Y185,SLICE_X53Y159,FDCE,FDCE,FDCE->FDCE|logic_levels=7
