bucket,canonical_source_family,canonical_endpoint_family,r5f_endpoint_count,r5f_tns_ns,r6a_endpoint_count,r6a_tns_ns,tns_delta_r6_minus_r5_ns,status
DUT_INTERNAL,u_dut/desc_count_reg,u_dut/slot_state_reg,2,-0.081,0,0.0,0.081,DISAPPEARED_AFTER_R6
DUT_INTERNAL,u_dut/desc_rd_ptr_reg,u_dut/slot_last_input_addr_reg,2,-0.034,0,0.0,0.034,DISAPPEARED_AFTER_R6
DUT_INTERNAL,u_dut/fill_wr_cmd_addr_q_reg,u_dut/input_cache_bank,144,-4.764,0,0.0,4.764,DISAPPEARED_AFTER_R6
DUT_INTERNAL,u_dut/fill_wr_cmd_data_q_reg,u_dut/input_cache_bank,39,-1.002,0,0.0,1.002,DISAPPEARED_AFTER_R6
DUT_INTERNAL,u_dut/fill_wr_cmd_target_q_reg,u_dut/input_cache_bank,40,-0.904,0,0.0,0.904,DISAPPEARED_AFTER_R6
DUT_INTERNAL,u_dut/kernel_cut_h_q_reg,u_dut/kernel_rd_resp_data_q_reg,0,0.0,1,-0.005,-0.005,NEWLY_EXPOSED_AFTER_R6
DUT_INTERNAL,u_dut/kernel_cut_h_q_reg,u_dut/u_unified_p4_kernel/ingress_data_q_reg,2,-0.166,1,-0.041,0.125,MATERIAL_REDUCTION
DUT_INTERNAL,u_dut/kernel_feed_group_q_reg,u_dut/u_unified_p4_kernel/ingress_data_q_reg,0,0.0,4,-0.056,-0.056,NEWLY_EXPOSED_AFTER_R6
DUT_INTERNAL,u_dut/kernel_h_rd_addr_q_reg,u_dut/kernel_h_rd_data_q_reg,35,-1.925,1,-0.003,1.922,MATERIAL_REDUCTION
DUT_INTERNAL,u_dut/kernel_h_rd_raw_group_q_reg,u_dut/u_unified_p4_kernel/ingress_data_q_reg,2,-0.221,1,-0.02,0.201,MATERIAL_REDUCTION
DUT_INTERNAL,u_dut/kernel_h_rd_raw_tail_pending_q_reg,u_dut/kernel_h_rd_addr_q_reg,1,-0.038,0,0.0,0.038,DISAPPEARED_AFTER_R6
DUT_INTERNAL,u_dut/kernel_phase_q_reg,u_dut/kernel_ctx_output_size_q_reg,2,-0.15,0,0.0,0.15,DISAPPEARED_AFTER_R6
DUT_INTERNAL,u_dut/kernel_run_q_reg,u_dut/kernel_ctx_active_size_q_reg,1,-0.029,0,0.0,0.029,DISAPPEARED_AFTER_R6
DUT_INTERNAL,u_dut/kernel_run_q_reg,u_dut/kernel_ctx_output_size_q_reg,2,-0.064,0,0.0,0.064,DISAPPEARED_AFTER_R6
DUT_INTERNAL,u_dut/kernel_run_q_reg,u_dut/kernel_cut_h_q_reg,2,-0.004,0,0.0,0.004,DISAPPEARED_AFTER_R6
DUT_INTERNAL,u_dut/kernel_run_q_reg,u_dut/kernel_rd_raw_data_q_reg,1,-0.011,0,0.0,0.011,DISAPPEARED_AFTER_R6
DUT_INTERNAL,u_dut/kernel_run_q_reg,u_dut/lfnst_grid_reg,93,-3.72,12,-0.112,3.608,MATERIAL_REDUCTION
DUT_INTERNAL,u_dut/kernel_run_q_reg,u_dut/lfnst_input_terms_q_reg,2,-0.054,0,0.0,0.054,DISAPPEARED_AFTER_R6
DUT_INTERNAL,u_dut/kernel_run_q_reg,u_dut/lfnst_ntrs48_q_reg_0,1,-0.119,0,0.0,0.119,DISAPPEARED_AFTER_R6
DUT_INTERNAL,u_dut/kernel_run_q_reg,u_dut/lfnst_ntrs48_q_reg_1,1,-0.026,0,0.0,0.026,DISAPPEARED_AFTER_R6
DUT_INTERNAL,u_dut/kernel_run_q_reg,u_dut/lfnst_ntrs48_q_reg_2,1,-0.045,0,0.0,0.045,DISAPPEARED_AFTER_R6
DUT_INTERNAL,u_dut/kernel_run_q_reg,u_dut/lfnst_ntrs48_q_reg_3,1,-0.059,0,0.0,0.059,DISAPPEARED_AFTER_R6
DUT_INTERNAL,u_dut/kernel_run_q_reg,u_dut/lfnst_ntrs48_q_reg_4,1,-0.072,0,0.0,0.072,DISAPPEARED_AFTER_R6
DUT_INTERNAL,u_dut/kernel_run_q_reg,u_dut/output_index_reg,7,-0.325,0,0.0,0.325,DISAPPEARED_AFTER_R6
DUT_INTERNAL,u_dut/kernel_run_q_reg,u_dut/rd_cmd_addr_q_reg,12,-0.725,0,0.0,0.725,DISAPPEARED_AFTER_R6
DUT_INTERNAL,u_dut/kernel_stage_q_reg,u_dut/u_unified_p4_kernel/ingress_data_q_reg,11,-0.949,0,0.0,0.949,DISAPPEARED_AFTER_R6
DUT_INTERNAL,u_dut/kernel_vector_q_reg,u_dut/kernel_phase_q_reg,6,-0.4,0,0.0,0.4,DISAPPEARED_AFTER_R6
DUT_INTERNAL,u_dut/kernel_vector_q_reg,u_dut/kernel_rd_req_group_q_reg,7,-0.676,5,-0.119,0.557,MATERIAL_REDUCTION
DUT_INTERNAL,u_dut/kernel_vector_q_reg,u_dut/kernel_rd_req_pending_q_reg,1,-0.091,0,0.0,0.091,DISAPPEARED_AFTER_R6
DUT_INTERNAL,u_dut/kernel_vector_q_reg,u_dut/kernel_vector_q_reg,3,-0.134,1,-0.02,0.114,MATERIAL_REDUCTION
DUT_INTERNAL,u_dut/kernel_vector_q_reg,u_dut/kernel_vector_q_reg_0,4,-0.176,1,-0.001,0.175,MATERIAL_REDUCTION
DUT_INTERNAL,u_dut/kernel_vector_q_reg,u_dut/kernel_vector_q_reg_1,3,-0.08,1,-0.008,0.072,MATERIAL_REDUCTION
DUT_INTERNAL,u_dut/kernel_vector_q_reg,u_dut/u_unified_p4_kernel/ingress_data_q_reg,14,-1.044,3,-0.013,1.031,MATERIAL_REDUCTION
DUT_INTERNAL,u_dut/kernel_vector_q_reg_0,u_dut/u_unified_p4_kernel/ingress_data_q_reg,6,-0.475,7,-0.135,0.34,MATERIAL_REDUCTION
DUT_INTERNAL,u_dut/kernel_vector_q_reg_1,u_dut/kernel_vector_q_reg,1,-0.135,0,0.0,0.135,DISAPPEARED_AFTER_R6
DUT_INTERNAL,u_dut/kernel_vector_q_reg_1,u_dut/kernel_vector_q_reg_2,2,-0.159,0,0.0,0.159,DISAPPEARED_AFTER_R6
DUT_INTERNAL,u_dut/kernel_vector_q_reg_1,u_dut/u_unified_p4_kernel/ingress_data_q_reg,10,-0.716,1,-0.021,0.695,MATERIAL_REDUCTION
DUT_INTERNAL,u_dut/kernel_vector_q_reg_2,u_dut/u_unified_p4_kernel/ingress_data_q_reg,12,-1.089,1,-0.013,1.076,MATERIAL_REDUCTION
DUT_INTERNAL,u_dut/lfnst_case_q_reg,u_dut/rd_cmd_addr_q_reg,11,-0.545,0,0.0,0.545,DISAPPEARED_AFTER_R6
DUT_INTERNAL,u_dut/lfnst_gather_index_q_reg,u_dut/lfnst_mem_req_valid_q_reg,1,-0.092,0,0.0,0.092,DISAPPEARED_AFTER_R6
DUT_INTERNAL,u_dut/lfnst_gather_q_reg,u_dut/lfnst_mem_req_valid_q_reg,0,0.0,1,-0.015,-0.015,NEWLY_EXPOSED_AFTER_R6
DUT_INTERNAL,u_dut/lfnst_grid_reg,u_dut/u_unified_p4_kernel/ingress_data_q_reg,1,-0.136,3,-0.044,0.092,MATERIAL_REDUCTION
DUT_INTERNAL,u_dut/lfnst_grid_valid_reg,u_dut/u_unified_p4_kernel/ingress_data_q_reg,0,0.0,4,-0.085,-0.085,NEWLY_EXPOSED_AFTER_R6
DUT_INTERNAL,u_dut/lfnst_mem_resp_data_q_reg,u_dut/lfnst_grid_reg,6,-0.253,0,0.0,0.253,DISAPPEARED_AFTER_R6
DUT_INTERNAL,u_dut/lfnst_mem_resp_data_q_reg,u_dut/lfnst_input_terms_q_reg,1,-0.08,0,0.0,0.08,DISAPPEARED_AFTER_R6
DUT_INTERNAL,u_dut/lfnst_mem_resp_is_tail_q_reg,u_dut/lfnst_grid_valid_reg,0,0.0,1,-0.013,-0.013,NEWLY_EXPOSED_AFTER_R6
DUT_INTERNAL,u_dut/lfnst_mem_resp_valid_q_reg,u_dut/lfnst_grid_reg,17,-0.619,0,0.0,0.619,DISAPPEARED_AFTER_R6
DUT_INTERNAL,u_dut/lfnst_ntrs48_q_reg_1,u_dut/lfnst_grid_reg,2,-0.134,7,-0.072,0.062,SURVIVED_FROM_R5
DUT_INTERNAL,u_dut/lfnst_ntrs48_q_reg_2,u_dut/lfnst_grid_reg,1,-0.007,0,0.0,0.007,DISAPPEARED_AFTER_R6
DUT_INTERNAL,u_dut/lfnst_ntrs48_q_reg_3,u_dut/lfnst_grid_reg,1,-0.011,7,-0.131,-0.12,SURVIVED_FROM_R5
DUT_INTERNAL,u_dut/lfnst_run_q_reg,u_dut/kernel_phase_q_reg,10,-0.778,0,0.0,0.778,DISAPPEARED_AFTER_R6
DUT_INTERNAL,u_dut/lfnst_run_q_reg,u_dut/lfnst_grid_reg,25,-0.79,9,-0.179,0.611,MATERIAL_REDUCTION
DUT_INTERNAL,u_dut/output_index_reg,u_dut/output_index_reg,0,0.0,5,-0.059,-0.059,NEWLY_EXPOSED_AFTER_R6
DUT_INTERNAL,u_dut/output_index_reg,u_dut/slot_state_reg,0,0.0,1,-0.003,-0.003,NEWLY_EXPOSED_AFTER_R6
DUT_INTERNAL,u_dut/rd_cmd_addr_q_reg,u_dut/kernel_rd_raw_data_q_reg,47,-3.188,16,-0.225,2.963,MATERIAL_REDUCTION
DUT_INTERNAL,u_dut/rd_cmd_addr_q_reg,u_dut/kernel_rd_raw_valid_q_reg,3,-0.184,1,-0.025,0.159,MATERIAL_REDUCTION
DUT_INTERNAL,u_dut/rd_cmd_addr_q_reg,u_dut/lfnst_mem_resp_data_q_reg,12,-0.816,10,-0.226,0.59,MATERIAL_REDUCTION
DUT_INTERNAL,u_dut/rd_cmd_addr_q_reg,u_dut/lfnst_mem_resp_valid_q_reg,2,-0.26,1,-0.029,0.231,MATERIAL_REDUCTION
DUT_INTERNAL,u_dut/result_cmd_addr_q_reg,u_dut/result_bank,12,-0.372,0,0.0,0.372,DISAPPEARED_AFTER_R6
DUT_INTERNAL,u_dut/result_cmd_data_q_reg,u_dut/result_bank,1,-0.019,0,0.0,0.019,DISAPPEARED_AFTER_R6
DUT_INTERNAL,u_dut/result_cmd_slot_q_reg,u_dut/result_bank,70,-2.084,4,-0.028,2.056,MATERIAL_REDUCTION
DUT_INTERNAL,u_dut/result_cmd_valid_q_reg,u_dut/result_bank,110,-2.301,0,0.0,2.301,DISAPPEARED_AFTER_R6
DUT_INTERNAL,u_dut/scrub_active_reg,u_dut/input_cache_bank,8,-0.488,0,0.0,0.488,DISAPPEARED_AFTER_R6
DUT_INTERNAL,u_dut/scrub_active_reg,u_dut/lfnst_grid_reg,0,0.0,1,-0.008,-0.008,NEWLY_EXPOSED_AFTER_R6
DUT_INTERNAL,u_dut/scrub_slot_reg,u_dut/input_cache_bank,40,-1.92,0,0.0,1.92,DISAPPEARED_AFTER_R6
DUT_INTERNAL,u_dut/slot_state_reg,u_dut/kernel_phase_q_reg,0,0.0,1,-0.02,-0.02,NEWLY_EXPOSED_AFTER_R6
DUT_INTERNAL,u_dut/slot_state_reg,u_dut/lfnst_grid_reg,0,0.0,45,-0.914,-0.914,NEWLY_EXPOSED_AFTER_R6
DUT_INTERNAL,u_dut/slot_state_reg,u_dut/output_index_reg,0,0.0,7,-0.085,-0.085,NEWLY_EXPOSED_AFTER_R6
DUT_INTERNAL,u_dut/slot_width_reg,u_dut/fill_wr_cmd_addr_q_reg,3,-0.089,0,0.0,0.089,DISAPPEARED_AFTER_R6
DUT_INTERNAL,u_dut/slot_width_reg,u_dut/fill_wr_cmd_target_q_reg,1,-0.112,0,0.0,0.112,DISAPPEARED_AFTER_R6
DUT_INTERNAL,u_dut/u_bounded_lfnst_engine/coeff_fetch_addr_q_reg,u_dut/u_bounded_lfnst_engine/coeff_bundle_q_reg,5,-0.147,0,0.0,0.147,DISAPPEARED_AFTER_R6
DUT_INTERNAL,u_dut/u_bounded_lfnst_engine/coeff_fetch_addr_q_reg_0,u_dut/u_bounded_lfnst_engine/coeff_bundle_q_reg,4,-0.069,0,0.0,0.069,DISAPPEARED_AFTER_R6
DUT_INTERNAL,u_dut/u_bounded_lfnst_engine/out_group_reg,u_dut/lfnst_grid_reg,12,-0.342,1,-0.021,0.321,MATERIAL_REDUCTION
DUT_INTERNAL,u_dut/u_bounded_lfnst_engine/product_valid_q_reg,u_dut/u_bounded_lfnst_engine/coeff_fetch_addr_q_reg,9,-0.184,0,0.0,0.184,DISAPPEARED_AFTER_R6
DUT_INTERNAL,u_dut/u_bounded_lfnst_engine/product_valid_q_reg,u_dut/u_bounded_lfnst_engine/coeff_fetch_addr_q_reg_0,1,-0.017,0,0.0,0.017,DISAPPEARED_AFTER_R6
DUT_INTERNAL,u_dut/u_bounded_lfnst_engine/product_valid_q_reg,u_dut/u_bounded_lfnst_engine/coeff_fetch_addr_q_reg_1,1,-0.015,0,0.0,0.015,DISAPPEARED_AFTER_R6
DUT_INTERNAL,u_dut/u_bounded_lfnst_engine/product_valid_q_reg,u_dut/u_bounded_lfnst_engine/coeff_fetch_addr_q_reg_2,2,-0.036,0,0.0,0.036,DISAPPEARED_AFTER_R6
DUT_INTERNAL,u_dut/u_bounded_lfnst_engine/product_valid_q_reg,u_dut/u_bounded_lfnst_engine/coeff_fetch_addr_q_reg_3,3,-0.086,0,0.0,0.086,DISAPPEARED_AFTER_R6
DUT_INTERNAL,u_dut/u_bounded_lfnst_engine/product_valid_q_reg,u_dut/u_bounded_lfnst_engine/coeff_fetch_addr_q_reg_4,3,-0.086,0,0.0,0.086,DISAPPEARED_AFTER_R6
DUT_INTERNAL,u_dut/u_bounded_lfnst_engine/product_valid_q_reg,u_dut/u_bounded_lfnst_engine/issue_group_q_reg,2,-0.023,0,0.0,0.023,DISAPPEARED_AFTER_R6
DUT_INTERNAL,u_dut/u_bounded_lfnst_engine/reduce_l5_q_reg,u_dut/u_bounded_lfnst_engine/out_data_reg,4,-0.086,0,0.0,0.086,DISAPPEARED_AFTER_R6
DUT_INTERNAL,u_dut/u_unified_p4_kernel/fifo_count_q_reg,u_dut/u_unified_p4_kernel/fifo_data_q_reg,6,-0.193,0,0.0,0.193,DISAPPEARED_AFTER_R6
DUT_INTERNAL,u_dut/u_unified_p4_kernel/fifo_data_q_reg,u_dut/result_cmd_data_q_reg,1,-0.045,0,0.0,0.045,DISAPPEARED_AFTER_R6
DUT_INTERNAL,u_dut/u_unified_p4_kernel/fifo_data_q_reg,u_dut/vwrite_cmd_data_q_reg,8,-0.529,3,-0.081,0.448,MATERIAL_REDUCTION
DUT_INTERNAL,u_dut/u_unified_p4_kernel/fifo_rd_ptr_q_reg,u_dut/result_cmd_data_q_reg,3,-0.101,0,0.0,0.101,DISAPPEARED_AFTER_R6
DUT_INTERNAL,u_dut/u_unified_p4_kernel/fifo_rd_ptr_q_reg,u_dut/vwrite_cmd_data_q_reg,10,-0.869,11,-0.222,0.647,MATERIAL_REDUCTION
DUT_INTERNAL,u_dut/u_unified_p4_kernel/fifo_rd_ptr_q_reg_0,u_dut/result_cmd_data_q_reg,2,-0.068,0,0.0,0.068,DISAPPEARED_AFTER_R6
DUT_INTERNAL,u_dut/u_unified_p4_kernel/fifo_rd_ptr_q_reg_0,u_dut/vwrite_cmd_data_q_reg,2,-0.128,4,-0.08,0.048,SURVIVED_FROM_R5
DUT_INTERNAL,u_dut/u_unified_p4_kernel/fifo_rd_ptr_q_reg_1,u_dut/vwrite_cmd_data_q_reg,2,-0.181,5,-0.083,0.098,MATERIAL_REDUCTION
DUT_INTERNAL,u_dut/u_unified_p4_kernel/fifo_rd_ptr_q_reg_2,u_dut/result_cmd_data_q_reg,2,-0.075,0,0.0,0.075,DISAPPEARED_AFTER_R6
DUT_INTERNAL,u_dut/u_unified_p4_kernel/fifo_rd_ptr_q_reg_2,u_dut/vwrite_cmd_data_q_reg,8,-0.505,1,-0.007,0.498,MATERIAL_REDUCTION
DUT_INTERNAL,u_dut/u_unified_p4_kernel/fifo_rd_ptr_q_reg_3,u_dut/result_cmd_data_q_reg,2,-0.17,0,0.0,0.17,DISAPPEARED_AFTER_R6
DUT_INTERNAL,u_dut/u_unified_p4_kernel/fifo_rd_ptr_q_reg_3,u_dut/vwrite_cmd_data_q_reg,8,-0.69,2,-0.035,0.655,MATERIAL_REDUCTION
DUT_INTERNAL,u_dut/u_unified_p4_kernel/fifo_rd_ptr_q_reg_4,u_dut/vwrite_cmd_data_q_reg,4,-0.307,0,0.0,0.307,DISAPPEARED_AFTER_R6
DUT_INTERNAL,u_dut/u_unified_p4_kernel/fifo_rd_ptr_q_reg_5,u_dut/vwrite_cmd_data_q_reg,4,-0.389,3,-0.045,0.344,MATERIAL_REDUCTION
DUT_INTERNAL,u_dut/u_unified_p4_kernel/fifo_rd_ptr_q_reg_6,u_dut/vwrite_cmd_data_q_reg,0,0.0,1,-0.008,-0.008,NEWLY_EXPOSED_AFTER_R6
DUT_INTERNAL,u_dut/u_unified_p4_kernel/fifo_rd_ptr_q_reg_7,u_dut/vwrite_cmd_data_q_reg,2,-0.181,0,0.0,0.181,DISAPPEARED_AFTER_R6
DUT_INTERNAL,u_dut/u_unified_p4_kernel/fifo_wr_ptr_q_reg,u_dut/u_unified_p4_kernel/fifo_data_q_reg,9,-0.132,0,0.0,0.132,DISAPPEARED_AFTER_R6
DUT_INTERNAL,u_dut/u_unified_p4_kernel/ingress_data_q_reg,u_dut/u_unified_p4_kernel/input_mem_reg,201,-7.99,19,-0.131,7.859,MATERIAL_REDUCTION
DUT_INTERNAL,u_dut/u_unified_p4_kernel/ingress_group_q_reg,u_dut/u_unified_p4_kernel/input_mem_reg,276,-9.695,3,-0.02,9.675,MATERIAL_REDUCTION
DUT_INTERNAL,u_dut/u_unified_p4_kernel/ingress_slot_q_reg,u_dut/u_unified_p4_kernel/input_mem_reg,3,-0.006,0,0.0,0.006,DISAPPEARED_AFTER_R6
DUT_INTERNAL,u_dut/u_unified_p4_kernel/ingress_valid_q_reg,u_dut/u_unified_p4_kernel/slot_state_q_reg,1,-0.039,0,0.0,0.039,DISAPPEARED_AFTER_R6
DUT_INTERNAL,u_dut/u_unified_p4_kernel/issue_desc_active_size_q_reg,u_dut/u_unified_p4_kernel/s0_input_q_reg,16,-0.254,11,-0.138,0.116,SURVIVED_FROM_R5
DUT_INTERNAL,u_dut/u_unified_p4_kernel/issue_desc_bundle_addr_q_reg,u_dut/u_unified_p4_kernel/product_q_reg,4,-0.136,0,0.0,0.136,DISAPPEARED_AFTER_R6
DUT_INTERNAL,u_dut/u_unified_p4_kernel/issue_desc_bundle_addr_q_reg,u_dut/u_unified_p4_kernel/product_q_reg_i_1_psdsp,1,-0.061,0,0.0,0.061,DISAPPEARED_AFTER_R6
DUT_INTERNAL,u_dut/u_unified_p4_kernel/issue_desc_bundle_addr_q_reg,u_dut/u_unified_p4_kernel/product_q_reg_i_2_psdsp,1,-0.062,0,0.0,0.062,DISAPPEARED_AFTER_R6
DUT_INTERNAL,u_dut/u_unified_p4_kernel/issue_desc_bundle_addr_q_reg,u_dut/u_unified_p4_kernel/product_q_reg_i_4_psdsp,1,-0.052,0,0.0,0.052,DISAPPEARED_AFTER_R6
DUT_INTERNAL,u_dut/u_unified_p4_kernel/issue_desc_bundle_addr_q_reg,u_dut/u_unified_p4_kernel/product_q_reg_i_7_psdsp,1,-0.005,0,0.0,0.005,DISAPPEARED_AFTER_R6
DUT_INTERNAL,u_dut/u_unified_p4_kernel/issue_desc_bundle_addr_q_reg_0,u_dut/u_unified_p4_kernel/product_q_reg,1,-0.01,0,0.0,0.01,DISAPPEARED_AFTER_R6
DUT_INTERNAL,u_dut/u_unified_p4_kernel/issue_desc_bundle_addr_q_reg_1,u_dut/u_unified_p4_kernel/product_q_reg_i_4_psdsp,1,-0.061,0,0.0,0.061,DISAPPEARED_AFTER_R6
DUT_INTERNAL,u_dut/u_unified_p4_kernel/issue_desc_bundle_addr_q_reg_10,u_dut/u_unified_p4_kernel/product_q_reg_i_5_psdsp,1,-0.041,0,0.0,0.041,DISAPPEARED_AFTER_R6
DUT_INTERNAL,u_dut/u_unified_p4_kernel/issue_desc_bundle_addr_q_reg_10,u_dut/u_unified_p4_kernel/product_q_reg_i_7_psdsp,1,-0.007,0,0.0,0.007,DISAPPEARED_AFTER_R6
DUT_INTERNAL,u_dut/u_unified_p4_kernel/issue_desc_bundle_addr_q_reg_10,u_dut/u_unified_p4_kernel/product_q_reg_i_8_psdsp,2,-0.08,0,0.0,0.08,DISAPPEARED_AFTER_R6
DUT_INTERNAL,u_dut/u_unified_p4_kernel/issue_desc_bundle_addr_q_reg_11,u_dut/u_unified_p4_kernel/product_q_reg,6,-0.055,0,0.0,0.055,DISAPPEARED_AFTER_R6
DUT_INTERNAL,u_dut/u_unified_p4_kernel/issue_desc_bundle_addr_q_reg_11,u_dut/u_unified_p4_kernel/product_q_reg_i_4_psdsp,3,-0.139,0,0.0,0.139,DISAPPEARED_AFTER_R6
DUT_INTERNAL,u_dut/u_unified_p4_kernel/issue_desc_bundle_addr_q_reg_11,u_dut/u_unified_p4_kernel/product_q_reg_i_5_psdsp,1,-0.016,0,0.0,0.016,DISAPPEARED_AFTER_R6
DUT_INTERNAL,u_dut/u_unified_p4_kernel/issue_desc_bundle_addr_q_reg_14,u_dut/u_unified_p4_kernel/product_q_reg,1,-0.004,0,0.0,0.004,DISAPPEARED_AFTER_R6
DUT_INTERNAL,u_dut/u_unified_p4_kernel/issue_desc_bundle_addr_q_reg_2,u_dut/u_unified_p4_kernel/product_q_reg,10,-0.224,0,0.0,0.224,DISAPPEARED_AFTER_R6
DUT_INTERNAL,u_dut/u_unified_p4_kernel/issue_desc_bundle_addr_q_reg_5,u_dut/u_unified_p4_kernel/product_q_reg_i_1_psdsp,1,-0.016,0,0.0,0.016,DISAPPEARED_AFTER_R6
DUT_INTERNAL,u_dut/u_unified_p4_kernel/issue_desc_bundle_addr_q_reg_6,u_dut/u_unified_p4_kernel/product_q_reg_i_8_psdsp,1,-0.103,0,0.0,0.103,DISAPPEARED_AFTER_R6
DUT_INTERNAL,u_dut/u_unified_p4_kernel/issue_desc_bundle_addr_q_reg_7,u_dut/u_unified_p4_kernel/product_q_reg_i_3_psdsp,2,-0.056,0,0.0,0.056,DISAPPEARED_AFTER_R6
DUT_INTERNAL,u_dut/u_unified_p4_kernel/issue_desc_bundle_addr_q_reg_7,u_dut/u_unified_p4_kernel/product_q_reg_i_5_psdsp,1,-0.04,0,0.0,0.04,DISAPPEARED_AFTER_R6
DUT_INTERNAL,u_dut/u_unified_p4_kernel/issue_desc_bundle_addr_q_reg_7,u_dut/u_unified_p4_kernel/product_q_reg_i_6_psdsp,1,-0.019,0,0.0,0.019,DISAPPEARED_AFTER_R6
DUT_INTERNAL,u_dut/u_unified_p4_kernel/issue_desc_bundle_addr_q_reg_7,u_dut/u_unified_p4_kernel/product_q_reg_i_7_psdsp,1,-0.025,0,0.0,0.025,DISAPPEARED_AFTER_R6
DUT_INTERNAL,u_dut/u_unified_p4_kernel/issue_desc_bundle_addr_q_reg_8,u_dut/u_unified_p4_kernel/product_q_reg,1,-0.023,0,0.0,0.023,DISAPPEARED_AFTER_R6
DUT_INTERNAL,u_dut/u_unified_p4_kernel/issue_desc_bundle_addr_q_reg_8,u_dut/u_unified_p4_kernel/product_q_reg_i_1_psdsp,0,0.0,2,-0.033,-0.033,NEWLY_EXPOSED_AFTER_R6
DUT_INTERNAL,u_dut/u_unified_p4_kernel/issue_desc_bundle_addr_q_reg_8,u_dut/u_unified_p4_kernel/product_q_reg_i_1_psdsp_1,1,-0.027,0,0.0,0.027,DISAPPEARED_AFTER_R6
DUT_INTERNAL,u_dut/u_unified_p4_kernel/issue_desc_bundle_addr_q_reg_8,u_dut/u_unified_p4_kernel/product_q_reg_i_1_psdsp_5,1,-0.015,0,0.0,0.015,DISAPPEARED_AFTER_R6
DUT_INTERNAL,u_dut/u_unified_p4_kernel/issue_desc_bundle_addr_q_reg_8,u_dut/u_unified_p4_kernel/product_q_reg_i_2_psdsp,0,0.0,1,-0.006,-0.006,NEWLY_EXPOSED_AFTER_R6
DUT_INTERNAL,u_dut/u_unified_p4_kernel/issue_desc_bundle_addr_q_reg_8,u_dut/u_unified_p4_kernel/product_q_reg_i_3_psdsp,1,-0.028,0,0.0,0.028,DISAPPEARED_AFTER_R6
DUT_INTERNAL,u_dut/u_unified_p4_kernel/issue_desc_bundle_addr_q_reg_8,u_dut/u_unified_p4_kernel/product_q_reg_i_4_psdsp,1,-0.023,2,-0.041,-0.018,SURVIVED_FROM_R5
DUT_INTERNAL,u_dut/u_unified_p4_kernel/issue_desc_bundle_addr_q_reg_8,u_dut/u_unified_p4_kernel/product_q_reg_i_5_psdsp,1,-0.054,0,0.0,0.054,DISAPPEARED_AFTER_R6
DUT_INTERNAL,u_dut/u_unified_p4_kernel/issue_desc_bundle_addr_q_reg_8,u_dut/u_unified_p4_kernel/product_q_reg_i_6_psdsp,1,-0.011,0,0.0,0.011,DISAPPEARED_AFTER_R6
DUT_INTERNAL,u_dut/u_unified_p4_kernel/issue_desc_bundle_addr_q_reg_8,u_dut/u_unified_p4_kernel/product_q_reg_i_7_psdsp,3,-0.087,0,0.0,0.087,DISAPPEARED_AFTER_R6
DUT_INTERNAL,u_dut/u_unified_p4_kernel/issue_desc_bundle_addr_q_reg_8,u_dut/u_unified_p4_kernel/product_q_reg_i_8_psdsp,1,-0.075,1,-0.004,0.071,MATERIAL_REDUCTION
DUT_INTERNAL,u_dut/u_unified_p4_kernel/issue_desc_bundle_addr_q_reg_9,u_dut/u_unified_p4_kernel/product_q_reg,2,-0.06,0,0.0,0.06,DISAPPEARED_AFTER_R6
DUT_INTERNAL,u_dut/u_unified_p4_kernel/issue_desc_bundle_addr_q_reg_9,u_dut/u_unified_p4_kernel/product_q_reg_i_4_psdsp_1,1,-0.075,0,0.0,0.075,DISAPPEARED_AFTER_R6
DUT_INTERNAL,u_dut/u_unified_p4_kernel/issue_desc_bundle_addr_q_reg_9,u_dut/u_unified_p4_kernel/product_q_reg_i_8_psdsp,2,-0.038,0,0.0,0.038,DISAPPEARED_AFTER_R6
DUT_INTERNAL,u_dut/u_unified_p4_kernel/issue_desc_slot_q_reg_0,u_dut/u_unified_p4_kernel/s0_input_q_reg,9,-0.317,0,0.0,0.317,DISAPPEARED_AFTER_R6
DUT_INTERNAL,u_dut/u_unified_p4_kernel/issue_desc_slot_q_reg_1,u_dut/u_unified_p4_kernel/s0_input_q_reg,3,-0.074,0,0.0,0.074,DISAPPEARED_AFTER_R6
DUT_INTERNAL,u_dut/u_unified_p4_kernel/issue_desc_valid_q_reg_1,u_dut/u_unified_p4_kernel/product_q_reg_i_3_psdsp_1,1,-0.015,0,0.0,0.015,DISAPPEARED_AFTER_R6
DUT_INTERNAL,u_dut/u_unified_p4_kernel/issue_desc_valid_q_reg_1,u_dut/u_unified_p4_kernel/product_q_reg_i_6_psdsp,1,-0.007,0,0.0,0.007,DISAPPEARED_AFTER_R6
DUT_INTERNAL,u_dut/u_unified_p4_kernel/issue_desc_valid_q_reg_10,u_dut/u_unified_p4_kernel/product_q_reg_i_2_psdsp,3,-0.066,0,0.0,0.066,DISAPPEARED_AFTER_R6
DUT_INTERNAL,u_dut/u_unified_p4_kernel/issue_desc_valid_q_reg_10,u_dut/u_unified_p4_kernel/product_q_reg_i_3_psdsp,3,-0.092,0,0.0,0.092,DISAPPEARED_AFTER_R6
DUT_INTERNAL,u_dut/u_unified_p4_kernel/issue_desc_valid_q_reg_10,u_dut/u_unified_p4_kernel/product_q_reg_i_4_psdsp,3,-0.092,0,0.0,0.092,DISAPPEARED_AFTER_R6
DUT_INTERNAL,u_dut/u_unified_p4_kernel/issue_desc_valid_q_reg_10,u_dut/u_unified_p4_kernel/product_q_reg_i_5_psdsp,1,-0.043,0,0.0,0.043,DISAPPEARED_AFTER_R6
DUT_INTERNAL,u_dut/u_unified_p4_kernel/issue_desc_valid_q_reg_10,u_dut/u_unified_p4_kernel/product_q_reg_i_6_psdsp,2,-0.081,0,0.0,0.081,DISAPPEARED_AFTER_R6
DUT_INTERNAL,u_dut/u_unified_p4_kernel/issue_desc_valid_q_reg_10,u_dut/u_unified_p4_kernel/product_q_reg_i_7_psdsp,3,-0.091,0,0.0,0.091,DISAPPEARED_AFTER_R6
DUT_INTERNAL,u_dut/u_unified_p4_kernel/issue_desc_valid_q_reg_18,u_dut/u_unified_p4_kernel/product_q_reg_i_3_psdsp,1,-0.085,0,0.0,0.085,DISAPPEARED_AFTER_R6
DUT_INTERNAL,u_dut/u_unified_p4_kernel/issue_desc_valid_q_reg_18,u_dut/u_unified_p4_kernel/product_q_reg_i_5_psdsp,1,-0.07,0,0.0,0.07,DISAPPEARED_AFTER_R6
DUT_INTERNAL,u_dut/u_unified_p4_kernel/issue_desc_valid_q_reg_18,u_dut/u_unified_p4_kernel/product_q_reg_i_8_psdsp,2,-0.106,0,0.0,0.106,DISAPPEARED_AFTER_R6
DUT_INTERNAL,u_dut/u_unified_p4_kernel/issue_slot_q_reg,u_dut/u_unified_p4_kernel/issue_active_q_reg,1,-0.05,0,0.0,0.05,DISAPPEARED_AFTER_R6
DUT_INTERNAL,u_dut/u_unified_p4_kernel/issue_slot_q_reg,u_dut/u_unified_p4_kernel/issue_group_q_reg,4,-0.213,0,0.0,0.213,DISAPPEARED_AFTER_R6
DUT_INTERNAL,u_dut/u_unified_p4_kernel/pipe_out_data_q_reg,u_dut/u_unified_p4_kernel/fifo_data_q_reg,41,-1.327,0,0.0,1.327,DISAPPEARED_AFTER_R6
DUT_INTERNAL,u_dut/u_unified_p4_kernel/ready_fifo_mem_reg,u_dut/u_unified_p4_kernel/issue_desc_bundle_addr_q_reg,1,-0.112,0,0.0,0.112,DISAPPEARED_AFTER_R6
DUT_INTERNAL,u_dut/u_unified_p4_kernel/ready_fifo_mem_reg,u_dut/u_unified_p4_kernel/issue_desc_bundle_addr_q_reg_0,2,-0.18,0,0.0,0.18,DISAPPEARED_AFTER_R6
DUT_INTERNAL,u_dut/u_unified_p4_kernel/ready_fifo_mem_reg,u_dut/u_unified_p4_kernel/issue_desc_bundle_addr_q_reg_1,1,-0.046,0,0.0,0.046,DISAPPEARED_AFTER_R6
DUT_INTERNAL,u_dut/u_unified_p4_kernel/ready_fifo_mem_reg,u_dut/u_unified_p4_kernel/issue_desc_bundle_addr_q_reg_10,1,-0.075,0,0.0,0.075,DISAPPEARED_AFTER_R6
DUT_INTERNAL,u_dut/u_unified_p4_kernel/ready_fifo_mem_reg,u_dut/u_unified_p4_kernel/issue_desc_bundle_addr_q_reg_11,2,-0.063,0,0.0,0.063,DISAPPEARED_AFTER_R6
DUT_INTERNAL,u_dut/u_unified_p4_kernel/ready_fifo_mem_reg,u_dut/u_unified_p4_kernel/issue_desc_bundle_addr_q_reg_14,2,-0.118,0,0.0,0.118,DISAPPEARED_AFTER_R6
DUT_INTERNAL,u_dut/u_unified_p4_kernel/ready_fifo_mem_reg,u_dut/u_unified_p4_kernel/issue_desc_bundle_addr_q_reg_15,1,-0.025,0,0.0,0.025,DISAPPEARED_AFTER_R6
DUT_INTERNAL,u_dut/u_unified_p4_kernel/ready_fifo_mem_reg,u_dut/u_unified_p4_kernel/issue_desc_bundle_addr_q_reg_2,2,-0.2,0,0.0,0.2,DISAPPEARED_AFTER_R6
DUT_INTERNAL,u_dut/u_unified_p4_kernel/ready_fifo_mem_reg,u_dut/u_unified_p4_kernel/issue_desc_bundle_addr_q_reg_3,2,-0.225,0,0.0,0.225,DISAPPEARED_AFTER_R6
DUT_INTERNAL,u_dut/u_unified_p4_kernel/ready_fifo_mem_reg,u_dut/u_unified_p4_kernel/issue_desc_bundle_addr_q_reg_4,2,-0.225,1,-0.007,0.218,MATERIAL_REDUCTION
DUT_INTERNAL,u_dut/u_unified_p4_kernel/ready_fifo_mem_reg,u_dut/u_unified_p4_kernel/issue_desc_bundle_addr_q_reg_5,3,-0.085,0,0.0,0.085,DISAPPEARED_AFTER_R6
DUT_INTERNAL,u_dut/u_unified_p4_kernel/ready_fifo_mem_reg,u_dut/u_unified_p4_kernel/issue_desc_bundle_addr_q_reg_6,2,-0.155,0,0.0,0.155,DISAPPEARED_AFTER_R6
DUT_INTERNAL,u_dut/u_unified_p4_kernel/ready_fifo_mem_reg,u_dut/u_unified_p4_kernel/issue_desc_bundle_addr_q_reg_7,1,-0.012,0,0.0,0.012,DISAPPEARED_AFTER_R6
DUT_INTERNAL,u_dut/u_unified_p4_kernel/ready_fifo_mem_reg,u_dut/u_unified_p4_kernel/issue_desc_bundle_addr_q_reg_8,1,-0.002,0,0.0,0.002,DISAPPEARED_AFTER_R6
DUT_INTERNAL,u_dut/u_unified_p4_kernel/ready_fifo_mem_reg,u_dut/u_unified_p4_kernel/issue_desc_bundle_addr_q_reg_9,3,-0.098,0,0.0,0.098,DISAPPEARED_AFTER_R6
DUT_INTERNAL,u_dut/u_unified_p4_kernel/ready_fifo_mem_reg,u_dut/u_unified_p4_kernel/issue_desc_last_q_reg,1,-0.082,0,0.0,0.082,DISAPPEARED_AFTER_R6
DUT_INTERNAL,u_dut/u_unified_p4_kernel/reduce_l4_q_reg,u_dut/u_unified_p4_kernel/reduce_l5_q_reg,24,-1.307,4,-0.02,1.287,MATERIAL_REDUCTION
DUT_INTERNAL,u_dut/u_unified_p4_kernel/reserved_groups_q_reg,u_dut/kernel_rd_resp_data_q_reg,4,-0.036,0,0.0,0.036,DISAPPEARED_AFTER_R6
DUT_INTERNAL,u_dut/u_unified_p4_kernel/reserved_groups_q_reg,u_dut/lfnst_mem_req_last_q_reg,1,-0.004,0,0.0,0.004,DISAPPEARED_AFTER_R6
DUT_INTERNAL,u_dut/u_unified_p4_kernel/reserved_groups_q_reg,u_dut/rd_cmd_addr_q_reg,2,-0.004,0,0.0,0.004,DISAPPEARED_AFTER_R6
DUT_INTERNAL,u_dut/u_unified_p4_kernel/reserved_groups_q_reg,u_dut/u_unified_p4_kernel/slot_state_q_reg,4,-0.444,0,0.0,0.444,DISAPPEARED_AFTER_R6
DUT_INTERNAL,u_dut/u_unified_p4_kernel/s0_input_q_reg,u_dut/u_unified_p4_kernel/product_q_reg,1,-0.089,0,0.0,0.089,DISAPPEARED_AFTER_R6
DUT_INTERNAL,u_dut/u_unified_p4_kernel/s1_valid_q_reg,u_dut/u_unified_p4_kernel/reduce_l1_q_reg,4,-0.188,0,0.0,0.188,DISAPPEARED_AFTER_R6
DUT_INTERNAL,u_dut/u_unified_p4_kernel/s6_shift_q_reg,u_dut/u_unified_p4_kernel/shifted_wide_q_reg,6,-0.225,0,0.0,0.225,DISAPPEARED_AFTER_R6
DUT_INTERNAL,u_dut/u_unified_p4_kernel/slot_state_q_reg,u_dut/kernel_feed_group_q_reg,4,-0.133,0,0.0,0.133,DISAPPEARED_AFTER_R6
DUT_INTERNAL,u_dut/u_unified_p4_kernel/slot_state_q_reg,u_dut/kernel_h_input_commit_wait_q_reg,1,-0.007,0,0.0,0.007,DISAPPEARED_AFTER_R6
DUT_INTERNAL,u_dut/u_unified_p4_kernel/slot_state_q_reg,u_dut/kernel_h_rd_data_q_reg,0,0.0,22,-0.415,-0.415,NEWLY_EXPOSED_AFTER_R6
DUT_INTERNAL,u_dut/u_unified_p4_kernel/slot_state_q_reg,u_dut/kernel_h_rd_data_tail_q_reg,0,0.0,10,-0.159,-0.159,NEWLY_EXPOSED_AFTER_R6
DUT_INTERNAL,u_dut/u_unified_p4_kernel/slot_state_q_reg,u_dut/kernel_h_rd_raw_group_q_reg,0,0.0,2,-0.01,-0.01,NEWLY_EXPOSED_AFTER_R6
DUT_INTERNAL,u_dut/u_unified_p4_kernel/slot_state_q_reg,u_dut/kernel_h_rd_raw_vector_q_reg,0,0.0,4,-0.026,-0.026,NEWLY_EXPOSED_AFTER_R6
DUT_INTERNAL,u_dut/u_unified_p4_kernel/slot_state_q_reg,u_dut/kernel_rd_raw_data_q_reg,0,0.0,15,-0.259,-0.259,NEWLY_EXPOSED_AFTER_R6
DUT_INTERNAL,u_dut/u_unified_p4_kernel/slot_state_q_reg,u_dut/kernel_rd_resp_data_q_reg,5,-0.125,0,0.0,0.125,DISAPPEARED_AFTER_R6
DUT_INTERNAL,u_dut/u_unified_p4_kernel/slot_state_q_reg,u_dut/lfnst_gather_index_q_reg,3,-0.15,2,-0.063,0.087,MATERIAL_REDUCTION
DUT_INTERNAL,u_dut/u_unified_p4_kernel/slot_state_q_reg,u_dut/lfnst_gather_q_reg,1,-0.006,0,0.0,0.006,DISAPPEARED_AFTER_R6
DUT_INTERNAL,u_dut/u_unified_p4_kernel/slot_state_q_reg,u_dut/lfnst_tail_index_q_reg,4,-0.26,4,-0.126,0.134,MATERIAL_REDUCTION
DUT_INTERNAL,u_dut/u_unified_p4_kernel/slot_state_q_reg,u_dut/rd_cmd_addr_q_reg,22,-1.055,5,-0.067,0.988,MATERIAL_REDUCTION
DUT_INTERNAL,u_dut/u_unified_p4_kernel/slot_state_q_reg,u_dut/u_unified_p4_kernel/slot_bundle_base_q_reg,3,-0.102,0,0.0,0.102,DISAPPEARED_AFTER_R6
DUT_INTERNAL,u_dut/u_unified_p4_kernel/slot_state_q_reg,u_dut/u_unified_p4_kernel/slot_group_count_q_reg,4,-0.153,0,0.0,0.153,DISAPPEARED_AFTER_R6
DUT_INTERNAL,u_dut/u_unified_p4_kernel/slot_state_q_reg,u_dut/u_unified_p4_kernel/slot_size_q_reg,2,-0.026,0,0.0,0.026,DISAPPEARED_AFTER_R6
DUT_INTERNAL,u_dut/vwrite_cmd_bank_mask_q_reg,u_dut/temp_bank,8,-0.38,0,0.0,0.38,DISAPPEARED_AFTER_R6
DUT_INTERNAL,u_dut/vwrite_cmd_data_q_reg,u_dut/temp_bank,15,-0.541,0,0.0,0.541,DISAPPEARED_AFTER_R6
DUT_INTERNAL,u_dut/vwrite_cmd_valid_q_reg,u_dut/temp_bank,20,-1.324,0,0.0,1.324,DISAPPEARED_AFTER_R6
DUT_TO_SINK_BOUNDARY,u_dut/output_index_reg,harness/sink_boundary,22,-1.576,7,-0.056,1.52,MATERIAL_REDUCTION
SOURCE_BOUNDARY_TO_DUT,harness/source_boundary,u_dut/desc_count_reg,2,-0.087,2,-0.002,0.085,MATERIAL_REDUCTION
SOURCE_BOUNDARY_TO_DUT,harness/source_boundary,u_dut/desc_mem_reg,7,-0.134,0,0.0,0.134,DISAPPEARED_AFTER_R6
