candidate_id,anchor_x,anchor_y,region_x_min,region_x_max,region_y_min,region_y_max,candidate_tile_x,candidate_tile_y,coverage_ratio,site_count,clock_regions,legal_ff_capacity,available_ff_capacity,occupied_ff,projected_ff_utilization,basic_geometry_pass,basic_rejection_reason
A_X056_Y076,56,76,44,68,60,92,211.0,169.0,1.0,825,"{""X1Y1"": 396, ""X2Y1"": 429}",13200,9951,3249,0.2509848484848485,True,
A_X056_Y080,56,80,44,68,64,96,211.0,165.0,1.0,825,"{""X1Y1"": 396, ""X2Y1"": 429}",13200,9698,3502,0.27015151515151514,True,
A_X056_Y084,56,84,44,68,68,100,211.0,161.0,1.0,825,"{""X1Y1"": 396, ""X2Y1"": 429}",13200,9646,3554,0.2740909090909091,True,
A_X056_Y088,56,88,44,68,72,104,211.0,157.0,1.0,825,"{""X1Y1"": 396, ""X2Y1"": 429}",13200,9475,3725,0.28704545454545455,True,
A_X056_Y092,56,92,44,68,76,108,211.0,152.0,1.0,825,"{""X1Y1"": 396, ""X2Y1"": 429}",13200,9437,3763,0.2899242424242424,True,
A_X056_Y096,56,96,44,68,80,112,211.0,148.0,1.0,825,"{""X1Y1"": 396, ""X2Y1"": 429}",13200,9367,3833,0.2952272727272727,True,
A_X056_Y100,56,100,44,68,84,116,211.0,144.0,1.0,825,"{""X1Y1"": 396, ""X2Y1"": 429}",13200,9223,3977,0.30613636363636365,True,
A_X056_Y104,56,104,44,68,88,120,211.0,140.0,1.0,825,"{""X1Y1"": 384, ""X1Y2"": 12, ""X2Y1"": 416, ""X2Y2"": 13}",13200,9312,3888,0.2993939393939394,True,
A_X056_Y108,56,108,44,68,92,124,211.0,136.0,1.0,825,"{""X1Y1"": 336, ""X1Y2"": 60, ""X2Y1"": 364, ""X2Y2"": 65}",13200,9457,3743,0.2884090909090909,True,
A_X056_Y112,56,112,44,68,96,128,211.0,132.0,1.0,825,"{""X1Y1"": 288, ""X1Y2"": 108, ""X2Y1"": 312, ""X2Y2"": 117}",13200,9536,3664,0.2824242424242424,True,
A_X056_Y116,56,116,44,68,100,132,211.0,128.0,1.0,825,"{""X1Y1"": 240, ""X1Y2"": 156, ""X2Y1"": 260, ""X2Y2"": 169}",13200,9590,3610,0.2783333333333333,True,
A_X060_Y076,60,76,48,72,60,92,222.0,169.0,1.0,825,"{""X1Y1"": 264, ""X2Y1"": 561}",13200,9749,3451,0.2662878787878788,True,
A_X060_Y080,60,80,48,72,64,96,222.0,165.0,1.0,825,"{""X1Y1"": 264, ""X2Y1"": 561}",13200,9433,3767,0.2902272727272727,True,
A_X060_Y084,60,84,48,72,68,100,222.0,161.0,1.0,825,"{""X1Y1"": 264, ""X2Y1"": 561}",13200,9311,3889,0.299469696969697,True,
A_X060_Y088,60,88,48,72,72,104,222.0,157.0,1.0,825,"{""X1Y1"": 264, ""X2Y1"": 561}",13200,9166,4034,0.3104545454545454,True,
A_X060_Y092,60,92,48,72,76,108,222.0,152.0,1.0,825,"{""X1Y1"": 264, ""X2Y1"": 561}",13200,9162,4038,0.31075757575757573,True,
A_X060_Y096,60,96,48,72,80,112,222.0,148.0,1.0,825,"{""X1Y1"": 264, ""X2Y1"": 561}",13200,9062,4138,0.31833333333333336,True,
A_X060_Y100,60,100,48,72,84,116,222.0,144.0,1.0,825,"{""X1Y1"": 264, ""X2Y1"": 561}",13200,8939,4261,0.32765151515151514,True,
A_X060_Y104,60,104,48,72,88,120,222.0,140.0,1.0,825,"{""X1Y1"": 256, ""X1Y2"": 8, ""X2Y1"": 544, ""X2Y2"": 17}",13200,8997,4203,0.32325757575757574,True,
A_X060_Y108,60,108,48,72,92,124,222.0,136.0,1.0,825,"{""X1Y1"": 224, ""X1Y2"": 40, ""X2Y1"": 476, ""X2Y2"": 85}",13200,9130,4070,0.3131818181818182,True,
A_X060_Y112,60,112,48,72,96,128,222.0,132.0,1.0,825,"{""X1Y1"": 192, ""X1Y2"": 72, ""X2Y1"": 408, ""X2Y2"": 153}",13200,9248,3952,0.30424242424242426,True,
A_X060_Y116,60,116,48,72,100,132,222.0,128.0,1.0,825,"{""X1Y1"": 160, ""X1Y2"": 104, ""X2Y1"": 340, ""X2Y2"": 221}",13200,9348,3852,0.2966666666666667,True,
A_X064_Y076,64,76,52,76,60,92,232.0,169.0,1.0,825,"{""X1Y1"": 132, ""X2Y1"": 693}",13200,9717,3483,0.26871212121212124,True,
A_X064_Y080,64,80,52,76,64,96,232.0,165.0,1.0,825,"{""X1Y1"": 132, ""X2Y1"": 693}",13200,9433,3767,0.2902272727272727,True,
A_X064_Y084,64,84,52,76,68,100,232.0,161.0,1.0,825,"{""X1Y1"": 132, ""X2Y1"": 693}",13200,9221,3979,0.3062878787878788,True,
A_X064_Y088,64,88,52,76,72,104,232.0,157.0,1.0,825,"{""X1Y1"": 132, ""X2Y1"": 693}",13200,9108,4092,0.3148484848484848,True,
A_X064_Y092,64,92,52,76,76,108,232.0,152.0,1.0,825,"{""X1Y1"": 132, ""X2Y1"": 693}",13200,9200,4000,0.30787878787878786,True,
A_X064_Y096,64,96,52,76,80,112,232.0,148.0,1.0,825,"{""X1Y1"": 132, ""X2Y1"": 693}",13200,9137,4063,0.3126515151515151,True,
A_X064_Y100,64,100,52,76,84,116,232.0,144.0,1.0,825,"{""X1Y1"": 132, ""X2Y1"": 693}",13200,9028,4172,0.3209090909090909,True,
A_X064_Y104,64,104,52,76,88,120,232.0,140.0,1.0,825,"{""X1Y1"": 128, ""X1Y2"": 4, ""X2Y1"": 672, ""X2Y2"": 21}",13200,9017,4183,0.3217424242424242,True,
A_X064_Y108,64,108,52,76,92,124,232.0,136.0,1.0,825,"{""X1Y1"": 112, ""X1Y2"": 20, ""X2Y1"": 588, ""X2Y2"": 105}",13200,9132,4068,0.31303030303030305,True,
A_X064_Y112,64,112,52,76,96,128,232.0,132.0,1.0,825,"{""X1Y1"": 96, ""X1Y2"": 36, ""X2Y1"": 504, ""X2Y2"": 189}",13200,9364,3836,0.29545454545454547,True,
A_X064_Y116,64,116,52,76,100,132,232.0,128.0,1.0,825,"{""X1Y1"": 80, ""X1Y2"": 52, ""X2Y1"": 420, ""X2Y2"": 273}",13200,9478,3722,0.2868181818181818,True,
A_X068_Y076,68,76,56,80,60,92,243.0,169.0,1.0,825,"{""X2Y1"": 825}",13200,10045,3155,0.24386363636363637,True,
A_X068_Y080,68,80,56,80,64,96,243.0,165.0,1.0,825,"{""X2Y1"": 825}",13200,9751,3449,0.2661363636363636,True,
A_X068_Y084,68,84,56,80,68,100,243.0,161.0,1.0,825,"{""X2Y1"": 825}",13200,9503,3697,0.2849242424242424,True,
A_X068_Y088,68,88,56,80,72,104,243.0,157.0,1.0,825,"{""X2Y1"": 825}",13200,9373,3827,0.2947727272727273,True,
A_X068_Y092,68,92,56,80,76,108,243.0,152.0,1.0,825,"{""X2Y1"": 825}",13200,9423,3777,0.29098484848484846,True,
A_X068_Y096,68,96,56,80,80,112,243.0,148.0,1.0,825,"{""X2Y1"": 825}",13200,9423,3777,0.29098484848484846,True,
A_X068_Y100,68,100,56,80,84,116,243.0,144.0,1.0,825,"{""X2Y1"": 825}",13200,9393,3807,0.2932575757575758,True,
A_X068_Y104,68,104,56,80,88,120,243.0,140.0,1.0,825,"{""X2Y1"": 800, ""X2Y2"": 25}",13200,9488,3712,0.28606060606060607,True,
A_X068_Y108,68,108,56,80,92,124,243.0,136.0,1.0,825,"{""X2Y1"": 700, ""X2Y2"": 125}",13200,9701,3499,0.2699242424242424,True,
A_X068_Y112,68,112,56,80,96,128,243.0,132.0,1.0,825,"{""X2Y1"": 600, ""X2Y2"": 225}",13200,9969,3231,0.24962121212121213,True,
A_X068_Y116,68,116,56,80,100,132,243.0,128.0,1.0,825,"{""X2Y1"": 500, ""X2Y2"": 325}",13200,10024,3176,0.24545454545454545,True,
A_X072_Y076,72,76,60,84,60,92,251.0,169.0,1.0,825,"{""X2Y1"": 825}",13200,9908,3292,0.25424242424242427,True,
A_X072_Y080,72,80,60,84,64,96,251.0,165.0,1.0,825,"{""X2Y1"": 825}",13200,9738,3462,0.26712121212121215,True,
A_X072_Y084,72,84,60,84,68,100,251.0,161.0,1.0,825,"{""X2Y1"": 825}",13200,9582,3618,0.27893939393939393,True,
A_X072_Y088,72,88,60,84,72,104,251.0,157.0,1.0,825,"{""X2Y1"": 825}",13200,9504,3696,0.28484848484848485,True,
A_X072_Y092,72,92,60,84,76,108,251.0,152.0,1.0,825,"{""X2Y1"": 825}",13200,9601,3599,0.2775,True,
A_X072_Y096,72,96,60,84,80,112,251.0,148.0,1.0,825,"{""X2Y1"": 825}",13200,9600,3600,0.2775757575757576,True,
A_X072_Y100,72,100,60,84,84,116,251.0,144.0,1.0,825,"{""X2Y1"": 825}",13200,9643,3557,0.2743181818181818,True,
A_X072_Y104,72,104,60,84,88,120,251.0,140.0,1.0,825,"{""X2Y1"": 800, ""X2Y2"": 25}",13200,9852,3348,0.2584848484848485,True,
A_X072_Y108,72,108,60,84,92,124,251.0,136.0,1.0,825,"{""X2Y1"": 700, ""X2Y2"": 125}",13200,10083,3117,0.2409848484848485,True,
A_X072_Y112,72,112,60,84,96,128,251.0,132.0,1.0,825,"{""X2Y1"": 600, ""X2Y2"": 225}",13200,10369,2831,0.21931818181818183,True,
A_X072_Y116,72,116,60,84,100,132,251.0,128.0,1.0,825,"{""X2Y1"": 500, ""X2Y2"": 325}",13200,10459,2741,0.2125,True,
A_X076_Y076,76,76,64,88,60,92,264.0,169.0,1.0,825,"{""X2Y1"": 825}",13200,10092,3108,0.2403030303030303,True,
A_X076_Y080,76,80,64,88,64,96,264.0,165.0,1.0,825,"{""X2Y1"": 825}",13200,9860,3340,0.2578787878787879,True,
A_X076_Y084,76,84,64,88,68,100,264.0,161.0,1.0,825,"{""X2Y1"": 825}",13200,9626,3574,0.27560606060606063,True,
A_X076_Y088,76,88,64,88,72,104,264.0,157.0,1.0,825,"{""X2Y1"": 825}",13200,9490,3710,0.2859090909090909,True,
A_X076_Y092,76,92,64,88,76,108,264.0,152.0,1.0,825,"{""X2Y1"": 825}",13200,9524,3676,0.2833333333333333,True,
A_X076_Y096,76,96,64,88,80,112,264.0,148.0,1.0,825,"{""X2Y1"": 825}",13200,9576,3624,0.2793939393939394,True,
A_X076_Y100,76,100,64,88,84,116,264.0,144.0,1.0,825,"{""X2Y1"": 825}",13200,9687,3513,0.2709848484848485,True,
A_X076_Y104,76,104,64,88,88,120,264.0,140.0,1.0,825,"{""X2Y1"": 800, ""X2Y2"": 25}",13200,9969,3231,0.24962121212121213,True,
A_X076_Y108,76,108,64,88,92,124,264.0,136.0,1.0,825,"{""X2Y1"": 700, ""X2Y2"": 125}",13200,10285,2915,0.22568181818181818,True,
A_X076_Y112,76,112,64,88,96,128,264.0,132.0,1.0,825,"{""X2Y1"": 600, ""X2Y2"": 225}",13200,10641,2559,0.1987121212121212,True,
A_X076_Y116,76,116,64,88,100,132,264.0,128.0,1.0,825,"{""X2Y1"": 500, ""X2Y2"": 325}",13200,10813,2387,0.18568181818181817,True,
A_X080_Y076,80,76,68,92,60,92,276.0,169.0,1.0,825,"{""X2Y1"": 726, ""X3Y1"": 99}",13200,9740,3460,0.26696969696969697,True,
A_X080_Y080,80,80,68,92,64,96,276.0,165.0,1.0,825,"{""X2Y1"": 726, ""X3Y1"": 99}",13200,9355,3845,0.29613636363636364,True,
A_X080_Y084,80,84,68,92,68,100,276.0,161.0,1.0,825,"{""X2Y1"": 726, ""X3Y1"": 99}",13200,8964,4236,0.32575757575757575,True,
A_X080_Y088,80,88,68,92,72,104,276.0,157.0,1.0,825,"{""X2Y1"": 726, ""X3Y1"": 99}",13200,8728,4472,0.34363636363636363,True,
A_X080_Y092,80,92,68,92,76,108,276.0,152.0,1.0,825,"{""X2Y1"": 726, ""X3Y1"": 99}",13200,8670,4530,0.348030303030303,True,
A_X080_Y096,80,96,68,92,80,112,276.0,148.0,1.0,825,"{""X2Y1"": 726, ""X3Y1"": 99}",13200,8807,4393,0.33765151515151515,True,
A_X080_Y100,80,100,68,92,84,116,276.0,144.0,1.0,825,"{""X2Y1"": 726, ""X3Y1"": 99}",13200,9072,4128,0.31757575757575757,True,
A_X080_Y104,80,104,68,92,88,120,276.0,140.0,1.0,825,"{""X2Y1"": 704, ""X2Y2"": 22, ""X3Y1"": 96, ""X3Y2"": 3}",13200,9499,3701,0.2852272727272727,True,
A_X080_Y108,80,108,68,92,92,124,276.0,136.0,1.0,825,"{""X2Y1"": 616, ""X2Y2"": 110, ""X3Y1"": 84, ""X3Y2"": 15}",13200,9940,3260,0.25181818181818183,True,
A_X080_Y112,80,112,68,92,96,128,276.0,132.0,1.0,825,"{""X2Y1"": 528, ""X2Y2"": 198, ""X3Y1"": 72, ""X3Y2"": 27}",13200,10400,2800,0.21696969696969698,True,
A_X080_Y116,80,116,68,92,100,132,276.0,128.0,1.0,825,"{""X2Y1"": 440, ""X2Y2"": 286, ""X3Y1"": 60, ""X3Y2"": 39}",13200,10719,2481,0.1928030303030303,True,
A_X084_Y076,84,76,72,96,60,92,286.0,169.0,1.0,825,"{""X2Y1"": 594, ""X3Y1"": 231}",13200,9632,3568,0.27515151515151515,True,
A_X084_Y080,84,80,72,96,64,96,286.0,165.0,1.0,825,"{""X2Y1"": 594, ""X3Y1"": 231}",13200,9178,4022,0.30954545454545457,True,
A_X084_Y084,84,84,72,96,68,100,286.0,161.0,1.0,825,"{""X2Y1"": 594, ""X3Y1"": 231}",13200,8757,4443,0.34143939393939393,True,
A_X084_Y088,84,88,72,96,72,104,286.0,157.0,1.0,825,"{""X2Y1"": 594, ""X3Y1"": 231}",13200,8483,4717,0.3621969696969697,True,
A_X084_Y092,84,92,72,96,76,108,286.0,152.0,1.0,825,"{""X2Y1"": 594, ""X3Y1"": 231}",13200,8299,4901,0.37613636363636366,True,
A_X084_Y096,84,96,72,96,80,112,286.0,148.0,1.0,825,"{""X2Y1"": 594, ""X3Y1"": 231}",13200,8395,4805,0.36886363636363634,True,
A_X084_Y100,84,100,72,96,84,116,286.0,144.0,1.0,825,"{""X2Y1"": 594, ""X3Y1"": 231}",13200,8733,4467,0.34325757575757576,True,
A_X084_Y104,84,104,72,96,88,120,286.0,140.0,1.0,825,"{""X2Y1"": 576, ""X2Y2"": 18, ""X3Y1"": 224, ""X3Y2"": 7}",13200,9247,3953,0.3043181818181818,True,
A_X084_Y108,84,108,72,96,92,124,286.0,136.0,1.0,825,"{""X2Y1"": 504, ""X2Y2"": 90, ""X3Y1"": 196, ""X3Y2"": 35}",13200,9808,3392,0.26181818181818184,True,
A_X084_Y112,84,112,72,96,96,128,286.0,132.0,1.0,825,"{""X2Y1"": 432, ""X2Y2"": 162, ""X3Y1"": 168, ""X3Y2"": 63}",13200,10367,2833,0.21946969696969698,True,
A_X084_Y116,84,116,72,96,100,132,286.0,128.0,1.0,825,"{""X2Y1"": 360, ""X2Y2"": 234, ""X3Y1"": 140, ""X3Y2"": 91}",13200,10760,2440,0.1896969696969697,True,
A_X088_Y076,88,76,76,100,60,92,297.0,169.0,1.0,825,"{""X2Y1"": 462, ""X3Y1"": 363}",13200,10233,2967,0.22962121212121211,True,
A_X088_Y080,88,80,76,100,64,96,297.0,165.0,1.0,825,"{""X2Y1"": 462, ""X3Y1"": 363}",13200,9743,3457,0.2667424242424242,True,
A_X088_Y084,88,84,76,100,68,100,297.0,161.0,1.0,825,"{""X2Y1"": 462, ""X3Y1"": 363}",13200,9425,3775,0.29083333333333333,True,
A_X088_Y088,88,88,76,100,72,104,297.0,157.0,1.0,825,"{""X2Y1"": 462, ""X3Y1"": 363}",13200,9128,4072,0.31333333333333335,True,
A_X088_Y092,88,92,76,100,76,108,297.0,152.0,1.0,825,"{""X2Y1"": 462, ""X3Y1"": 363}",13200,8869,4331,0.33295454545454545,True,
A_X088_Y096,88,96,76,100,80,112,297.0,148.0,1.0,825,"{""X2Y1"": 462, ""X3Y1"": 363}",13200,8931,4269,0.32825757575757575,True,
A_X088_Y100,88,100,76,100,84,116,297.0,144.0,1.0,825,"{""X2Y1"": 462, ""X3Y1"": 363}",13200,9271,3929,0.3025,True,
A_X088_Y104,88,104,76,100,88,120,297.0,140.0,1.0,825,"{""X2Y1"": 448, ""X2Y2"": 14, ""X3Y1"": 352, ""X3Y2"": 11}",13200,9783,3417,0.26371212121212123,True,
A_X088_Y108,88,108,76,100,92,124,297.0,136.0,1.0,825,"{""X2Y1"": 392, ""X2Y2"": 70, ""X3Y1"": 308, ""X3Y2"": 55}",13200,10316,2884,0.22333333333333333,True,
A_X088_Y112,88,112,76,100,96,128,297.0,132.0,1.0,825,"{""X2Y1"": 336, ""X2Y2"": 126, ""X3Y1"": 264, ""X3Y2"": 99}",13200,10845,2355,0.18325757575757576,True,
A_X088_Y116,88,116,76,100,100,132,297.0,128.0,1.0,825,"{""X2Y1"": 280, ""X2Y2"": 182, ""X3Y1"": 220, ""X3Y2"": 143}",13200,11198,2002,0.15651515151515152,True,
A_X092_Y076,92,76,80,104,60,92,309.0,169.0,1.0,825,"{""X2Y1"": 330, ""X3Y1"": 495}",13200,10731,2469,0.1918939393939394,True,
A_X092_Y080,92,80,80,104,64,96,309.0,165.0,1.0,825,"{""X2Y1"": 330, ""X3Y1"": 495}",13200,10298,2902,0.2246969696969697,True,
A_X092_Y084,92,84,80,104,68,100,309.0,161.0,1.0,825,"{""X2Y1"": 330, ""X3Y1"": 495}",13200,10045,3155,0.24386363636363637,True,
A_X092_Y088,92,88,80,104,72,104,309.0,157.0,1.0,825,"{""X2Y1"": 330, ""X3Y1"": 495}",13200,9820,3380,0.2609090909090909,True,
A_X092_Y092,92,92,80,104,76,108,309.0,152.0,1.0,825,"{""X2Y1"": 330, ""X3Y1"": 495}",13200,9589,3611,0.2784090909090909,True,
A_X092_Y096,92,96,80,104,80,112,309.0,148.0,1.0,825,"{""X2Y1"": 330, ""X3Y1"": 495}",13200,9612,3588,0.27666666666666667,True,
A_X092_Y100,92,100,80,104,84,116,309.0,144.0,1.0,825,"{""X2Y1"": 330, ""X3Y1"": 495}",13200,9941,3259,0.25174242424242427,True,
A_X092_Y104,92,104,80,104,88,120,309.0,140.0,1.0,825,"{""X2Y1"": 320, ""X2Y2"": 10, ""X3Y1"": 480, ""X3Y2"": 15}",13200,10378,2822,0.21863636363636363,True,
A_X092_Y108,92,108,80,104,92,124,309.0,136.0,1.0,825,"{""X2Y1"": 280, ""X2Y2"": 50, ""X3Y1"": 420, ""X3Y2"": 75}",13200,10829,2371,0.18446969696969698,True,
A_X092_Y112,92,112,80,104,96,128,309.0,132.0,1.0,825,"{""X2Y1"": 240, ""X2Y2"": 90, ""X3Y1"": 360, ""X3Y2"": 135}",13200,11305,1895,0.1484090909090909,True,
A_X092_Y116,92,116,80,104,100,132,309.0,128.0,1.0,825,"{""X2Y1"": 200, ""X2Y2"": 130, ""X3Y1"": 300, ""X3Y2"": 195}",13200,11652,1548,0.12212121212121212,True,
A_X096_Y076,96,76,84,108,60,92,322.0,169.0,1.0,825,"{""X2Y1"": 198, ""X3Y1"": 627}",13200,11482,1718,0.135,True,
A_X096_Y080,96,80,84,108,64,96,322.0,165.0,1.0,825,"{""X2Y1"": 198, ""X3Y1"": 627}",13200,11090,2110,0.1646969696969697,True,
A_X096_Y084,96,84,84,108,68,100,322.0,161.0,1.0,825,"{""X2Y1"": 198, ""X3Y1"": 627}",13200,10841,2359,0.18356060606060606,True,
A_X096_Y088,96,88,84,108,72,104,322.0,157.0,1.0,825,"{""X2Y1"": 198, ""X3Y1"": 627}",13200,10600,2600,0.2018181818181818,True,
A_X096_Y092,96,92,84,108,76,108,322.0,152.0,1.0,825,"{""X2Y1"": 198, ""X3Y1"": 627}",13200,10316,2884,0.22333333333333333,True,
A_X096_Y096,96,96,84,108,80,112,322.0,148.0,1.0,825,"{""X2Y1"": 198, ""X3Y1"": 627}",13200,10277,2923,0.2262878787878788,True,
A_X096_Y100,96,100,84,108,84,116,322.0,144.0,1.0,825,"{""X2Y1"": 198, ""X3Y1"": 627}",13200,10533,2667,0.2068939393939394,True,
A_X096_Y104,96,104,84,108,88,120,322.0,140.0,1.0,825,"{""X2Y1"": 192, ""X2Y2"": 6, ""X3Y1"": 608, ""X3Y2"": 19}",13200,10866,2334,0.18166666666666667,True,
A_X096_Y108,96,108,84,108,92,124,322.0,136.0,1.0,825,"{""X2Y1"": 168, ""X2Y2"": 30, ""X3Y1"": 532, ""X3Y2"": 95}",13200,11234,1966,0.15378787878787878,True,
A_X096_Y112,96,112,84,108,96,128,322.0,132.0,1.0,825,"{""X2Y1"": 144, ""X2Y2"": 54, ""X3Y1"": 456, ""X3Y2"": 171}",13200,11634,1566,0.12348484848484849,True,
A_X096_Y116,96,116,84,108,100,132,322.0,128.0,1.0,825,"{""X2Y1"": 120, ""X2Y2"": 78, ""X3Y1"": 380, ""X3Y2"": 247}",13200,11963,1237,0.09856060606060606,True,
A_X100_Y076,100,76,88,112,60,92,333.0,169.0,1.0,825,"{""X2Y1"": 66, ""X3Y1"": 759}",13200,11942,1258,0.10015151515151516,True,
A_X100_Y080,100,80,88,112,64,96,333.0,165.0,1.0,825,"{""X2Y1"": 66, ""X3Y1"": 759}",13200,11634,1566,0.12348484848484849,True,
A_X100_Y084,100,84,88,112,68,100,333.0,161.0,1.0,825,"{""X2Y1"": 66, ""X3Y1"": 759}",13200,11436,1764,0.1384848484848485,True,
A_X100_Y088,100,88,88,112,72,104,333.0,157.0,1.0,825,"{""X2Y1"": 66, ""X3Y1"": 759}",13200,11252,1948,0.15242424242424243,True,
A_X100_Y092,100,92,88,112,76,108,333.0,152.0,1.0,825,"{""X2Y1"": 66, ""X3Y1"": 759}",13200,11007,2193,0.1709848484848485,True,
A_X100_Y096,100,96,88,112,80,112,333.0,148.0,1.0,825,"{""X2Y1"": 66, ""X3Y1"": 759}",13200,10885,2315,0.18022727272727274,True,
A_X100_Y100,100,100,88,112,84,116,333.0,144.0,1.0,825,"{""X2Y1"": 66, ""X3Y1"": 759}",13200,11048,2152,0.16787878787878788,True,
A_X100_Y104,100,104,88,112,88,120,333.0,140.0,1.0,825,"{""X2Y1"": 64, ""X2Y2"": 2, ""X3Y1"": 736, ""X3Y2"": 23}",13200,11301,1899,0.1487121212121212,True,
A_X100_Y108,100,108,88,112,92,124,333.0,136.0,1.0,825,"{""X2Y1"": 56, ""X2Y2"": 10, ""X3Y1"": 644, ""X3Y2"": 115}",13200,11595,1605,0.12643939393939393,True,
A_X100_Y112,100,112,88,112,96,128,333.0,132.0,1.0,825,"{""X2Y1"": 48, ""X2Y2"": 18, ""X3Y1"": 552, ""X3Y2"": 207}",13200,11907,1293,0.1028030303030303,True,
A_X100_Y116,100,116,88,112,100,132,333.0,128.0,1.0,825,"{""X2Y1"": 40, ""X2Y2"": 26, ""X3Y1"": 460, ""X3Y2"": 299}",13200,12189,1011,0.08143939393939394,True,

