"ingress_bit","endpoint_d","startpoint","slack","logic_levels","logic_delay_ns","routing_delay_ns","datapath_delay_ns","start_cell","start_loc","start_site","start_tile","start_tile_x","start_tile_y","start_clock_region","end_cell","end_loc","end_site","end_tile","end_tile_x","end_tile_y","end_clock_region","source_family"
"0","u_dut/u_unified_p4_kernel/ingress_data_q_reg[0]/D","u_dut/kernel_vector_q_reg[1]_rep__2/C","-0.119","5","0.488","1.563","2.051","u_dut/kernel_vector_q_reg[1]_rep__2","SLICE_X67Y157","SLICE_X67Y157","CLEM_X44Y157","241","85","X2Y2","u_dut/u_unified_p4_kernel/ingress_data_q_reg[0]","SLICE_X69Y131","SLICE_X69Y131","CLEL_L_X45Y131","244","112","X2Y2","kernel_vector"
"10","u_dut/u_unified_p4_kernel/ingress_data_q_reg[10]/D","u_dut/kernel_stage_q_reg/C","-0.079","6","0.579","1.369","1.948","u_dut/kernel_stage_q_reg","SLICE_X69Y129","SLICE_X69Y129","CLEL_L_X45Y129","244","114","X2Y2","u_dut/u_unified_p4_kernel/ingress_data_q_reg[10]","SLICE_X72Y136","SLICE_X72Y136","CLEL_R_X46Y136","251","107","X2Y2","kernel_stage"
"11","u_dut/u_unified_p4_kernel/ingress_data_q_reg[11]/D","u_dut/kernel_stage_q_reg/C","-0.123","6","0.582","1.452","2.034","u_dut/kernel_stage_q_reg","SLICE_X69Y129","SLICE_X69Y129","CLEL_L_X45Y129","244","114","X2Y2","u_dut/u_unified_p4_kernel/ingress_data_q_reg[11]","SLICE_X72Y139","SLICE_X72Y139","CLEL_R_X46Y139","251","104","X2Y2","kernel_stage"
"12","u_dut/u_unified_p4_kernel/ingress_data_q_reg[12]/D","u_dut/kernel_vector_q_reg[1]_rep__1/C","-0.096","5","0.583","1.379","1.962","u_dut/kernel_vector_q_reg[1]_rep__1","SLICE_X60Y150","SLICE_X60Y150","CLEL_R_X39Y150","222","92","X2Y2","u_dut/u_unified_p4_kernel/ingress_data_q_reg[12]","SLICE_X69Y138","SLICE_X69Y138","CLEL_L_X45Y138","244","105","X2Y2","kernel_vector"
"13","u_dut/u_unified_p4_kernel/ingress_data_q_reg[13]/D","u_dut/kernel_vector_q_reg[2]/C","-0.066","4","0.426","1.531","1.957","u_dut/kernel_vector_q_reg[2]","SLICE_X68Y157","SLICE_X68Y157","CLEL_R_X44Y157","243","85","X2Y2","u_dut/u_unified_p4_kernel/ingress_data_q_reg[13]","SLICE_X70Y140","SLICE_X70Y140","CLEL_R_X45Y140","246","103","X2Y2","kernel_vector"
"14","u_dut/u_unified_p4_kernel/ingress_data_q_reg[14]/D","u_dut/kernel_vector_q_reg[0]_rep/C","-0.091","5","0.520","1.504","2.024","u_dut/kernel_vector_q_reg[0]_rep","SLICE_X68Y162","SLICE_X68Y162","CLEL_R_X44Y162","243","80","X2Y2","u_dut/u_unified_p4_kernel/ingress_data_q_reg[14]","SLICE_X69Y136","SLICE_X69Y136","CLEL_L_X45Y136","244","107","X2Y2","kernel_vector"
"15","u_dut/u_unified_p4_kernel/ingress_data_q_reg[15]/D","u_dut/kernel_vector_q_reg[1]_rep__1/C","-0.068","5","0.507","1.530","2.037","u_dut/kernel_vector_q_reg[1]_rep__1","SLICE_X60Y150","SLICE_X60Y150","CLEL_R_X39Y150","222","92","X2Y2","u_dut/u_unified_p4_kernel/ingress_data_q_reg[15]","SLICE_X72Y140","SLICE_X72Y140","CLEL_R_X46Y140","251","103","X2Y2","kernel_vector"
"16","u_dut/u_unified_p4_kernel/ingress_data_q_reg[16]/D","u_dut/kernel_vector_q_reg[1]_rep__2/C","-0.093","5","0.367","1.655","2.022","u_dut/kernel_vector_q_reg[1]_rep__2","SLICE_X67Y157","SLICE_X67Y157","CLEM_X44Y157","241","85","X2Y2","u_dut/u_unified_p4_kernel/ingress_data_q_reg[16]","SLICE_X70Y137","SLICE_X70Y137","CLEL_R_X45Y137","246","106","X2Y2","kernel_vector"
"17","u_dut/u_unified_p4_kernel/ingress_data_q_reg[17]/D","u_dut/kernel_vector_q_reg[0]_rep__0/C","-0.112","5","0.407","1.674","2.081","u_dut/kernel_vector_q_reg[0]_rep__0","SLICE_X60Y150","SLICE_X60Y150","CLEL_R_X39Y150","222","92","X2Y2","u_dut/u_unified_p4_kernel/ingress_data_q_reg[17]","SLICE_X72Y140","SLICE_X72Y140","CLEL_R_X46Y140","251","103","X2Y2","kernel_vector"
"18","u_dut/u_unified_p4_kernel/ingress_data_q_reg[18]/D","u_dut/kernel_vector_q_reg[1]_rep__2/C","-0.031","5","0.431","1.488","1.919","u_dut/kernel_vector_q_reg[1]_rep__2","SLICE_X67Y157","SLICE_X67Y157","CLEM_X44Y157","241","85","X2Y2","u_dut/u_unified_p4_kernel/ingress_data_q_reg[18]","SLICE_X68Y134","SLICE_X68Y134","CLEL_R_X44Y134","243","109","X2Y2","kernel_vector"
"19","u_dut/u_unified_p4_kernel/ingress_data_q_reg[19]/D","u_dut/kernel_vector_q_reg[1]_rep__2/C","-0.095","5","0.367","1.602","1.969","u_dut/kernel_vector_q_reg[1]_rep__2","SLICE_X67Y157","SLICE_X67Y157","CLEM_X44Y157","241","85","X2Y2","u_dut/u_unified_p4_kernel/ingress_data_q_reg[19]","SLICE_X73Y137","SLICE_X73Y137","CLEL_R_X47Y137","255","106","X2Y2","kernel_vector"
"1","u_dut/u_unified_p4_kernel/ingress_data_q_reg[1]/D","u_dut/kernel_stage_q_reg/C","-0.122","6","0.690","1.352","2.042","u_dut/kernel_stage_q_reg","SLICE_X69Y129","SLICE_X69Y129","CLEL_L_X45Y129","244","114","X2Y2","u_dut/u_unified_p4_kernel/ingress_data_q_reg[1]","SLICE_X70Y136","SLICE_X70Y136","CLEL_R_X45Y136","246","107","X2Y2","kernel_stage"
"20","u_dut/u_unified_p4_kernel/ingress_data_q_reg[20]/D","u_dut/kernel_cut_h_q_reg[4]/C","-0.077","4","0.519","1.458","1.977","u_dut/kernel_cut_h_q_reg[4]","SLICE_X69Y132","SLICE_X69Y132","CLEL_L_X45Y132","244","111","X2Y2","u_dut/u_unified_p4_kernel/ingress_data_q_reg[20]","SLICE_X65Y143","SLICE_X65Y143","CLEL_R_X42Y143","234","100","X2Y2","kernel_control"
"21","u_dut/u_unified_p4_kernel/ingress_data_q_reg[21]/D","u_dut/kernel_vector_q_reg[1]_rep__2/C","-0.096","5","0.506","1.522","2.028","u_dut/kernel_vector_q_reg[1]_rep__2","SLICE_X67Y157","SLICE_X67Y157","CLEM_X44Y157","241","85","X2Y2","u_dut/u_unified_p4_kernel/ingress_data_q_reg[21]","SLICE_X69Y131","SLICE_X69Y131","CLEL_L_X45Y131","244","112","X2Y2","kernel_vector"
"22","u_dut/u_unified_p4_kernel/ingress_data_q_reg[22]/D","u_dut/kernel_vector_q_reg[1]_rep__2/C","-0.088","5","0.386","1.593","1.979","u_dut/kernel_vector_q_reg[1]_rep__2","SLICE_X67Y157","SLICE_X67Y157","CLEM_X44Y157","241","85","X2Y2","u_dut/u_unified_p4_kernel/ingress_data_q_reg[22]","SLICE_X69Y134","SLICE_X69Y134","CLEL_L_X45Y134","244","109","X2Y2","kernel_vector"
"23","u_dut/u_unified_p4_kernel/ingress_data_q_reg[23]/D","u_dut/kernel_stage_q_reg/C","-0.064","6","0.706","1.337","2.043","u_dut/kernel_stage_q_reg","SLICE_X69Y129","SLICE_X69Y129","CLEL_L_X45Y129","244","114","X2Y2","u_dut/u_unified_p4_kernel/ingress_data_q_reg[23]","SLICE_X72Y132","SLICE_X72Y132","CLEL_R_X46Y132","251","111","X2Y2","kernel_stage"
"24","u_dut/u_unified_p4_kernel/ingress_data_q_reg[24]/D","u_dut/kernel_stage_q_reg/C","-0.114","6","0.730","1.246","1.976","u_dut/kernel_stage_q_reg","SLICE_X69Y129","SLICE_X69Y129","CLEL_L_X45Y129","244","114","X2Y2","u_dut/u_unified_p4_kernel/ingress_data_q_reg[24]","SLICE_X73Y134","SLICE_X73Y134","CLEL_R_X47Y134","255","109","X2Y2","kernel_stage"
"25","u_dut/u_unified_p4_kernel/ingress_data_q_reg[25]/D","u_dut/kernel_vector_q_reg[1]_rep__1/C","-0.092","5","0.395","1.606","2.001","u_dut/kernel_vector_q_reg[1]_rep__1","SLICE_X60Y150","SLICE_X60Y150","CLEL_R_X39Y150","222","92","X2Y2","u_dut/u_unified_p4_kernel/ingress_data_q_reg[25]","SLICE_X72Y137","SLICE_X72Y137","CLEL_R_X46Y137","251","106","X2Y2","kernel_vector"
"26","u_dut/u_unified_p4_kernel/ingress_data_q_reg[26]/D","u_dut/kernel_stage_q_reg/C","-0.032","6","0.740","1.160","1.900","u_dut/kernel_stage_q_reg","SLICE_X69Y129","SLICE_X69Y129","CLEL_L_X45Y129","244","114","X2Y2","u_dut/u_unified_p4_kernel/ingress_data_q_reg[26]","SLICE_X72Y140","SLICE_X72Y140","CLEL_R_X46Y140","251","103","X2Y2","kernel_stage"
"27","u_dut/u_unified_p4_kernel/ingress_data_q_reg[27]/D","u_dut/kernel_stage_q_reg/C","0.049","5","0.484","1.377","1.861","u_dut/kernel_stage_q_reg","SLICE_X69Y129","SLICE_X69Y129","CLEL_L_X45Y129","244","114","X2Y2","u_dut/u_unified_p4_kernel/ingress_data_q_reg[27]","SLICE_X72Y139","SLICE_X72Y139","CLEL_R_X46Y139","251","104","X2Y2","kernel_stage"
"28","u_dut/u_unified_p4_kernel/ingress_data_q_reg[28]/D","u_dut/kernel_vector_q_reg[0]_rep__0/C","-0.099","5","0.472","1.494","1.966","u_dut/kernel_vector_q_reg[0]_rep__0","SLICE_X60Y150","SLICE_X60Y150","CLEL_R_X39Y150","222","92","X2Y2","u_dut/u_unified_p4_kernel/ingress_data_q_reg[28]","SLICE_X70Y138","SLICE_X70Y138","CLEL_R_X45Y138","246","105","X2Y2","kernel_vector"
"29","u_dut/u_unified_p4_kernel/ingress_data_q_reg[29]/D","u_dut/kernel_vector_q_reg[1]_rep__1/C","-0.070","5","0.555","1.416","1.971","u_dut/kernel_vector_q_reg[1]_rep__1","SLICE_X60Y150","SLICE_X60Y150","CLEL_R_X39Y150","222","92","X2Y2","u_dut/u_unified_p4_kernel/ingress_data_q_reg[29]","SLICE_X73Y139","SLICE_X73Y139","CLEL_R_X47Y139","255","104","X2Y2","kernel_vector"
"2","u_dut/u_unified_p4_kernel/ingress_data_q_reg[2]/D","u_dut/kernel_stage_q_reg/C","-0.082","6","0.676","1.386","2.062","u_dut/kernel_stage_q_reg","SLICE_X69Y129","SLICE_X69Y129","CLEL_L_X45Y129","244","114","X2Y2","u_dut/u_unified_p4_kernel/ingress_data_q_reg[2]","SLICE_X69Y133","SLICE_X69Y133","CLEL_L_X45Y133","244","110","X2Y2","kernel_stage"
"30","u_dut/u_unified_p4_kernel/ingress_data_q_reg[30]/D","u_dut/kernel_vector_q_reg[2]/C","-0.122","4","0.525","1.480","2.005","u_dut/kernel_vector_q_reg[2]","SLICE_X68Y157","SLICE_X68Y157","CLEL_R_X44Y157","243","85","X2Y2","u_dut/u_unified_p4_kernel/ingress_data_q_reg[30]","SLICE_X70Y148","SLICE_X70Y148","CLEL_R_X45Y148","246","95","X2Y2","kernel_vector"
"31","u_dut/u_unified_p4_kernel/ingress_data_q_reg[31]/D","u_dut/kernel_vector_q_reg[0]_rep/C","-0.121","5","0.331","1.675","2.006","u_dut/kernel_vector_q_reg[0]_rep","SLICE_X68Y162","SLICE_X68Y162","CLEL_R_X44Y162","243","80","X2Y2","u_dut/u_unified_p4_kernel/ingress_data_q_reg[31]","SLICE_X69Y135","SLICE_X69Y135","CLEL_L_X45Y135","244","108","X2Y2","kernel_vector"
"32","u_dut/u_unified_p4_kernel/ingress_data_q_reg[32]/D","u_dut/kernel_vector_q_reg[1]_rep__1/C","-0.089","5","0.474","1.494","1.968","u_dut/kernel_vector_q_reg[1]_rep__1","SLICE_X60Y150","SLICE_X60Y150","CLEL_R_X39Y150","222","92","X2Y2","u_dut/u_unified_p4_kernel/ingress_data_q_reg[32]","SLICE_X68Y136","SLICE_X68Y136","CLEL_R_X44Y136","243","107","X2Y2","kernel_vector"
"33","u_dut/u_unified_p4_kernel/ingress_data_q_reg[33]/D","u_dut/kernel_vector_q_reg[0]_rep/C","0.038","7","0.446","1.398","1.844","u_dut/kernel_vector_q_reg[0]_rep","SLICE_X68Y162","SLICE_X68Y162","CLEL_R_X44Y162","243","80","X2Y2","u_dut/u_unified_p4_kernel/ingress_data_q_reg[33]","SLICE_X70Y138","SLICE_X70Y138","CLEL_R_X45Y138","246","105","X2Y2","kernel_vector"
"34","u_dut/u_unified_p4_kernel/ingress_data_q_reg[34]/D","u_dut/kernel_vector_q_reg[2]/C","-0.046","4","0.337","1.708","2.045","u_dut/kernel_vector_q_reg[2]","SLICE_X68Y157","SLICE_X68Y157","CLEL_R_X44Y157","243","85","X2Y2","u_dut/u_unified_p4_kernel/ingress_data_q_reg[34]","SLICE_X69Y133","SLICE_X69Y133","CLEL_L_X45Y133","244","110","X2Y2","kernel_vector"
"35","u_dut/u_unified_p4_kernel/ingress_data_q_reg[35]/D","u_dut/kernel_stage_q_reg/C","-0.117","5","0.495","1.494","1.989","u_dut/kernel_stage_q_reg","SLICE_X69Y129","SLICE_X69Y129","CLEL_L_X45Y129","244","114","X2Y2","u_dut/u_unified_p4_kernel/ingress_data_q_reg[35]","SLICE_X72Y138","SLICE_X72Y138","CLEL_R_X46Y138","251","105","X2Y2","kernel_stage"
"36","u_dut/u_unified_p4_kernel/ingress_data_q_reg[36]/D","u_dut/kernel_vector_q_reg[1]_rep__2/C","-0.099","5","0.481","1.506","1.987","u_dut/kernel_vector_q_reg[1]_rep__2","SLICE_X67Y157","SLICE_X67Y157","CLEM_X44Y157","241","85","X2Y2","u_dut/u_unified_p4_kernel/ingress_data_q_reg[36]","SLICE_X69Y140","SLICE_X69Y140","CLEL_L_X45Y140","244","103","X2Y2","kernel_vector"
"37","u_dut/u_unified_p4_kernel/ingress_data_q_reg[37]/D","u_dut/kernel_vector_q_reg[0]_rep/C","-0.098","7","0.445","1.535","1.980","u_dut/kernel_vector_q_reg[0]_rep","SLICE_X68Y162","SLICE_X68Y162","CLEL_R_X44Y162","243","80","X2Y2","u_dut/u_unified_p4_kernel/ingress_data_q_reg[37]","SLICE_X72Y141","SLICE_X72Y141","CLEL_R_X46Y141","251","102","X2Y2","kernel_vector"
"38","u_dut/u_unified_p4_kernel/ingress_data_q_reg[38]/D","u_dut/kernel_vector_q_reg[1]_rep__2/C","-0.110","5","0.439","1.559","1.998","u_dut/kernel_vector_q_reg[1]_rep__2","SLICE_X67Y157","SLICE_X67Y157","CLEM_X44Y157","241","85","X2Y2","u_dut/u_unified_p4_kernel/ingress_data_q_reg[38]","SLICE_X69Y132","SLICE_X69Y132","CLEL_L_X45Y132","244","111","X2Y2","kernel_vector"
"39","u_dut/u_unified_p4_kernel/ingress_data_q_reg[39]/D","u_dut/kernel_vector_q_reg[0]_rep/C","-0.059","7","0.485","1.457","1.942","u_dut/kernel_vector_q_reg[0]_rep","SLICE_X68Y162","SLICE_X68Y162","CLEL_R_X44Y162","243","80","X2Y2","u_dut/u_unified_p4_kernel/ingress_data_q_reg[39]","SLICE_X72Y135","SLICE_X72Y135","CLEL_R_X46Y135","251","108","X2Y2","kernel_vector"
"3","u_dut/u_unified_p4_kernel/ingress_data_q_reg[3]/D","u_dut/kernel_vector_q_reg[0]_rep__0/C","-0.048","5","0.465","1.559","2.024","u_dut/kernel_vector_q_reg[0]_rep__0","SLICE_X60Y150","SLICE_X60Y150","CLEL_R_X39Y150","222","92","X2Y2","u_dut/u_unified_p4_kernel/ingress_data_q_reg[3]","SLICE_X70Y135","SLICE_X70Y135","CLEL_R_X45Y135","246","108","X2Y2","kernel_vector"
"40","u_dut/u_unified_p4_kernel/ingress_data_q_reg[40]/D","u_dut/kernel_vector_q_reg[0]_rep/C","-0.043","7","0.445","1.488","1.933","u_dut/kernel_vector_q_reg[0]_rep","SLICE_X68Y162","SLICE_X68Y162","CLEL_R_X44Y162","243","80","X2Y2","u_dut/u_unified_p4_kernel/ingress_data_q_reg[40]","SLICE_X70Y133","SLICE_X70Y133","CLEL_R_X45Y133","246","110","X2Y2","kernel_vector"
"41","u_dut/u_unified_p4_kernel/ingress_data_q_reg[41]/D","u_dut/kernel_vector_q_reg[0]_rep/C","-0.111","7","0.547","1.449","1.996","u_dut/kernel_vector_q_reg[0]_rep","SLICE_X68Y162","SLICE_X68Y162","CLEL_R_X44Y162","243","80","X2Y2","u_dut/u_unified_p4_kernel/ingress_data_q_reg[41]","SLICE_X72Y138","SLICE_X72Y138","CLEL_R_X46Y138","251","105","X2Y2","kernel_vector"
"42","u_dut/u_unified_p4_kernel/ingress_data_q_reg[42]/D","u_dut/kernel_vector_q_reg[0]_rep/C","-0.119","7","0.485","1.552","2.037","u_dut/kernel_vector_q_reg[0]_rep","SLICE_X68Y162","SLICE_X68Y162","CLEL_R_X44Y162","243","80","X2Y2","u_dut/u_unified_p4_kernel/ingress_data_q_reg[42]","SLICE_X73Y139","SLICE_X73Y139","CLEL_R_X47Y139","255","104","X2Y2","kernel_vector"
"43","u_dut/u_unified_p4_kernel/ingress_data_q_reg[43]/D","u_dut/kernel_stage_q_reg/C","-0.028","5","0.504","1.444","1.948","u_dut/kernel_stage_q_reg","SLICE_X69Y129","SLICE_X69Y129","CLEL_L_X45Y129","244","114","X2Y2","u_dut/u_unified_p4_kernel/ingress_data_q_reg[43]","SLICE_X70Y136","SLICE_X70Y136","CLEL_R_X45Y136","246","107","X2Y2","kernel_stage"
"44","u_dut/u_unified_p4_kernel/ingress_data_q_reg[44]/D","u_dut/kernel_vector_q_reg[1]_rep__1/C","-0.071","5","0.519","1.469","1.988","u_dut/kernel_vector_q_reg[1]_rep__1","SLICE_X60Y150","SLICE_X60Y150","CLEL_R_X39Y150","222","92","X2Y2","u_dut/u_unified_p4_kernel/ingress_data_q_reg[44]","SLICE_X69Y136","SLICE_X69Y136","CLEL_L_X45Y136","244","107","X2Y2","kernel_vector"
"45","u_dut/u_unified_p4_kernel/ingress_data_q_reg[45]/D","u_dut/lfnst_grid_reg[18][13]/C","-0.136","5","0.497","1.463","1.960","u_dut/lfnst_grid_reg[18][13]","SLICE_X55Y165","SLICE_X55Y165","CLEM_X36Y165","207","77","X1Y2","u_dut/u_unified_p4_kernel/ingress_data_q_reg[45]","SLICE_X72Y141","SLICE_X72Y141","CLEL_R_X46Y141","251","102","X2Y2","lfnst_grid"
"46","u_dut/u_unified_p4_kernel/ingress_data_q_reg[46]/D","u_dut/kernel_vector_q_reg[0]_rep/C","-0.018","5","0.459","1.551","2.010","u_dut/kernel_vector_q_reg[0]_rep","SLICE_X68Y162","SLICE_X68Y162","CLEL_R_X44Y162","243","80","X2Y2","u_dut/u_unified_p4_kernel/ingress_data_q_reg[46]","SLICE_X68Y137","SLICE_X68Y137","CLEL_R_X44Y137","243","106","X2Y2","kernel_vector"
"47","u_dut/u_unified_p4_kernel/ingress_data_q_reg[47]/D","u_dut/kernel_vector_q_reg[1]_rep__1/C","-0.066","5","0.446","1.589","2.035","u_dut/kernel_vector_q_reg[1]_rep__1","SLICE_X60Y150","SLICE_X60Y150","CLEL_R_X39Y150","222","92","X2Y2","u_dut/u_unified_p4_kernel/ingress_data_q_reg[47]","SLICE_X72Y140","SLICE_X72Y140","CLEL_R_X46Y140","251","103","X2Y2","kernel_vector"
"48","u_dut/u_unified_p4_kernel/ingress_data_q_reg[48]/D","u_dut/kernel_vector_q_reg[2]/C","-0.050","4","0.431","1.558","1.989","u_dut/kernel_vector_q_reg[2]","SLICE_X68Y157","SLICE_X68Y157","CLEL_R_X44Y157","243","85","X2Y2","u_dut/u_unified_p4_kernel/ingress_data_q_reg[48]","SLICE_X70Y136","SLICE_X70Y136","CLEL_R_X45Y136","246","107","X2Y2","kernel_vector"
"49","u_dut/u_unified_p4_kernel/ingress_data_q_reg[49]/D","u_dut/kernel_vector_q_reg[0]_rep__0/C","-0.078","5","0.371","1.683","2.054","u_dut/kernel_vector_q_reg[0]_rep__0","SLICE_X60Y150","SLICE_X60Y150","CLEL_R_X39Y150","222","92","X2Y2","u_dut/u_unified_p4_kernel/ingress_data_q_reg[49]","SLICE_X68Y137","SLICE_X68Y137","CLEL_R_X44Y137","243","106","X2Y2","kernel_vector"
"4","u_dut/u_unified_p4_kernel/ingress_data_q_reg[4]/D","u_dut/kernel_stage_q_reg/C","-0.086","6","0.580","1.381","1.961","u_dut/kernel_stage_q_reg","SLICE_X69Y129","SLICE_X69Y129","CLEL_L_X45Y129","244","114","X2Y2","u_dut/u_unified_p4_kernel/ingress_data_q_reg[4]","SLICE_X72Y134","SLICE_X72Y134","CLEL_R_X46Y134","251","109","X2Y2","kernel_stage"
"50","u_dut/u_unified_p4_kernel/ingress_data_q_reg[50]/D","u_dut/kernel_vector_q_reg[1]_rep__2/C","-0.113","5","0.358","1.689","2.047","u_dut/kernel_vector_q_reg[1]_rep__2","SLICE_X67Y157","SLICE_X67Y157","CLEM_X44Y157","241","85","X2Y2","u_dut/u_unified_p4_kernel/ingress_data_q_reg[50]","SLICE_X68Y131","SLICE_X68Y131","CLEL_R_X44Y131","243","112","X2Y2","kernel_vector"
"51","u_dut/u_unified_p4_kernel/ingress_data_q_reg[51]/D","u_dut/kernel_vector_q_reg[0]_rep__0/C","0.066","5","0.406","1.438","1.844","u_dut/kernel_vector_q_reg[0]_rep__0","SLICE_X60Y150","SLICE_X60Y150","CLEL_R_X39Y150","222","92","X2Y2","u_dut/u_unified_p4_kernel/ingress_data_q_reg[51]","SLICE_X72Y137","SLICE_X72Y137","CLEL_R_X46Y137","251","106","X2Y2","kernel_vector"
"52","u_dut/u_unified_p4_kernel/ingress_data_q_reg[52]/D","u_dut/kernel_vector_q_reg[0]_rep__0/C","-0.047","5","0.551","1.408","1.959","u_dut/kernel_vector_q_reg[0]_rep__0","SLICE_X60Y150","SLICE_X60Y150","CLEL_R_X39Y150","222","92","X2Y2","u_dut/u_unified_p4_kernel/ingress_data_q_reg[52]","SLICE_X72Y133","SLICE_X72Y133","CLEL_R_X46Y133","251","110","X2Y2","kernel_vector"
"53","u_dut/u_unified_p4_kernel/ingress_data_q_reg[53]/D","u_dut/kernel_cut_h_q_reg[4]/C","-0.089","4","0.618","1.415","2.033","u_dut/kernel_cut_h_q_reg[4]","SLICE_X69Y132","SLICE_X69Y132","CLEL_L_X45Y132","244","111","X2Y2","u_dut/u_unified_p4_kernel/ingress_data_q_reg[53]","SLICE_X70Y148","SLICE_X70Y148","CLEL_R_X45Y148","246","95","X2Y2","kernel_control"
"54","u_dut/u_unified_p4_kernel/ingress_data_q_reg[54]/D","u_dut/kernel_vector_q_reg[1]_rep__2/C","-0.068","5","0.515","1.436","1.951","u_dut/kernel_vector_q_reg[1]_rep__2","SLICE_X67Y157","SLICE_X67Y157","CLEM_X44Y157","241","85","X2Y2","u_dut/u_unified_p4_kernel/ingress_data_q_reg[54]","SLICE_X69Y138","SLICE_X69Y138","CLEL_L_X45Y138","244","105","X2Y2","kernel_vector"
"55","u_dut/u_unified_p4_kernel/ingress_data_q_reg[55]/D","u_dut/kernel_h_rd_raw_group_q_reg[2]/C","0.044","6","0.547","1.291","1.838","u_dut/kernel_h_rd_raw_group_q_reg[2]","SLICE_X68Y125","SLICE_X68Y125","CLEL_R_X44Y125","243","118","X2Y2","u_dut/u_unified_p4_kernel/ingress_data_q_reg[55]","SLICE_X72Y134","SLICE_X72Y134","CLEL_R_X46Y134","251","109","X2Y2","kernel_control"
"56","u_dut/u_unified_p4_kernel/ingress_data_q_reg[56]/D","u_dut/kernel_vector_q_reg[1]_rep__2/C","-0.132","5","0.450","1.558","2.008","u_dut/kernel_vector_q_reg[1]_rep__2","SLICE_X67Y157","SLICE_X67Y157","CLEM_X44Y157","241","85","X2Y2","u_dut/u_unified_p4_kernel/ingress_data_q_reg[56]","SLICE_X73Y134","SLICE_X73Y134","CLEL_R_X47Y134","255","109","X2Y2","kernel_vector"
"57","u_dut/u_unified_p4_kernel/ingress_data_q_reg[57]/D","u_dut/kernel_vector_q_reg[1]_rep__1/C","-0.058","5","0.513","1.521","2.034","u_dut/kernel_vector_q_reg[1]_rep__1","SLICE_X60Y150","SLICE_X60Y150","CLEL_R_X39Y150","222","92","X2Y2","u_dut/u_unified_p4_kernel/ingress_data_q_reg[57]","SLICE_X72Y132","SLICE_X72Y132","CLEL_R_X46Y132","251","111","X2Y2","kernel_vector"
"58","u_dut/u_unified_p4_kernel/ingress_data_q_reg[58]/D","u_dut/kernel_vector_q_reg[0]_rep__1/C","-0.052","5","0.535","1.422","1.957","u_dut/kernel_vector_q_reg[0]_rep__1","SLICE_X65Y150","SLICE_X65Y150","CLEL_R_X42Y150","234","92","X2Y2","u_dut/u_unified_p4_kernel/ingress_data_q_reg[58]","SLICE_X72Y135","SLICE_X72Y135","CLEL_R_X46Y135","251","108","X2Y2","kernel_vector"
"59","u_dut/u_unified_p4_kernel/ingress_data_q_reg[59]/D","u_dut/kernel_vector_q_reg[1]_rep__0_replica_2/C","-0.091","5","0.465","1.564","2.029","u_dut/kernel_vector_q_reg[1]_rep__0_replica_2","SLICE_X63Y145","SLICE_X63Y145","CLEL_R_X41Y145","231","98","X2Y2","u_dut/u_unified_p4_kernel/ingress_data_q_reg[59]","SLICE_X72Y133","SLICE_X72Y133","CLEL_R_X46Y133","251","110","X2Y2","kernel_vector"
"5","u_dut/u_unified_p4_kernel/ingress_data_q_reg[5]/D","u_dut/kernel_h_rd_raw_group_q_reg[2]/C","-0.109","6","0.676","1.317","1.993","u_dut/kernel_h_rd_raw_group_q_reg[2]","SLICE_X68Y125","SLICE_X68Y125","CLEL_R_X44Y125","243","118","X2Y2","u_dut/u_unified_p4_kernel/ingress_data_q_reg[5]","SLICE_X69Y134","SLICE_X69Y134","CLEL_L_X45Y134","244","109","X2Y2","kernel_control"
"60","u_dut/u_unified_p4_kernel/ingress_data_q_reg[60]/D","u_dut/kernel_vector_q_reg[0]_rep__0/C","0.033","5","0.505","1.438","1.943","u_dut/kernel_vector_q_reg[0]_rep__0","SLICE_X60Y150","SLICE_X60Y150","CLEL_R_X39Y150","222","92","X2Y2","u_dut/u_unified_p4_kernel/ingress_data_q_reg[60]","SLICE_X72Y132","SLICE_X72Y132","CLEL_R_X46Y132","251","111","X2Y2","kernel_vector"
"61","u_dut/u_unified_p4_kernel/ingress_data_q_reg[61]/D","u_dut/kernel_vector_q_reg[1]_rep__1/C","-0.054","5","0.467","1.502","1.969","u_dut/kernel_vector_q_reg[1]_rep__1","SLICE_X60Y150","SLICE_X60Y150","CLEL_R_X39Y150","222","92","X2Y2","u_dut/u_unified_p4_kernel/ingress_data_q_reg[61]","SLICE_X69Y131","SLICE_X69Y131","CLEL_L_X45Y131","244","112","X2Y2","kernel_vector"
"62","u_dut/u_unified_p4_kernel/ingress_data_q_reg[62]/D","u_dut/kernel_vector_q_reg[0]_rep/C","-0.017","5","0.420","1.480","1.900","u_dut/kernel_vector_q_reg[0]_rep","SLICE_X68Y162","SLICE_X68Y162","CLEL_R_X44Y162","243","80","X2Y2","u_dut/u_unified_p4_kernel/ingress_data_q_reg[62]","SLICE_X72Y135","SLICE_X72Y135","CLEL_R_X46Y135","251","108","X2Y2","kernel_vector"
"63","u_dut/u_unified_p4_kernel/ingress_data_q_reg[63]/D","u_dut/kernel_vector_q_reg[0]_rep/C","-0.083","5","0.378","1.596","1.974","u_dut/kernel_vector_q_reg[0]_rep","SLICE_X68Y162","SLICE_X68Y162","CLEL_R_X44Y162","243","80","X2Y2","u_dut/u_unified_p4_kernel/ingress_data_q_reg[63]","SLICE_X70Y133","SLICE_X70Y133","CLEL_R_X45Y133","246","110","X2Y2","kernel_vector"
"6","u_dut/u_unified_p4_kernel/ingress_data_q_reg[6]/D","u_dut/kernel_vector_q_reg[1]_rep__2/C","-0.045","5","0.386","1.551","1.937","u_dut/kernel_vector_q_reg[1]_rep__2","SLICE_X67Y157","SLICE_X67Y157","CLEM_X44Y157","241","85","X2Y2","u_dut/u_unified_p4_kernel/ingress_data_q_reg[6]","SLICE_X72Y129","SLICE_X72Y129","CLEL_R_X46Y129","251","114","X2Y2","kernel_vector"
"7","u_dut/u_unified_p4_kernel/ingress_data_q_reg[7]/D","u_dut/kernel_stage_q_reg/C","-0.102","6","0.580","1.437","2.017","u_dut/kernel_stage_q_reg","SLICE_X69Y129","SLICE_X69Y129","CLEL_L_X45Y129","244","114","X2Y2","u_dut/u_unified_p4_kernel/ingress_data_q_reg[7]","SLICE_X72Y133","SLICE_X72Y133","CLEL_R_X46Y133","251","110","X2Y2","kernel_stage"
"8","u_dut/u_unified_p4_kernel/ingress_data_q_reg[8]/D","u_dut/kernel_stage_q_reg/C","0.011","6","0.629","1.339","1.968","u_dut/kernel_stage_q_reg","SLICE_X69Y129","SLICE_X69Y129","CLEL_L_X45Y129","244","114","X2Y2","u_dut/u_unified_p4_kernel/ingress_data_q_reg[8]","SLICE_X70Y135","SLICE_X70Y135","CLEL_R_X45Y135","246","108","X2Y2","kernel_stage"
"9","u_dut/u_unified_p4_kernel/ingress_data_q_reg[9]/D","u_dut/kernel_h_rd_raw_group_q_reg[2]/C","-0.112","6","0.690","1.315","2.005","u_dut/kernel_h_rd_raw_group_q_reg[2]","SLICE_X68Y125","SLICE_X68Y125","CLEL_R_X44Y125","243","118","X2Y2","u_dut/u_unified_p4_kernel/ingress_data_q_reg[9]","SLICE_X69Y130","SLICE_X69Y130","CLEL_L_X45Y130","244","113","X2Y2","kernel_control"

