"sha256","bytes","path"
"A363BFAA456AE01FB51306333799E693F827E1B55EA4C27570740ADFDE778FA5","106","05_audit/current/84_lfnst_grid_init_20261005/20261005T064354Z_a1525da7d3ee/01_profile_validation/command.log"
"6516877C1AA91AF9A2AB2A71AC2397286E605BAA4033FCB18FD0ED866453D0D0","1293","05_audit/current/84_lfnst_grid_init_20261005/20261005T064354Z_a1525da7d3ee/01_profile_validation/SAT10_PROFILE_VALIDATION.json"
"F9CA1E4575F7F6AC9FAD8704381F80F1379EFE81ADD90EF8FCAFD45B4C7C1CB3","1318","05_audit/current/84_lfnst_grid_init_20261005/20261005T064354Z_a1525da7d3ee/02_gate_a_inheritance/command.log"
"F9CA1E4575F7F6AC9FAD8704381F80F1379EFE81ADD90EF8FCAFD45B4C7C1CB3","1318","05_audit/current/84_lfnst_grid_init_20261005/20261005T064354Z_a1525da7d3ee/02_gate_a_inheritance/GATE_A_VALIDATION.json"
"D95530153842B60029FB779DDA721CB3E3F244C291EEEF37DCBD548C6E76483C","2021","05_audit/current/84_lfnst_grid_init_20261005/20261005T064354Z_a1525da7d3ee/03_independent_vtm_oracle/AMBIGUITY_IMPACT_AUDIT.json"
"65502E0AF888B043B57E55D94DC733B5838639F006C222286096D599EF123A2F","91","05_audit/current/84_lfnst_grid_init_20261005/20261005T064354Z_a1525da7d3ee/03_independent_vtm_oracle/command.log"
"C20FF3498693CFBCFD1EA09025CE286DE521E3E8C42D55AF8C0CB8190AB36D86","26251","05_audit/current/84_lfnst_grid_init_20261005/20261005T064354Z_a1525da7d3ee/03_independent_vtm_oracle/VTM_PROFILE_ORACLE_RESULTS.json"
"7C6F4EA4B66ECFAF15BC6606670F01F25FBF3D046FD6341E558F363FA74B3731","72","05_audit/current/84_lfnst_grid_init_20261005/20261005T064354Z_a1525da7d3ee/04_independent_python_gate_c/command.log"
"CBA31E3206883C991CB26CAB96F4C20E1C71E4EE774C5DBFFE549D812D461D44","5383","05_audit/current/84_lfnst_grid_init_20261005/20261005T064354Z_a1525da7d3ee/04_independent_python_gate_c/GATE_C_MODEL_VALIDATION.json"
"D461EB073DAD86FF962AFAFF6DA1D49188E99776025091108AA36475583ED392","437","05_audit/current/84_lfnst_grid_init_20261005/20261005T064354Z_a1525da7d3ee/05_fail_closed_negative_tests/full_modelsims.log"
"C88F50EADB61A3F8E6CAE5C1CE38782D6A15FCBD6F2B97E0404F8C166A9904A8","429","05_audit/current/84_lfnst_grid_init_20261005/20261005T064354Z_a1525da7d3ee/05_fail_closed_negative_tests/gate_bc_modelsim.log"
"4610A62B92DE7EBCF8E4822190E67BF88B5EB92C5E216220BC844133EF6B77F9","74951","05_audit/current/84_lfnst_grid_init_20261005/20261005T064354Z_a1525da7d3ee/06_full_modelsims/command.log"
"2543EB94FE3D047E526A3CBD019D3EC428933A21129F6A82AA36E12EE9B6CF4B","375","05_audit/current/84_lfnst_grid_init_20261005/20261005T064354Z_a1525da7d3ee/06_full_modelsims/LFNST_ENGINE_VECTOR_MANIFEST.json"
"07D7CE405A40439CB23F4E14A3795862D4B59D89607C8260BA274606998EB7F8","230117","05_audit/current/84_lfnst_grid_init_20261005/20261005T064354Z_a1525da7d3ee/06_full_modelsims/lfnst_engine_vectors.txt"
"16CE6DEBE4904F22B673F75F634C14C515CB51284C5F89716766A1A99122A4FE","74","05_audit/current/84_lfnst_grid_init_20261005/20261005T064354Z_a1525da7d3ee/06_full_modelsims/lfnst_layout_contract.log"
"9AB9DA12AB65E2043AC9D8FA798917F3CD4CFAD9B29D93DFC036A344C9070DFE","839","05_audit/current/84_lfnst_grid_init_20261005/20261005T064354Z_a1525da7d3ee/06_full_modelsims/LFNST_WRAPPER_VECTOR_MANIFEST.json"
"7360C1B5622FC83F7399918BA0D7C5137289C88626B6EA06303A74D1075E92D6","82329","05_audit/current/84_lfnst_grid_init_20261005/20261005T064354Z_a1525da7d3ee/06_full_modelsims/lfnst_wrapper_vectors.txt"
"1ABB993D1AFF5BE90B130D181E5C841C30FDC673D685C3D11552979337984EEA","3641","05_audit/current/84_lfnst_grid_init_20261005/20261005T064354Z_a1525da7d3ee/06_full_modelsims/normal_compile.log"
"A54B69917BD2B329D9F1673B8DD181471378E5384A98AC47FE735F73A3BDFDE6","95684","05_audit/current/84_lfnst_grid_init_20261005/20261005T064354Z_a1525da7d3ee/06_full_modelsims/normal_FULL_GATE_C_VECTOR_MANIFEST.json"
"9CE24F1EFBEFE61E5E5FAD01869F17B4718496A5192C6B228F7175CE565C2719","1299","05_audit/current/84_lfnst_grid_init_20261005/20261005T064354Z_a1525da7d3ee/06_full_modelsims/normal_gate_b_kernel_numeric.log"
"83332FC594C761D79237B705859D67F0CD0B54D58613F408C59F9D4B0636A081","1693","05_audit/current/84_lfnst_grid_init_20261005/20261005T064354Z_a1525da7d3ee/06_full_modelsims/normal_gate_b_vector_ii.log"
"1AF05DD624933425A817ADE0078073CB83F423ED5714F1098EC91D3D402689EF","109","05_audit/current/84_lfnst_grid_init_20261005/20261005T064354Z_a1525da7d3ee/06_full_modelsims/normal_GATE_B_VECTOR_MANIFEST.json"
"45069F3B15DB5FE2C928D531457EC5700546100E4B0997E7CF895AD32A1C05BB","26376","05_audit/current/84_lfnst_grid_init_20261005/20261005T064354Z_a1525da7d3ee/06_full_modelsims/normal_GATE_B_VECTORS.txt"
"4408A62D7ABFA3FC57B4874E47F0E85A77921AB1A3794E50A8ACCF5466748025","518153","05_audit/current/84_lfnst_grid_init_20261005/20261005T064354Z_a1525da7d3ee/06_full_modelsims/normal_GATE_C_VECTORS.txt"
"E3BB01C6B3317C20FB25C9F45007AC8C4B75D4409166AFFD7BBAD278CD8C3E4D","1311","05_audit/current/84_lfnst_grid_init_20261005/20261005T064354Z_a1525da7d3ee/06_full_modelsims/normal_gate_c_wrapper_numeric.log"
"EE1F3B8C8820E1EE186E212EF2A51C1E92CDF501472A1DF7F92A8FAD2AB219D7","1285","05_audit/current/84_lfnst_grid_init_20261005/20261005T064354Z_a1525da7d3ee/06_full_modelsims/normal_gate_c_wrapper_smoke.log"
"828C0D254301AE0F1749E799C4BAC7B31A72907711437E463D1F653E7BD78334","2040","05_audit/current/84_lfnst_grid_init_20261005/20261005T064354Z_a1525da7d3ee/06_full_modelsims/normal_gate_f_vector_ii.log"
"E499DBFBD31002AE73FDE837E0767888E8228AE0025A53447951D89791D4AD07","1280","05_audit/current/84_lfnst_grid_init_20261005/20261005T064354Z_a1525da7d3ee/06_full_modelsims/normal_lfnst_engine_specialty.log"
"83BEFA84C39CAE47D16B306B56D58C211AC88D104743ACE43CBA4D87C5D2B0AA","1352","05_audit/current/84_lfnst_grid_init_20261005/20261005T064354Z_a1525da7d3ee/06_full_modelsims/normal_lfnst_wrapper_specialty.log"
"79E07A4BC75CA317F5050A899E94BC10944AB7910322F1122F11CF87FAAA6C71","1325","05_audit/current/84_lfnst_grid_init_20261005/20261005T064354Z_a1525da7d3ee/06_full_modelsims/normal_p3_vwrite_contract.log"
"0D21953C836B9A98EE10F0F388AAA9982A703C963FC86AC4FC37E492C2FADAD9","1367","05_audit/current/84_lfnst_grid_init_20261005/20261005T064354Z_a1525da7d3ee/06_full_modelsims/normal_p4_fifo_payload_reset.log"
"0D016B6C8725F69673A221C64CBD0157B90FA80448C8CE053DAB6C8F7B112401","1325","05_audit/current/84_lfnst_grid_init_20261005/20261005T064354Z_a1525da7d3ee/06_full_modelsims/normal_p4_stage0_issue_contract.log"
"FD7C8ECA43BFEE0D1C598016A52AEBE914B98FB24769D12E0DA6746DA0B40601","1397","05_audit/current/84_lfnst_grid_init_20261005/20261005T064354Z_a1525da7d3ee/06_full_modelsims/normal_sat10_adapter_exhaustive.log"
"80B8128C09E4FE82992828EC5073D97A685FEBFBAA2B58C243BE5B19A3E29447","1365","05_audit/current/84_lfnst_grid_init_20261005/20261005T064354Z_a1525da7d3ee/06_full_modelsims/normal_sat10_submission_top.log"
"6DBFA33E1AD9C37A2E584692137039978DC8ACF4ED949C7A9B90D908C49A6B27","1384","05_audit/current/84_lfnst_grid_init_20261005/20261005T064354Z_a1525da7d3ee/06_full_modelsims/normal_sat10_wrapper_boundary.log"
"5456A3E6622926F656C205D726C4E02045E28A1277986DCD26CC39E12CBC7040","29929","05_audit/current/84_lfnst_grid_init_20261005/20261005T064354Z_a1525da7d3ee/06_full_modelsims/STEP12F_COVERAGE_MODELSIM_RUN.json"
"B4512FB29BE7501A59676F37851B93BDA6F416EC627293DC30D79DA5230304F7","3664","05_audit/current/84_lfnst_grid_init_20261005/20261005T064354Z_a1525da7d3ee/06_full_modelsims/synthesis_compile.log"
"A54B69917BD2B329D9F1673B8DD181471378E5384A98AC47FE735F73A3BDFDE6","95684","05_audit/current/84_lfnst_grid_init_20261005/20261005T064354Z_a1525da7d3ee/06_full_modelsims/synthesis_FULL_GATE_C_VECTOR_MANIFEST.json"
"3D91627D5C97CDE149C2811420B5DCC1CD69B869767A76F0382675DC9A15B5C1","1302","05_audit/current/84_lfnst_grid_init_20261005/20261005T064354Z_a1525da7d3ee/06_full_modelsims/synthesis_gate_b_kernel_numeric.log"
"F8F53E39E78B603BFB8733D77ACA815C8AF23C892F8AD1CF66E9C49DCCA12E8C","1696","05_audit/current/84_lfnst_grid_init_20261005/20261005T064354Z_a1525da7d3ee/06_full_modelsims/synthesis_gate_b_vector_ii.log"
"1AF05DD624933425A817ADE0078073CB83F423ED5714F1098EC91D3D402689EF","109","05_audit/current/84_lfnst_grid_init_20261005/20261005T064354Z_a1525da7d3ee/06_full_modelsims/synthesis_GATE_B_VECTOR_MANIFEST.json"
"45069F3B15DB5FE2C928D531457EC5700546100E4B0997E7CF895AD32A1C05BB","26376","05_audit/current/84_lfnst_grid_init_20261005/20261005T064354Z_a1525da7d3ee/06_full_modelsims/synthesis_GATE_B_VECTORS.txt"
"4408A62D7ABFA3FC57B4874E47F0E85A77921AB1A3794E50A8ACCF5466748025","518153","05_audit/current/84_lfnst_grid_init_20261005/20261005T064354Z_a1525da7d3ee/06_full_modelsims/synthesis_GATE_C_VECTORS.txt"
"9192B9857300667703675305D1F03BEDDEB17547C443A7E86290C971231AE586","1314","05_audit/current/84_lfnst_grid_init_20261005/20261005T064354Z_a1525da7d3ee/06_full_modelsims/synthesis_gate_c_wrapper_numeric.log"
"47819FC5080A39CACBB84D7DE87045BE56526508E0086D172FAAC097A0BA3493","1288","05_audit/current/84_lfnst_grid_init_20261005/20261005T064354Z_a1525da7d3ee/06_full_modelsims/synthesis_gate_c_wrapper_smoke.log"
"AB3D69B16E1D1B656411ED491077C6299F8B05140796DE120695C2FE3E40E387","2043","05_audit/current/84_lfnst_grid_init_20261005/20261005T064354Z_a1525da7d3ee/06_full_modelsims/synthesis_gate_f_vector_ii.log"
"F9CC0EF123666C1194620418AD153B99D05277030CB19F3C986AEFE68D6F3065","1283","05_audit/current/84_lfnst_grid_init_20261005/20261005T064354Z_a1525da7d3ee/06_full_modelsims/synthesis_lfnst_engine_specialty.log"
"621A2DBB23164974DFB4C0697289607E97C9CF3431F416EED78060E92A84E90C","1355","05_audit/current/84_lfnst_grid_init_20261005/20261005T064354Z_a1525da7d3ee/06_full_modelsims/synthesis_lfnst_wrapper_specialty.log"
"8BFE19A898AD450655DC3002618561E4D68BE5C501702443B6D14EF27D5FA132","1328","05_audit/current/84_lfnst_grid_init_20261005/20261005T064354Z_a1525da7d3ee/06_full_modelsims/synthesis_p3_vwrite_contract.log"
"0DF6C0C9FB264F1198852CEF7A6EA979D5168CEB5ACEBFEE222FA72ECBC605B4","1370","05_audit/current/84_lfnst_grid_init_20261005/20261005T064354Z_a1525da7d3ee/06_full_modelsims/synthesis_p4_fifo_payload_reset.log"
"94CB0995C31181B6826DBC609FAD854F46DD905C07FE428FE751CCD51DC4F3BB","1328","05_audit/current/84_lfnst_grid_init_20261005/20261005T064354Z_a1525da7d3ee/06_full_modelsims/synthesis_p4_stage0_issue_contract.log"
"D55DCAF0CF44A21DC759E8DC83746049DD93A371F04A46187E3C71D343E563BA","1400","05_audit/current/84_lfnst_grid_init_20261005/20261005T064354Z_a1525da7d3ee/06_full_modelsims/synthesis_sat10_adapter_exhaustive.log"
"DF0EFB91EDC8BAB5BE11AC9F1BBC8532D76B7F7B569548CC9404816126D889F9","1368","05_audit/current/84_lfnst_grid_init_20261005/20261005T064354Z_a1525da7d3ee/06_full_modelsims/synthesis_sat10_submission_top.log"
"A78707EDDA8556D7689654E145B283ABCAC1B785976228A50B5544081929A08B","1387","05_audit/current/84_lfnst_grid_init_20261005/20261005T064354Z_a1525da7d3ee/06_full_modelsims/synthesis_sat10_wrapper_boundary.log"
"590351A99019188072239ED332FE87051B5B7F38A5BC39B4ED2D9B8FDE558C46","25515","05_audit/current/84_lfnst_grid_init_20261005/20261005T064354Z_a1525da7d3ee/CHECKPOINT_MANIFEST.json"
"0A29D97D70C9D741EA65E406D66D26B54F913F250827C1CC0D898F6568CCD47D","1733","05_audit/current/85_lfnst_grid_init_physical_20261005/audit_lfnst_grid_init_dcp.tcl"
"483FD288A4B33CD7F592CB7B9C6A7E823169BDE42F062A8DF1E1270C3F9ABF04","183","05_audit/current/85_lfnst_grid_init_physical_20261005/iter_100_CongestedCLBsAndNets.txt"
"2AC5696B10153597BD6CF62DB6107C9ADFCABB1069EEC43D4F45E2C88454FE4D","1905","05_audit/current/85_lfnst_grid_init_physical_20261005/lfnst_grid_init_query_v2.jou"
"454D1268EBF40B6B203C38BAAC40F61FA96582B7750B8CE5E598BABD4DCC0652","7553","05_audit/current/85_lfnst_grid_init_physical_20261005/lfnst_grid_init_query_v2.log"
"E3982CD0FCED244BAA0F1E98D610F36303AE23B57E1B31C61FC4AA1C466BC8EA","171634","05_audit/current/85_lfnst_grid_init_physical_20261005/lfnst_init_q_fanout_paths_postroute.rpt"
"7A4BC721635CDB35A2916DAFB5AFB460DB90AFD9839204825B1F66A6B3B69CD5","171997","05_audit/current/85_lfnst_grid_init_physical_20261005/lfnst_init_q_to_grid_ce_postroute.rpt"
"0B366C4278C592539628884FD264B7831BB74B03273CC4A468303445A56A7FC3","2083","05_audit/current/85_lfnst_grid_init_physical_20261005/lfnst_init_q_to_grid_d_postroute.rpt"
"981508ACA471AF60B6516EA5667E76F48C66F93EAA4FBDFFB37D59386B2CFBE8","7983","05_audit/current/85_lfnst_grid_init_physical_20261005/PHYSICAL_RESULT.json"
"048E4F95F9FF481E59783334A909E4D8C746FE74A1EAA94ECFA586A12923BEFF","5709","05_audit/current/85_lfnst_grid_init_physical_20261005/PHYSICAL_RESULT.md"
"704A7910CA1321F7F0EA297958DE73F35A60BFB51676DB154236CB1B01AABEEB","3583","05_audit/current/85_lfnst_grid_init_physical_20261005/report_check_timing_postroute.rpt"
"4A5194B4F9B601D1B5DB9A5C41797966217791166CF5880DF867D3FABEC7D140","3588","05_audit/current/85_lfnst_grid_init_physical_20261005/report_check_timing_postsynth.rpt"
"F64DEC8B7F73BAA7AB398F39170F7F01C74B1071066295B366F1D3A88890BC9D","45297","05_audit/current/85_lfnst_grid_init_physical_20261005/report_drc_postroute.rpt"
"EEAD9E74F7F6701CDB8448967DAC5898300A166ABECEF6DAA4AC8815FB5F4E68","29225","05_audit/current/85_lfnst_grid_init_physical_20261005/report_drc_postsynth.rpt"
"3AFC9EB379403E3BA9F809ED59591693C90537C20983CD0C31889AC47C38C981","1214","05_audit/current/85_lfnst_grid_init_physical_20261005/report_exceptions_postroute.rpt"
"A1A9B1912566832BDBAB40BC9EB7C8B67E6AB07D9D926ECFAB5079C437FB55E7","1219","05_audit/current/85_lfnst_grid_init_physical_20261005/report_exceptions_postsynth.rpt"
"6A556AD9D2FA8668EE19C07726A597C80495078AAF5F1E740784606C99AF84A0","7098","05_audit/current/85_lfnst_grid_init_physical_20261005/report_hierarchy_utilization_postroute.rpt"
"CE5DFAFDBD9AAB8AE10411C9E64841379BC3C5E59E55EE21A05CEA9D5865AD07","6984","05_audit/current/85_lfnst_grid_init_physical_20261005/report_hierarchy_utilization_postsynth.rpt"
"053A69CEAA57CD9E73C6E3B715A2B6E72A4D392BB8C4EEF46592F39D1CEFBA8F","20920","05_audit/current/85_lfnst_grid_init_physical_20261005/report_high_fanout_postroute.rpt"
"3AF03D102CCC2CD000A9D1AEE3D148F57A36660726CB5F86565894C0861AFB9E","521118","05_audit/current/85_lfnst_grid_init_physical_20261005/report_hold_worst100_postroute.rpt"
"1001407BAD6D4AD36DDD4CA1BBAB134C1D62A01603B2BDCCC1CF26533A996777","443712","05_audit/current/85_lfnst_grid_init_physical_20261005/report_hold_worst100_postsynth.rpt"
"6281D26C42CD4F80929AABF967170DBAAE8CAACAF90E5D92C660F0F77BFBB965","13540","05_audit/current/85_lfnst_grid_init_physical_20261005/report_methodology_postroute.rpt"
"DF5E26C59E2CD206BCAE954170DCE6F11595ED22E0464F8536399594885FCC3A","13539","05_audit/current/85_lfnst_grid_init_physical_20261005/report_methodology_postsynth.rpt"
"979A57856D7139251E3B849E1427F69775B1E1D8D7AFFD318811005FB7CD242C","614040","05_audit/current/85_lfnst_grid_init_physical_20261005/report_paths_dut_internal.rpt"
"23365D8984686A6FED6EB3E956B8ABBA82BEA6BC8BC4346354086A04C26303BC","261947","05_audit/current/85_lfnst_grid_init_physical_20261005/report_paths_dut_to_sink_ff.rpt"
"F3703BCCFB964229480B6949DE357C15EAA581E76DEFD1774B5C95E06C28A43B","525544","05_audit/current/85_lfnst_grid_init_physical_20261005/report_paths_source_ff_to_dut.rpt"
"B95084AE16C60F2AD4676296054B3D557A05CD1A18D5A9C08AFBF1B890327E57","11562","05_audit/current/85_lfnst_grid_init_physical_20261005/report_power_postroute.rpt"
"380E60751DCEBDD5F0516ACE8BAF59C565B3F660F63D64F03850473F501ED367","651","05_audit/current/85_lfnst_grid_init_physical_20261005/report_route_status_postroute.rpt"
"A1CF46BB3F592AD1CA70CD4B6D38250D6043AFBED30B0F8CFA50BFF23F4F4261","1055932","05_audit/current/85_lfnst_grid_init_physical_20261005/report_timing_hold_summary_postroute.rpt"
"A6F5C77407A30DE918F0C5785A7BA4F3D45840CBEA5BABFD6242808FA5BFB1C3","951221","05_audit/current/85_lfnst_grid_init_physical_20261005/report_timing_hold_summary_postsynth.rpt"
"3699297B73E2F7C538B87BF609A93E97CEAC499D0C011FC9D015EFB0C8F4985C","1233940","05_audit/current/85_lfnst_grid_init_physical_20261005/report_timing_summary_postroute.rpt"
"2AD868D67384C37E77C738F8CB4D30B5D348B774E972DF07C2D1761CD9BDCE7E","1174747","05_audit/current/85_lfnst_grid_init_physical_20261005/report_timing_summary_postsynth.rpt"
"1BFF4DE1155F86C9E634FA1AE6CADA6F310ED088D543E997D8C3532416E06485","651202","05_audit/current/85_lfnst_grid_init_physical_20261005/report_timing_worst100_postroute.rpt"
"4C823BE19273FFC5CAF85B88D55686072012E05CE01C9FCBA5945F2CE8A9A66C","636275","05_audit/current/85_lfnst_grid_init_physical_20261005/report_timing_worst100_postsynth.rpt"
"49D6EC13DE28C45424AAE126BB05D2D251A1520CCBBE23306B8967042FEC84AB","12463","05_audit/current/85_lfnst_grid_init_physical_20261005/report_utilization_postroute.rpt"
"71DC77F5EC6C18E4DD612CAD4E0755946CD62A563AD95F32AB0719CD9D27387A","10053","05_audit/current/85_lfnst_grid_init_physical_20261005/report_utilization_postsynth.rpt"
"7D3D0BACB6CCD811F6E1794E999CA6F2EEDE47802FD71EE002FC0DA5890C6351","1783","05_audit/current/85_lfnst_grid_init_physical_20261005/vivado.jou"
"61583F02BB2E4A4A95D3A7817BC202DC416D652841EE742A33DF373CACB95149","811099","05_audit/current/85_lfnst_grid_init_physical_20261005/vivado.log"
