branch,endpoint_family,path_count,tns_ns
CONTROL,u_dut/lfnst_grid_reg,221,-8.282
CONTROL,u_dut/u_unified_p4_kernel/input_mem_reg,131,-3.995
CONTROL,u_dut/kernel_h_rd_data_q_reg,59,-3.166
CONTROL,u_dut/kernel_rd_raw_data_q_reg,55,-2.634
CONTROL,u_dut/u_unified_p4_kernel/ingress_data_q_reg,44,-2.323
CONTROL,u_dut/rd_cmd_addr_q_reg,34,-1.554
CONTROL,u_dut/input_cache_bank,37,-1.147
CONTROL,u_dut/result_bank,52,-1.120
CONTROL,harness/sink_boundary,26,-1.104
TREATMENT,u_dut/lfnst_grid_reg,171,-5.525
TREATMENT,u_dut/temp_bank,156,-4.836
TREATMENT,u_dut/kernel_h_rd_data_q_reg,56,-3.304
TREATMENT,u_dut/kernel_rd_raw_data_q_reg,53,-3.152
TREATMENT,u_dut/u_unified_p4_kernel/ingress_data_q_reg,48,-2.280
TREATMENT,u_dut/lfnst_mem_resp_data_q_reg,15,-2.035
TREATMENT,u_dut/u_unified_p4_kernel/reduce_l5_q_reg,29,-1.852
TREATMENT,u_dut/kernel_h_rd_data_tail_q_reg,32,-1.017
TREATMENT,harness/sink_boundary,21,-0.956
TREATMENT,u_dut/result_bank,24,-0.928
TREATMENT,u_dut/u_unified_p4_kernel/input_mem_reg,31,-0.821
TREATMENT,u_dut/input_cache_bank,24,-0.328
