"path","bytes","host_worktree_sha256","git_blob_sha1"
"census_scripts/query_route_gates.tcl","223","802F6F8B58DFAB001E2BF2929A1EB9890253A86416C81BD810EC13CC49D6975B","c6c25065fabc76a12c81a5c914cd951fa6530b48"
"census_scripts/run_step12f_r5f_setup_census.tcl","20054","2FC2D1F89817FC86F4D6848D2AB0F3BB94CB6F94B4CCD23029BBACED4C8764F7","858a3e6ccd4d83da1ba3060342946dc78baabc73"
"census_scripts/run_step12f_r6a_setup_tail_census.tcl","995","DC38DA98D397EAAAE33EF9D02F5F039048CD60A46C9D4B37A09FACF599452C44","81b65b8d5c32e7413337ee3d3a6b2b3d7fe3827a"
"control/census/census.jou","1959","AB7784D8B2F6E060F6D998F6364F68D99028AD00ADFFB4B048F47F00753CBAE3","8cf21ae96806566e1fd2fbf22f56b7f0d603d759"
"control/census/census.log","27169","785A34EB190E3D6C7B892C7BFECB6E06F3108E891120A7A5F9825A4DA7B1A871","96467c4bd9a301ccbd5e0c58869cfa010d1cb98c"
"control/census/check_timing_read_only.rpt","3586","9710512CB2233C1612F8A2ED20C27766D0AD3ED4ACD804FF621BC075AE762BF5","c97b688d32ec30feeb17af5a036c5fa43eaf632d"
"control/census/dfx_runtime.txt","113","1C116946A77D7F3F1E9D1FB2BA1738EF08F9F5C2B1178A80D0A58BE8F7CB2CA0","80b81253f7b0ff5a9ddc8e15a6449d0392f7e523"
"control/census/exceptions_read_only.rpt","1217","1B068242F63869820EB545C4EEAC218705316BC8531A4C77E66224EBAD8A8D49","c9a4e46804daf325bb368a7f61a02885fcb12bce"
"control/census/physical_region_summary.csv","259","F588F835EC09ADEFD687AA7988A3F0E3DB1B2F294A2B457863C9E29B5E1C5825","cf3e28e57de0a0c64c625e3bbe9152cfb8f4a7aa"
"control/census/r5f_census_metrics.txt","428","30FB334AA3885F08A30C7696F1CC3BDA2CB42182EE28CFB95277822DC06268F1","3099f33d8ae612b8a4711a0cdc0fe56b041aedd1"
"control/census/reset_recovery_removal_summary.txt","536","0E0DBCEFC0617D71DAE37C828AA5EFC0CEFA91DB77033FB469CDE5B5AC7DFA51","adf9248c12f645c2536d8aa6a52abbe689665790"
"control/census/reset_recovery.rpt","5103537","77C4FC90A9659ADDA8EBCEDEF224379B5E695926113B70C37E52C901A9C3007D","d155f94c18df6ce16419708a47d54ddf8d525f86"
"control/census/reset_removal.rpt","1600","7D93D00153701632223E265CF35CB3BF635904201F771B076118A0976734BE6F","2097186d98d3163a67a3eafeb64ae34b51a9f036"
"control/census/setup_bucket_summary.csv","1225","AF568210C7D79262245C3140F13D8A629BEC97B155A976902BD8CC5153DFA844","18987375c6c19eb18794ee849dd2b5a421a185cb"
"control/census/setup_endpoint_census.csv","515811","5BA1472FACCD792321D78BDAA04829513DBD3DF4A0909B38A90F0A398547D37F","d77eb448c4478ce5cc6bb97db6ccc1f41d0cf8e7"
"control/census/setup_family_summary.csv","27766","0BC51446E6DFB60DD181EBC1B47EC894CC80DDD0512615EFDBE46A6074944BB9","75e3014ba2725c397cadac9a6ed64ea44bb26e14"
"control/census/structural_signature_summary.csv","895","DACF285002B9A5AC99887896472507162C9952F2D97830AA987858EA8EF849CB","a74899d5d2a10bfcbaf8d4c5f8b46d5c8f7df58f"
"control/check_timing_postroute.rpt","3565","A1390EAA8F2205823AFD407205C82C2960CB8376AE867524C5550C43A539353B","98bce178e9819612c59d3bdfb0f934c39cb9c8dc"
"control/dfx_runtime.txt","114","E0F0B4CCB91E4042EF3635A1BAF89464348ADE56994F453BC9DD778A0CC6F06A","293ded9a1f83964741a31095d62caa4565ca3dcc"
"control/drc_postroute.rpt","46098","E2D68E0CACBF7C47018A2289A718000CF64ED835EDEC355B5070C85AA83B0AE5","2c4aa1bb99a58b8ce04d6392cee0b28c65876287"
"control/exceptions_postroute.rpt","1196","9D8047302C5974C9ACE5FD820000F9C0C9DD7911EF2E69541E8AB722C9E1DD27","4cab946693de30a669c7fb2201cca80c23cf1a71"
"control/high_fanout_postroute.rpt","20902","E43D08911A958D21386671B1559F6CB4D0149BD74C8B1FCC1B6D2A7D67C6C51B","bd6daf584cb4799940eb66784481e99c6d310891"
"control/iter_100_CongestedCLBsAndNets.txt","211","7699013BDE0EC6A8208C9350F76836488EE99B3CD3DE1AC0A745A13DE57FE7F6","910f1d1bbb0c9715b0865839abf0f6b3cd9a602c"
"control/methodology_postroute.rpt","13515","BE57FD8749195E1E4FB97AC8C8F0296219720E33DF2038C6A3F06B8071E38929","b3b82753ef18cf5edad6d1a17e9720365937b71d"
"control/power_postroute.rpt","11778","15493DDD6822EEBDE5BA31173C5C8C7DB81A24F59F1A09D1E92E49127E69F2A4","65fda95856d4a3bfc8b057f93d1429107928778f"
"control/route_status_postroute.rpt","651","628EDC26A8C2B1FB4C4914086282F3E477BA6DA21022720036A0A4F4AAA69C3D","249f13d572e04df73c872245871cc547dfcdfbfd"
"control/structural/candidate_structure_check_timing.rpt","3628","10EE7DC9E589A5AAA7DBBBFCD631664EB8E12492616BEAD1277943812551E0ED","0c1dec7774cf2e3c28a4f3938491cbf0fbf6a8db"
"control/structural/dfx_runtime.txt","114","A913B7A5516B473C08E79A4CF854B29C96165D4DC0F0189D31E560E497D34AB2","0af08f946000e01e13dac4b6779cbbf27627125b"
"control/structural/hread_address_through_ramd64e_to_response.rpt","136450","FAAD42CD59DD030C9889DC61102068BA9043070905BE7966ED27634FA4ABB924","5cb642913d7a0554263c2ee3de3b97d7e0c1a34a"
"control/structural/hread_pending_through_ramd64e.rpt","1963","70670FFF12CB0D6EDB4F506E887D76A5B685B9C852554B22FB5D71D6E4ACFCF5","177cb28935189cd10b8e458573f34067a6f1174e"
"control/structural/hread_run_through_ramd64e.rpt","1924","D01403E59ACCD0DB5AB9F0F6645C2FDABBE7A3D6C6AF034EBD6A625A7B5F0CBD","cc0077dff2888f0b088c57ffbf68a04ddbde4aa7"
"control/structural/hread_stage_through_ramd64e.rpt","1936","AFA78E2E56EC2D8F47D83AE921B3F01E7905F386AEF2BAD503D4E6DA55A108D4","c43c8b8600390524dc023ac3828d80b6949e87c4"
"control/structural/structural.jou","1963","7236F724984452983CE6EE34118155BE9D3F5447778FD26AECD3DB77CEA39DE3","9900c53eaa9ea3e64be20dc1b46cef2bc0b27b9e"
"control/structural/structural.log","14335","FFFC3CC5698299BA12F2DA23C66A7C6CD212223C5E5CDEF6FB4F02B86E02FE2A","34a3f8d1a7c8481ffd78d31502fa988a66d13c9d"
"control/timing_before_route_hold.rpt","1050050","0B3A86915F443E1C188290041020EBC04A43255FCB045F3419C8B5EE8D151716","677816061eb1e913c28cc155a03f667113303881"
"control/timing_before_route_setup.rpt","1256861","46B272F58C00362268AC42115F225CFF18D4B49C32EC641C184430338614C66C","777635c97c7bbfc1f5e4bc3ca55993258f28702b"
"control/timing_postroute_hold.rpt","1058323","C1EE2D8A33801F7C68AB45E949017D4E564DBE1A197AB5021FDEB9869AA56961","27d22029f52a56b11849ebbacd4925ef3f76bb98"
"control/timing_postroute_setup.rpt","1229808","F9784A661AF52865954B03AA9EC5BB7FF6F3A65F6F33F46E5F186AE5DAD5E5EA","1c83376d4a5f05ca39194928c52f30bfdb89b232"
"control/utilization_postroute.rpt","12445","0FB08F741760891B86FC2368D6D683A99C946DF02C722205D461BE7654F63B20","97837af2db7fe1535b5f280ba56e4be3c2440665"
"control/vivado.jou","2187","C3013511EB5172E24C9039190662743FC19C391B12063599AAB505A941D8FAD5","a62c67acdd3d009ac3b153cc27057ede3cfceaa9"
"control/vivado.log","32188","25423179E281BDE88744842A03CBA1F636871F2C4E66910A1644B08B3D30D000","5b7a9fa67e38c4280a0c94f7a55fbc84d801b997"
"control/worst100_postroute_hold.rpt","517814","A8C9ED7FC44C5BFC0B0C83AE00C2FCCACD3E12FEEEEE5CF241EEF9C8775F39EA","489c1c4d87bab2fd391e5b5ef43e0f6fa0859cd2"
"control/worst100_postroute_setup.rpt","653115","23FB567895541E0552AE34F1611743A8992B7FEC960EEA5911A8DABC83046DAE","7a5093a3c50726ae37df043c53564c67f55ed4cc"
"generate_sha256_manifest.ps1","1065","8A079D7C6B107159EB3A5CAABA936B37501E153D4A32BCB2A44C79DB9E88A23B","156dde878d834ff640c774b821b5d55cd825aac6"
"P9_LATEST_SOURCE_FIXED_PLACEMENT_ROUTER_AB.md","7210","03591A8F2A8E8897A03692FA0A35624C2F815AC5126D3C88AE3F7B757431350B","e3304314c2a3bedbe62a01a377bdcb65a213fd45"
"P9_ROUTER_AB_ENDPOINT_FAMILIES.csv","1053","67381998228435D3D231B2E625D2ED6F4B843041701BAA7966FF43BEDBE5DAFD","7b355298b64003c8becd47d9c8d2b1b75d9c7c9a"
"P9_ROUTER_AB_STATUS.json","4212","0A1527E7BB230354317C5385DE75C6E5A630BC984B33A0922BF1086DD0CE8AAD","87d0f112595e3013dfb70e706a990f5c948da5a7"
"prepare/clocks_common_postphys.rpt","1916","0A34E1519A9B31AC3FC418845769E09E010C917DB02C85BB3E66E61E46BB5CD6","a86f337d4eb84bfa14fb37f508b3a830bba1c91f"
"prepare/prepare_common_postphysopt.tcl","1336","55568D4CB6FE056D6403DE9C24FCE2FDAABA75FCFB4FAF3249A0C10F35B2EBC4","33dfa41e9d9297e989015db9e515017643c18469"
"prepare/timing_before_opt_hold.rpt","951182","B147870F962D73B211D6B342FB4700CD9B8A109232B73AC8F30247D53AB1E7E1","7290a90b3d5487eb09d5bc676a7d155014a51c7b"
"prepare/timing_before_opt_setup.rpt","1174229","B1E989D96AF1963BB877F45D83AEFF9DCADF585F0A8640F5A2F043D03D3860D2","c0b2509626c7b1cac0205e4a80a28c6635338b5f"
"prepare/timing_common_postphys_hold.rpt","1050059","249D3186DC6C39F27ACAE9E1155DBBB7BEFA8606D0ACED5FFEC7585041109A4F","dcfeccb1d7e157585b8ebe244469ccefa1bebd9a"
"prepare/timing_common_postphys_setup.rpt","1256870","37922D69C479D81B2659299FEB4DB3F21ADEF86227646619B9733B656062F27B","1625bf0014d005d06a345c7704e3548855f7c1c1"
"prepare/utilization_common_postphys.rpt","12474","8CBD3C5136D40042DD85DFF7033A41AB0888C15F95DEFA4D269BCA14BB6A9263","60595dcdf9c3e3d948ad0c1b518bf927eecb3032"
"prepare/vivado.jou","2170","10D21862F6A14154274C3D49EE65D47A2DE27B1002DAEAA9BA797137875521A5","aeb9044d774054af1c2ee0d4ed9e6f7d7547b3f4"
"prepare/vivado.log","322062","88C36B9FA799BEF957827891F128A5AFB6E6B20F77E2842AAD9FC77D0F31B7D3","c25a63867cf0e4d29c6406a6c2c8268caa72eb0d"
"route_from_common_postphysopt.tcl","2110","F5548B63AA977837D97B6DA241ED56D8F9BCC6C7CEF8DCF7315EDAEBE7978B48","79a1f1643034e13ff3d34f7de6b169fcfa0280f0"
"treatment/census/census.jou","1969","F8E8D18F01A4064646D68E6181AE1CB8B4DF638B619F6219A1FD778D826F9927","d95cdbc30e49e995647872e36a0db860fdbfa234"
"treatment/census/census.log","27189","3AB3631847537CD0AE463853E00AC036A2D3968BD9D146C20CE1D89BE8F7349E","ed7a1ff7f0c841e67219e09d78b3e85b527dcb54"
"treatment/census/check_timing_read_only.rpt","3592","9E662F5F1A85BE9AD3C7ABD8425BE304BBA0B19F092554BBD453B3AA60B0F63D","7076cc01ee44d277ac681c59de0d6ca70e0aeb1b"
"treatment/census/dfx_runtime.txt","113","1C116946A77D7F3F1E9D1FB2BA1738EF08F9F5C2B1178A80D0A58BE8F7CB2CA0","80b81253f7b0ff5a9ddc8e15a6449d0392f7e523"
"treatment/census/exceptions_read_only.rpt","1223","6650E7017CED6626C8970D7B303BAE8235F9AEE21B9D6666CBB2D3E997B8F71F","07bc5281c3f1b7c8f4f68e0c2e5a9ff14034f2f6"
"treatment/census/physical_region_summary.csv","259","4C8A339581FABEC126A7AB958DD0256BFD1D19B9347749B8A92E0B60EA5737B8","d532addb29b6c053ad876c3489de94f22cf03993"
"treatment/census/r5f_census_metrics.txt","428","14B20F159D1329B4EF39B8CD47D62D06C11D6A1EE0E2E42AD422EF61263D6022","0cbdf9382d515826894ea58a886e6587d656dcf5"
"treatment/census/reset_recovery_removal_summary.txt","538","6402AAEB6187FCD5937F3FFF4111ACE9935BD1C8B0E143582DE4EC3E6672A4D0","912b9057a35c0155b95abcc3923492298aaf119d"
"treatment/census/reset_recovery.rpt","5070267","0CC0AC76BC9329C14A89811BDE60C61BD0283D2C72606FDCFDCF4B3900E7D896","1e59948f4e8b888b8ffc209d2cd33cdc91f87f41"
"treatment/census/reset_removal.rpt","1606","68236E31C9F7F30BF340EF965BDD698E3DFDCAABD6568AFDFF64D5EC0EB9BFD4","de327e88af828a3e1707e55049a1b5d84eb63f21"
"treatment/census/setup_bucket_summary.csv","1494","95EF547FA81E0D229103E268946561B7457C5157FD5D78A0EAA545075620B3A2","4618c24e91ddfd4a3295736ede4e36fa032ef1d1"
"treatment/census/setup_endpoint_census.csv","445867","09E062F71BC7FD6D0BDBBCF70E3C333156AB76A2C46BDC448A60591F60DDD65B","64fc259e24507d0a40dc2547a48b71e0374ae0d7"
"treatment/census/setup_family_summary.csv","24806","2F92D776DD971A6D03D3C8B1689FE97D2FFE3BE3FDE176DA57B9DC55A3177599","b0e1aab06274858fc3da71c950a083046efb5e78"
"treatment/census/structural_signature_summary.csv","894","B377DF2DD0FDCE8B7D994E48C37D0122A1827FE914BCE6FF600BC51554444D40","179561555543acecd85c4bc9e1bf4341b6a27bab"
"treatment/check_timing_postroute.rpt","3571","4A52A8C1FCE46D11DE460936C5C477768A2968A79E40FD6DCDAC0BDD047D95E1","c5d5b51032d1ddfc130052e2923426e91b139d60"
"treatment/dfx_runtime.txt","114","BC8BBE5E725F6CD49F7066E08A472F9F31213FA346F54857E31F73CCD84E5E48","8214049130653211d9b1a0580a17d3ca53de0970"
"treatment/drc_postroute.rpt","46104","AE06D514849DA3C7D59256D6170FC4FFBE01CA7286CC2F0531516DC2C31B8433","3ee849eb8a7e5aef3b869222635d7f78143a1830"
"treatment/exceptions_postroute.rpt","1202","263DA630F8593F0981489B1261B4566DC1B0C1C6F34B869E89D1E933E948500A","66094a7de72cf8d11d015b6adf2dc5e84dde31f8"
"treatment/high_fanout_postroute.rpt","20908","5B734B08693FDC7F5CD865156087984A71D8A8618E8BB95184D72AC39AEB3568","5a216643af125b554bdc33897df6cffaca4f5162"
"treatment/methodology_postroute.rpt","13521","21DB29D97352B5F3D70C7F5F5F4C72999BE09C2B06529E3ACF5D793DDFC5B10F","19e6a5003e6753a4197895fb80d3463f4375768e"
"treatment/power_postroute.rpt","11862","27092261F870D43A12A7AAAC26B1E8897EC07EEE57C3A9EA8297DB24C6E37044","74ee7d373345bc6befa9a3222be7d9cf57c2254c"
"treatment/route_status_postroute.rpt","651","F6ED7945F6EA021FD9EB4AFCAB47828E502E3747F617DD51DAA369E77315E78D","20e74fa0dba143205bd6b61b53bff21aa573e691"
"treatment/structural/candidate_structure_check_timing.rpt","3634","45DBA4C06F16074CCE4DDFAF3DF84FADF4D91855DF8D826FFB1DAD30E6E43169","d40ee47adf04b55434350fb087e73ae9cab12399"
"treatment/structural/dfx_runtime.txt","114","A913B7A5516B473C08E79A4CF854B29C96165D4DC0F0189D31E560E497D34AB2","0af08f946000e01e13dac4b6779cbbf27627125b"
"treatment/structural/hread_address_through_ramd64e_to_response.rpt","136160","83C8D4F24574F1C44BEFE11204729B8BED1020AFF07C548DAFDC621CE18EB8AF","f3cdc80f47619ed5710afdb9a234376a6195889b"
"treatment/structural/hread_pending_through_ramd64e.rpt","1969","DA2D66F708FC4ACAA18A7ACB9CC29925BF16971C0B745DC9C6E3295B76480FF0","a6791d879978af84f14a671d127ec954beb79325"
"treatment/structural/hread_run_through_ramd64e.rpt","1930","305A5D21137AF7E1CC7B21128E4B8BA535F0B7425EDC0243CA155DC55BBD6F78","1b11c4af613e601dae78b80caa95dab824a5d5f0"
"treatment/structural/hread_stage_through_ramd64e.rpt","1942","2A256C0B0D58AE3CC311F47F540243CDB8EDF1C4DFF1076A1910D0E82421E191","ed7c06a640069a979b07e72bf69fecf95c2ccdd5"
"treatment/structural/structural.jou","1972","7B016AB55D2027CE575303988A17014BC3A6CA751C9937C320EDA6EA7F0E405C","f42bf993594f4544749f211e6c3f84dee121b9cf"
"treatment/structural/structural.log","14354","39756E77FA9E822089F7E090085285BC2C58E71AA2B7567EF22537E056804524","e56e3d3d89390c0c861268c8fe3a536bb9e33e4c"
"treatment/timing_before_route_hold.rpt","1050056","7EA1BC077743E3D50A6384DB59EC00C089AF3515BF988D99B322EE9A3426AC45","a71fe47f887d408eda572f3aefa4c13d47733188"
"treatment/timing_before_route_setup.rpt","1256867","DC7A504A8106F4CC10F2554C43236BA6B7CFD9DEA428AE2359BA75BCAC494DD1","05133905eaa18c4949ea933f3bedfe0df8e73bdb"
"treatment/timing_postroute_hold.rpt","1059577","449C92F0697893EF60A29FC8DF5C84F22496B36603216E1C9AD4F1755CA52F21","596e219a46e55c8611362658c7a914663d0fc848"
"treatment/timing_postroute_setup.rpt","1242961","3FB48E1A5E77D9F6C6981A05BE58F7B4D6A283E10E6FD300B08E657A3F92FC54","bb5b673c3a4922c8736a4c4f61d4390c1a017bf7"
"treatment/utilization_postroute.rpt","12451","AFC7D13796A97ECB4A03282ABA9A6B172D173EBF423F94F7D27D7CFF349DA6EB","031e4866bf9d48ee138674b394f46b6570dc5c85"
"treatment/vivado.jou","2200","EF4ECD426AF7781FE11B0908D527F8E95E8C76B78251F6E7FB2186BAD99AF13D","0096c3b254128ee94ce0c7a38e9aec189290d416"
"treatment/vivado.log","29962","FD0BC0E7A40B39D976D7724B9DD48143120BDBBB67EFB71F5FB8D39ADB6DB4DD","624dbd954826e49fc701890605f8622d065f694f"
"treatment/worst100_postroute_hold.rpt","519363","BFE0FC0158BA8C53B4EDE90C26A7095EEFC45AF074FF44DA8691A74E04DFA4C7","92b1f493576277b6bfb96a8e6edca780dbbba749"
"treatment/worst100_postroute_setup.rpt","669792","A689084DF9C2C3A4D9B2078DD544871453FEE4B2B0698EBE9036833E847A644C","c1fd8b3d385fcae16cc82d512b16bd12e670fc2c"
