index,category,slack_ns,datapath_delay_ns,logic_delay_ns,route_delay_ns,logic_levels,startpoint,endpoint,start_cell,start_loc,end_cell,end_loc,start_net_fanout
0,A_staging_response,-0.037000,1.922000,0.458000,1.464000,"5","u_dut/stage_bank_addr0_reg[2]_rep__0/C","u_dut/stage_rsp_data1_q_reg[15]/D","u_dut/stage_bank_addr0_reg[2]_rep__0","SLICE_X69Y50","u_dut/stage_rsp_data1_q_reg[15]","SLICE_X72Y41","144"
1,B_staging_capture,-0.035000,1.936000,0.526000,1.410000,"3","u_dut/stage_rsp_tag1_q_reg[3]/C","u_dut/stage_b_reg[37][12]/D","u_dut/stage_rsp_tag1_q_reg[3]","SLICE_X76Y55","u_dut/stage_b_reg[37][12]","SLICE_X86Y23","32"
2,C_result_write,-0.030000,1.854000,0.383000,1.471000,"5","u_dut/frozen_r4c/output_bank_reg[1]_rep__5/C","u_dut/result_mem_reg_832_895_14_20/RAMG/I","u_dut/frozen_r4c/output_bank_reg[1]_rep__5","SLICE_X78Y90","u_dut/result_mem_reg_832_895_14_20/RAMG","SLICE_X81Y89","122"
3,C_result_write,-0.029000,1.863000,0.388000,1.475000,"5","u_dut/frozen_r4c/output_bank_reg[0]_rep__6/C","u_dut/result_mem_reg_192_255_28_34/RAMA/I","u_dut/frozen_r4c/output_bank_reg[0]_rep__6","SLICE_X73Y84","u_dut/result_mem_reg_192_255_28_34/RAMA","SLICE_X75Y94","122"
4,A_staging_response,-0.027000,1.823000,0.299000,1.524000,"5","u_dut/stage_bank_addr3_reg[5]_rep__4/C","u_dut/stage_rsp_data3_q_reg[1]/D","u_dut/stage_bank_addr3_reg[5]_rep__4","SLICE_X75Y60","u_dut/stage_rsp_data3_q_reg[1]","SLICE_X76Y58","112"
5,C_result_write,-0.026000,1.871000,0.388000,1.483000,"5","u_dut/frozen_r4c/output_bank_reg[0]_rep__6/C","u_dut/result_mem_reg_128_191_28_34/RAMA/I","u_dut/frozen_r4c/output_bank_reg[0]_rep__6","SLICE_X73Y84","u_dut/result_mem_reg_128_191_28_34/RAMA","SLICE_X74Y99","122"
6,A_staging_response,-0.025000,1.919000,0.466000,1.453000,"5","u_dut/stage_bank_addr0_reg[2]_rep__7/C","u_dut/stage_rsp_data0_q_reg[6]/D","u_dut/stage_bank_addr0_reg[2]_rep__7","SLICE_X59Y41","u_dut/stage_rsp_data0_q_reg[6]","SLICE_X68Y28","112"
7,D_r4c_or_launch,-0.020000,1.869000,0.131000,1.738000,"1","u_dut/frozen_r4c/sched_bank_reg_reg[0]_rep/C","u_dut/frozen_r4c/operand_x_reg_reg[54][8]/D","u_dut/frozen_r4c/sched_bank_reg_reg[0]_rep","SLICE_X70Y11","u_dut/frozen_r4c/operand_x_reg_reg[54][8]","SLICE_X90Y24","163"
8,C_result_write,-0.019000,1.864000,0.388000,1.476000,"5","u_dut/frozen_r4c/output_bank_reg[0]_rep__6/C","u_dut/result_mem_reg_704_767_28_34/RAMA/I","u_dut/frozen_r4c/output_bank_reg[0]_rep__6","SLICE_X73Y84","u_dut/result_mem_reg_704_767_28_34/RAMA","SLICE_X74Y100","122"
9,A_staging_response,-0.018000,1.789000,0.453000,1.336000,"4","u_dut/stage_bank_addr0_reg[1]_rep__32/C","u_dut/stage_rsp_tag2_q_reg[0]/D","u_dut/stage_bank_addr0_reg[1]_rep__32","SLICE_X67Y70","u_dut/stage_rsp_tag2_q_reg[0]","SLICE_X77Y44","112"
10,D_r4c_or_launch,-0.018000,1.797000,0.203000,1.594000,"1","u_dut/frozen_r4c/sched_bank_reg_reg[0]_rep/C","u_dut/frozen_r4c/operand_x_reg_reg[38][11]/D","u_dut/frozen_r4c/sched_bank_reg_reg[0]_rep","SLICE_X70Y11","u_dut/frozen_r4c/operand_x_reg_reg[38][11]","SLICE_X88Y22","163"
11,C_result_write,-0.016000,1.843000,0.383000,1.460000,"5","u_dut/frozen_r4c/output_bank_reg[1]_rep__5/C","u_dut/result_mem_reg_256_319_14_20/RAMG/I","u_dut/frozen_r4c/output_bank_reg[1]_rep__5","SLICE_X78Y90","u_dut/result_mem_reg_256_319_14_20/RAMG","SLICE_X81Y87","122"
12,C_result_write,-0.016000,1.856000,0.388000,1.468000,"5","u_dut/frozen_r4c/output_bank_reg[0]_rep__6/C","u_dut/result_mem_reg_320_383_28_34/RAMA/I","u_dut/frozen_r4c/output_bank_reg[0]_rep__6","SLICE_X73Y84","u_dut/result_mem_reg_320_383_28_34/RAMA","SLICE_X74Y96","122"
13,C_result_write,-0.016000,1.850000,0.388000,1.462000,"5","u_dut/frozen_r4c/output_bank_reg[0]_rep__6/C","u_dut/result_mem_reg_64_127_28_34/RAMA/I","u_dut/frozen_r4c/output_bank_reg[0]_rep__6","SLICE_X73Y84","u_dut/result_mem_reg_64_127_28_34/RAMA","SLICE_X75Y95","122"
14,B_staging_capture,-0.015000,1.860000,0.364000,1.496000,"3","u_dut/stage_rsp_tag1_q_reg[7]/C","u_dut/stage_b_reg[13][13]/D","u_dut/stage_rsp_tag1_q_reg[7]","SLICE_X71Y48","u_dut/stage_b_reg[13][13]","SLICE_X82Y26","32"
15,A_staging_response,-0.014000,1.866000,0.496000,1.370000,"5","u_dut/stage_bank_addr0_reg[0]_rep__17/C","u_dut/stage_rsp_data2_q_reg[5]/D","u_dut/stage_bank_addr0_reg[0]_rep__17","SLICE_X68Y29","u_dut/stage_rsp_data2_q_reg[5]","SLICE_X78Y31","112"
16,A_staging_response,-0.014000,1.933000,0.507000,1.426000,"5","u_dut/stage_bank_addr0_reg[1]_rep__22/C","u_dut/stage_rsp_data3_q_reg[8]/D","u_dut/stage_bank_addr0_reg[1]_rep__22","SLICE_X84Y34","u_dut/stage_rsp_data3_q_reg[8]","SLICE_X78Y40","112"
17,B_staging_capture,-0.014000,1.884000,0.277000,1.607000,"3","u_dut/stage_rsp_tag3_q_reg[7]/C","u_dut/stage_a_reg[62][13]/D","u_dut/stage_rsp_tag3_q_reg[7]","SLICE_X70Y54","u_dut/stage_a_reg[62][13]","SLICE_X84Y27","32"
18,D_r4c_or_launch,-0.014000,1.793000,0.129000,1.664000,"1","u_dut/frozen_r4c/sched_bank_reg_reg[0]_rep/C","u_dut/frozen_r4c/operand_x_reg_reg[21][0]/D","u_dut/frozen_r4c/sched_bank_reg_reg[0]_rep","SLICE_X70Y11","u_dut/frozen_r4c/operand_x_reg_reg[21][0]","SLICE_X88Y15","163"
19,A_staging_response,-0.013000,1.773000,0.503000,1.270000,"4","u_dut/stage_bank_addr0_reg[1]_rep__32/C","u_dut/stage_rsp_tag2_q_reg[1]/D","u_dut/stage_bank_addr0_reg[1]_rep__32","SLICE_X67Y70","u_dut/stage_rsp_tag2_q_reg[1]","SLICE_X76Y42","112"
20,D_r4c_or_launch,-0.012000,1.729000,0.212000,1.517000,"3","u_dut/phase_reg[0]/C","u_dut/frozen_r4c/r4a_vector_buf_b_reg[0][31][10]/CE","u_dut/phase_reg[0]","SLICE_X72Y60","u_dut/frozen_r4c/r4a_vector_buf_b_reg[0][31][10]","SLICE_X74Y13","1024"
21,D_r4c_or_launch,-0.012000,1.729000,0.212000,1.517000,"3","u_dut/phase_reg[0]/C","u_dut/frozen_r4c/r4a_vector_buf_b_reg[0][44][10]/CE","u_dut/phase_reg[0]","SLICE_X72Y60","u_dut/frozen_r4c/r4a_vector_buf_b_reg[0][44][10]","SLICE_X74Y13","1024"
22,D_r4c_or_launch,-0.012000,1.729000,0.212000,1.517000,"3","u_dut/phase_reg[0]/C","u_dut/frozen_r4c/r4a_vector_buf_b_reg[0][57][7]/CE","u_dut/phase_reg[0]","SLICE_X72Y60","u_dut/frozen_r4c/r4a_vector_buf_b_reg[0][57][7]","SLICE_X74Y13","1024"
23,D_r4c_or_launch,-0.012000,1.729000,0.212000,1.517000,"3","u_dut/phase_reg[0]/C","u_dut/frozen_r4c/r4a_vector_buf_b_reg[0][61][7]/CE","u_dut/phase_reg[0]","SLICE_X72Y60","u_dut/frozen_r4c/r4a_vector_buf_b_reg[0][61][7]","SLICE_X74Y13","1024"
24,A_staging_response,-0.012000,1.828000,0.482000,1.346000,"5","u_dut/stage_bank_addr0_reg[2]_rep__25/C","u_dut/stage_rsp_data3_q_reg[4]/D","u_dut/stage_bank_addr0_reg[2]_rep__25","SLICE_X79Y67","u_dut/stage_rsp_data3_q_reg[4]","SLICE_X77Y56","112"
25,B_staging_capture,-0.011000,1.907000,0.526000,1.381000,"3","u_dut/stage_rsp_tag1_q_reg[3]/C","u_dut/stage_b_reg[21][12]/D","u_dut/stage_rsp_tag1_q_reg[3]","SLICE_X76Y55","u_dut/stage_b_reg[21][12]","SLICE_X85Y21","32"
26,D_r4c_or_launch,-0.010000,1.862000,0.202000,1.660000,"1","u_dut/frozen_r4c/sched_bank_reg_reg[0]_rep/C","u_dut/frozen_r4c/operand_x_reg_reg[38][6]/D","u_dut/frozen_r4c/sched_bank_reg_reg[0]_rep","SLICE_X70Y11","u_dut/frozen_r4c/operand_x_reg_reg[38][6]","SLICE_X90Y22","163"
27,C_result_write,-0.010000,1.846000,0.388000,1.458000,"5","u_dut/frozen_r4c/output_bank_reg[0]_rep__6/C","u_dut/result_mem_reg_448_511_28_34/RAMA/I","u_dut/frozen_r4c/output_bank_reg[0]_rep__6","SLICE_X73Y84","u_dut/result_mem_reg_448_511_28_34/RAMA","SLICE_X75Y97","122"
28,F_v_write,-0.009000,1.926000,0.499000,1.427000,"6","u_dut/frozen_r4c/output_bank_reg[1]_rep__7/C","u_dut/v_wr_data0_q_reg[2]/D","u_dut/frozen_r4c/output_bank_reg[1]_rep__7","SLICE_X84Y87","u_dut/v_wr_data0_q_reg[2]","SLICE_X73Y88","122"
29,D_r4c_or_launch,-0.009000,1.894000,0.204000,1.690000,"1","u_dut/frozen_r4c/sched_bank_reg_reg[0]_rep/C","u_dut/frozen_r4c/operand_x_reg_reg[38][4]/D","u_dut/frozen_r4c/sched_bank_reg_reg[0]_rep","SLICE_X70Y11","u_dut/frozen_r4c/operand_x_reg_reg[38][4]","SLICE_X90Y20","163"
30,D_r4c_or_launch,-0.009000,1.855000,0.203000,1.652000,"1","u_dut/frozen_r4c/sched_bank_reg_reg[0]_rep/C","u_dut/frozen_r4c/operand_x_reg_reg[54][14]/D","u_dut/frozen_r4c/sched_bank_reg_reg[0]_rep","SLICE_X70Y11","u_dut/frozen_r4c/operand_x_reg_reg[54][14]","SLICE_X91Y21","163"
31,D_r4c_or_launch,-0.008000,1.791000,0.167000,1.624000,"1","u_dut/frozen_r4c/sched_bank_reg_reg[0]_rep/C","u_dut/frozen_r4c/operand_x_reg_reg[21][1]/D","u_dut/frozen_r4c/sched_bank_reg_reg[0]_rep","SLICE_X70Y11","u_dut/frozen_r4c/operand_x_reg_reg[21][1]","SLICE_X88Y16","163"
32,D_r4c_or_launch,-0.008000,1.809000,0.168000,1.641000,"1","u_dut/frozen_r4c/sched_src_sel_reg_reg[0][0]_rep__2/C","u_dut/frozen_r4c/operand_x_reg_reg[16][14]/D","u_dut/frozen_r4c/sched_src_sel_reg_reg[0][0]_rep__2","SLICE_X75Y8","u_dut/frozen_r4c/operand_x_reg_reg[16][14]","SLICE_X84Y12","128"
33,C_result_write,-0.007000,1.849000,0.388000,1.461000,"5","u_dut/frozen_r4c/output_bank_reg[0]_rep__6/C","u_dut/result_mem_reg_640_703_28_34/RAMA/I","u_dut/frozen_r4c/output_bank_reg[0]_rep__6","SLICE_X73Y84","u_dut/result_mem_reg_640_703_28_34/RAMA","SLICE_X75Y101","122"
34,F_v_write,-0.007000,1.916000,0.392000,1.524000,"6","u_dut/frozen_r4c/output_bank_reg[0]_rep__0/C","u_dut/v_wr_data1_q_reg[13]/D","u_dut/frozen_r4c/output_bank_reg[0]_rep__0","SLICE_X80Y96","u_dut/v_wr_data1_q_reg[13]","SLICE_X81Y100","92"
35,D_r4c_or_launch,-0.007000,1.886000,0.204000,1.682000,"1","u_dut/frozen_r4c/sched_bank_reg_reg[0]_rep/C","u_dut/frozen_r4c/operand_x_reg_reg[38][7]/D","u_dut/frozen_r4c/sched_bank_reg_reg[0]_rep","SLICE_X70Y11","u_dut/frozen_r4c/operand_x_reg_reg[38][7]","SLICE_X90Y25","163"
36,D_r4c_or_launch,-0.007000,1.872000,0.175000,1.697000,"1","u_dut/frozen_r4c/sched_src_sel_reg_reg[0][0]_rep__2/C","u_dut/frozen_r4c/operand_x_reg_reg[5][15]/D","u_dut/frozen_r4c/sched_src_sel_reg_reg[0][0]_rep__2","SLICE_X75Y8","u_dut/frozen_r4c/operand_x_reg_reg[5][15]","SLICE_X94Y17","128"
37,D_r4c_or_launch,-0.006000,1.812000,0.342000,1.470000,"2","u_dut/frozen_r4c/sched_bank_reg_reg[0]_rep__5/C","u_dut/frozen_r4c/operand_x_reg_reg[46][14]/D","u_dut/frozen_r4c/sched_bank_reg_reg[0]_rep__5","SLICE_X75Y14","u_dut/frozen_r4c/operand_x_reg_reg[46][14]","SLICE_X87Y12","117"
38,D_r4c_or_launch,-0.006000,1.743000,0.212000,1.531000,"3","u_dut/phase_reg[0]/C","u_dut/frozen_r4c/r4a_vector_buf_b_reg[0][63][3]/CE","u_dut/phase_reg[0]","SLICE_X72Y60","u_dut/frozen_r4c/r4a_vector_buf_b_reg[0][63][3]","SLICE_X71Y3","1024"
39,A_staging_response,-0.006000,1.811000,0.369000,1.442000,"4","u_dut/stage_bank_addr1_reg[4]_rep__15/C","u_dut/stage_rsp_tag3_q_reg[4]/D","u_dut/stage_bank_addr1_reg[4]_rep__15","SLICE_X72Y65","u_dut/stage_rsp_tag3_q_reg[4]","SLICE_X73Y42","112"
40,D_r4c_or_launch,-0.005000,1.888000,0.478000,1.410000,"4","u_dut/frozen_r4c/red_s0_data_reg[8][3]/C","u_dut/frozen_r4c/red_s1_data_reg[2][12]/D","u_dut/frozen_r4c/red_s0_data_reg[8][3]","SLICE_X74Y25","u_dut/frozen_r4c/red_s1_data_reg[2][12]","SLICE_X89Y50","3"
41,C_result_write,-0.005000,1.851000,0.388000,1.463000,"5","u_dut/frozen_r4c/output_bank_reg[0]_rep__6/C","u_dut/result_mem_reg_960_1023_28_34/RAMA/I","u_dut/frozen_r4c/output_bank_reg[0]_rep__6","SLICE_X73Y84","u_dut/result_mem_reg_960_1023_28_34/RAMA","SLICE_X74Y101","122"
42,F_v_write,-0.004000,1.921000,0.498000,1.423000,"6","u_dut/frozen_r4c/output_bank_reg[1]_rep__7/C","u_dut/v_wr_data3_q_reg[2]/D","u_dut/frozen_r4c/output_bank_reg[1]_rep__7","SLICE_X84Y87","u_dut/v_wr_data3_q_reg[2]","SLICE_X73Y88","122"
43,D_r4c_or_launch,-0.004000,1.738000,0.212000,1.526000,"3","u_dut/phase_reg[0]/C","u_dut/frozen_r4c/r4a_vector_buf_b_reg[0][28][9]/CE","u_dut/phase_reg[0]","SLICE_X72Y60","u_dut/frozen_r4c/r4a_vector_buf_b_reg[0][28][9]","SLICE_X72Y3","1024"
44,D_r4c_or_launch,-0.004000,1.738000,0.212000,1.526000,"3","u_dut/phase_reg[0]/C","u_dut/frozen_r4c/r4a_vector_buf_b_reg[0][40][15]/CE","u_dut/phase_reg[0]","SLICE_X72Y60","u_dut/frozen_r4c/r4a_vector_buf_b_reg[0][40][15]","SLICE_X72Y3","1024"
45,D_r4c_or_launch,-0.004000,1.738000,0.212000,1.526000,"3","u_dut/phase_reg[0]/C","u_dut/frozen_r4c/r4a_vector_buf_b_reg[0][40][9]/CE","u_dut/phase_reg[0]","SLICE_X72Y60","u_dut/frozen_r4c/r4a_vector_buf_b_reg[0][40][9]","SLICE_X72Y3","1024"
46,C_result_write,-0.004000,1.859000,0.409000,1.450000,"5","u_dut/frozen_r4c/output_bank_reg[1]_rep__7/C","u_dut/result_mem_reg_448_511_7_13/RAMF/I","u_dut/frozen_r4c/output_bank_reg[1]_rep__7","SLICE_X84Y87","u_dut/result_mem_reg_448_511_7_13/RAMF","SLICE_X74Y89","122"
47,D_r4c_or_launch,-0.002000,1.850000,0.169000,1.681000,"1","u_dut/frozen_r4c/sched_bank_reg_reg[0]_rep/C","u_dut/frozen_r4c/operand_x_reg_reg[6][7]/D","u_dut/frozen_r4c/sched_bank_reg_reg[0]_rep","SLICE_X70Y11","u_dut/frozen_r4c/operand_x_reg_reg[6][7]","SLICE_X90Y20","163"
48,C_result_write,-0.002000,1.849000,0.471000,1.378000,"4","u_dut/frozen_r4c/stage16_mem_reg[1][26][9]/C","u_dut/result_mem_reg_512_575_28_34/RAMB/I","u_dut/frozen_r4c/stage16_mem_reg[1][26][9]","SLICE_X83Y84","u_dut/result_mem_reg_512_575_28_34/RAMB","SLICE_X79Y97","16"
49,A_staging_response,-0.002000,1.800000,0.430000,1.370000,"4","u_dut/stage_bank_addr1_reg[4]_rep__15/C","u_dut/stage_rsp_tag3_q_reg[2]/D","u_dut/stage_bank_addr1_reg[4]_rep__15","SLICE_X72Y65","u_dut/stage_rsp_tag3_q_reg[2]","SLICE_X76Y44","112"
50,D_r4c_or_launch,-0.001000,1.846000,0.177000,1.669000,"1","u_dut/frozen_r4c/sched_bank_reg_reg[0]_rep/C","u_dut/frozen_r4c/operand_x_reg_reg[54][7]/D","u_dut/frozen_r4c/sched_bank_reg_reg[0]_rep","SLICE_X70Y11","u_dut/frozen_r4c/operand_x_reg_reg[54][7]","SLICE_X90Y23","163"
51,A_staging_response,-0.001000,1.922000,0.464000,1.458000,"5","u_dut/stage_bank_addr0_reg[0]_rep__12/C","u_dut/stage_rsp_data1_q_reg[10]/D","u_dut/stage_bank_addr0_reg[0]_rep__12","SLICE_X71Y28","u_dut/stage_rsp_data1_q_reg[10]","SLICE_X76Y28","112"
52,D_r4c_or_launch,-0.001000,1.886000,0.202000,1.684000,"1","u_dut/frozen_r4c/sched_bank_reg_reg[0]_rep/C","u_dut/frozen_r4c/operand_x_reg_reg[38][10]/D","u_dut/frozen_r4c/sched_bank_reg_reg[0]_rep","SLICE_X70Y11","u_dut/frozen_r4c/operand_x_reg_reg[38][10]","SLICE_X90Y19","163"
